transaction_id,timestamp,sender_id,receiver_id,amount,merchant_category,transaction_type,location,device_type,upi_channel,is_fraud_simulated,fraud_pattern
TXN07987,2026-01-01 06:02:34,USR00351,USR00183,379.94,Utilities,P2P,Ahmedabad,Web,AmazonPay,0,
TXN06943,2026-01-01 06:04:04,USR00469,USR00308,783.89,Shopping,P2P,Mumbai,iPhone,GPay,0,
TXN07981,2026-01-01 06:11:15,USR00094,USR00185,3470.06,Education,P2P,Pune,Web,GPay,0,
TXN06002,2026-01-01 06:31:16,USR00065,USR00041,427.36,Grocery,P2M,Pune,Android_Phone,PhonePe,0,
TXN06794,2026-01-01 07:07:00,USR00276,USR00121,2114.51,Rent,P2P,Bengaluru,Web,Paytm,0,
TXN02213,2026-01-01 07:08:26,USR00364,USR00099,16629.73,Healthcare,P2M,Lucknow,Web,Paytm,0,
TXN09478,2026-01-01 07:17:24,USR00354,USR00012,3160.24,Food Delivery,P2P,Ahmedabad,Tablet,Paytm,1,new_location
TXN09647,2026-01-01 07:25:12,USR00325,USR00463,641.96,Fuel,P2M,Nagpur,Android_Phone,PhonePe,1,rapid_burst
TXN03233,2026-01-01 07:34:58,USR00418,USR00190,2184.93,Utilities,P2P,Kolkata,Web,BHIM,0,
TXN05038,2026-01-01 07:40:09,USR00092,USR00484,9710.25,P2P Transfer,P2P,Bengaluru,Android_Phone,Paytm,0,
TXN02119,2026-01-01 07:43:52,USR00202,USR00271,15248.02,Fuel,P2P,Mumbai,Tablet,Paytm,0,
TXN03268,2026-01-01 07:51:19,USR00266,USR00079,16315.87,Utilities,P2P,Lucknow,iPhone,PhonePe,0,
TXN03623,2026-01-01 07:53:37,USR00486,USR00163,131.79,P2P Transfer,P2P,Pune,Android_Phone,Paytm,0,
TXN08174,2026-01-01 07:57:26,USR00422,USR00184,865.78,Travel,P2P,Ahmedabad,Web,PhonePe,0,
TXN06577,2026-01-01 08:00:21,USR00003,USR00022,3407.45,Education,P2P,Lucknow,Web,AmazonPay,0,
TXN03462,2026-01-01 08:02:48,USR00063,USR00485,7523.1,P2P Transfer,P2M,Bengaluru,Android_Phone,Paytm,0,
TXN02319,2026-01-01 08:20:40,USR00096,USR00106,2014.34,Fuel,P2P,Delhi,iPhone,Paytm,0,
TXN09477,2026-01-01 08:21:50,USR00290,USR00428,813.73,Food Delivery,P2M,Ahmedabad,Web,GPay,1,"high_amount,new_device"
TXN08685,2026-01-01 08:32:34,USR00136,USR00093,362.93,Entertainment,P2M,Nagpur,Tablet,BHIM,0,
TXN07353,2026-01-01 08:38:44,USR00149,USR00066,874.47,Grocery,P2P,Jaipur,iPhone,GPay,0,
TXN05222,2026-01-01 08:51:19,USR00409,USR00479,250.27,Grocery,P2P,Delhi,Android_Phone,BHIM,0,
TXN05963,2026-01-01 08:57:28,USR00363,USR00371,1416.66,Travel,P2M,Hyderabad,Android_Phone,AmazonPay,0,
TXN02632,2026-01-01 09:10:15,USR00105,USR00188,245.71,Food Delivery,P2P,Delhi,iPhone,Paytm,0,
TXN04269,2026-01-01 09:53:00,USR00499,USR00195,426.24,Rent,P2M,Surat,Tablet,BHIM,0,
TXN06914,2026-01-01 09:54:37,USR00064,USR00397,753.83,Grocery,P2P,Lucknow,Tablet,BHIM,0,
TXN09386,2026-01-01 09:59:59,USR00375,USR00367,3081.93,Fuel,P2P,Bengaluru,iPhone,PhonePe,0,
TXN02490,2026-01-01 10:03:01,USR00389,USR00261,115.93,Travel,P2M,Mumbai,iPhone,GPay,0,
TXN03919,2026-01-01 10:03:43,USR00437,USR00395,724.3,Rent,P2P,Pune,iPhone,Paytm,0,
TXN03363,2026-01-01 10:08:49,USR00414,USR00096,8339.54,Healthcare,P2P,Hyderabad,Tablet,BHIM,0,
TXN05470,2026-01-01 10:15:14,USR00441,USR00289,56.58,Entertainment,P2M,Chennai,Android_Phone,PhonePe,0,
TXN04971,2026-01-01 10:19:59,USR00135,USR00375,317.31,Food Delivery,P2P,Chennai,Android_Phone,GPay,0,
TXN02522,2026-01-01 10:23:31,USR00170,USR00315,10603.71,Entertainment,P2M,Bengaluru,Web,AmazonPay,0,
TXN05957,2026-01-01 10:28:24,USR00150,USR00481,357.69,Travel,P2P,Chennai,iPhone,AmazonPay,0,
TXN01621,2026-01-01 10:30:12,USR00290,USR00428,61.46,Food Delivery,P2M,Ahmedabad,Tablet,GPay,0,
TXN06336,2026-01-01 10:41:14,USR00156,USR00416,8461.84,Rent,P2P,Pune,Tablet,AmazonPay,0,
TXN07785,2026-01-01 10:57:50,USR00363,USR00101,2105.35,Shopping,P2P,Hyderabad,Android_Phone,AmazonPay,0,
TXN09920,2026-01-01 10:58:26,USR00020,USR00031,3873.46,Grocery,P2M,Lucknow,Android_Phone,BHIM,1,high_amount
TXN09567,2026-01-01 11:02:45,USR00224,USR00352,247.13,Travel,P2P,Mumbai,Web,Paytm,1,"rapid_burst,new_receiver"
TXN01518,2026-01-01 11:04:10,USR00469,USR00429,585.39,Entertainment,P2M,Mumbai,iPhone,GPay,0,
TXN02327,2026-01-01 11:04:12,USR00494,USR00378,9524.54,Rent,P2P,Bengaluru,iPhone,AmazonPay,0,
TXN09227,2026-01-01 11:04:26,USR00387,USR00113,1711.34,Entertainment,P2M,Delhi,Tablet,Paytm,0,
TXN05456,2026-01-01 11:06:17,USR00379,USR00103,228.37,Food Delivery,P2P,Pune,Android_Phone,AmazonPay,0,
TXN00573,2026-01-01 11:09:49,USR00467,USR00255,6037.97,Shopping,P2M,Mumbai,Web,GPay,0,
TXN04903,2026-01-01 11:18:02,USR00138,USR00188,16661.81,Rent,P2P,Surat,Android_Phone,BHIM,0,
TXN04703,2026-01-01 11:31:53,USR00291,USR00283,9127.84,Education,P2P,Lucknow,Tablet,BHIM,0,
TXN07838,2026-01-01 11:40:35,USR00242,USR00352,11434.05,Utilities,P2P,Kolkata,Android_Phone,Paytm,0,
TXN02092,2026-01-01 11:40:48,USR00182,USR00067,2079.0,Travel,P2M,Delhi,Tablet,BHIM,0,
TXN03899,2026-01-01 11:56:59,USR00184,USR00478,12560.04,Entertainment,P2P,Jaipur,Android_Phone,GPay,0,
TXN02991,2026-01-01 12:08:20,USR00222,USR00053,99.29,Shopping,P2M,Chennai,iPhone,Paytm,0,
TXN04316,2026-01-01 12:12:35,USR00469,USR00471,594.09,Fuel,P2M,Mumbai,iPhone,GPay,0,
TXN02784,2026-01-01 12:19:15,USR00387,USR00113,1295.59,Education,P2M,Delhi,Tablet,Paytm,0,
TXN06764,2026-01-01 12:32:44,USR00005,USR00189,6450.65,Entertainment,P2P,Surat,Tablet,Paytm,0,
TXN05340,2026-01-01 12:34:40,USR00037,USR00280,629.0,Education,P2M,Lucknow,iPhone,Paytm,0,
TXN06075,2026-01-01 12:40:09,USR00342,USR00364,729.31,Grocery,P2P,Nagpur,Web,PhonePe,0,
TXN00381,2026-01-01 12:40:14,USR00253,USR00488,230.05,Education,P2P,Hyderabad,Android_Phone,PhonePe,0,
TXN08076,2026-01-01 12:40:34,USR00457,USR00305,8126.65,Travel,P2M,Lucknow,Web,GPay,0,
TXN08109,2026-01-01 12:56:01,USR00071,USR00082,147.5,Utilities,P2P,Surat,Web,Paytm,0,
TXN04067,2026-01-01 12:59:44,USR00267,USR00135,464.01,Education,P2P,Hyderabad,Tablet,Paytm,0,
TXN02013,2026-01-01 13:23:52,USR00468,USR00125,7291.67,Fuel,P2M,Delhi,Tablet,AmazonPay,0,
TXN05992,2026-01-01 13:43:49,USR00058,USR00188,9513.84,Fuel,P2P,Hyderabad,iPhone,AmazonPay,0,
TXN05227,2026-01-01 13:43:53,USR00427,USR00326,578.32,Rent,P2M,Jaipur,Web,AmazonPay,0,
TXN02035,2026-01-01 13:54:36,USR00222,USR00247,152.73,Utilities,P2M,Chennai,iPhone,Paytm,0,
TXN01938,2026-01-01 14:21:11,USR00243,USR00026,10692.55,Grocery,P2M,Chennai,Android_Phone,Paytm,0,
TXN04911,2026-01-01 14:37:34,USR00194,USR00300,5020.71,Grocery,P2M,Delhi,Android_Phone,AmazonPay,0,
TXN02043,2026-01-01 14:39:11,USR00294,USR00166,438.06,Food Delivery,P2P,Delhi,Android_Phone,Paytm,0,
TXN01131,2026-01-01 14:39:53,USR00294,USR00166,432.63,Grocery,P2P,Delhi,Android_Phone,Paytm,0,
TXN02906,2026-01-01 15:00:03,USR00220,USR00340,99.77,Travel,P2M,Delhi,Android_Phone,PhonePe,0,
TXN09841,2026-01-01 15:06:08,USR00168,USR00478,445.29,Healthcare,P2P,Chennai,Android_Phone,Paytm,1,new_device
TXN01822,2026-01-01 15:08:23,USR00076,USR00404,2938.8,Fuel,P2M,Delhi,iPhone,Paytm,0,
TXN00969,2026-01-01 15:20:04,USR00084,USR00073,2399.63,Utilities,P2M,Ahmedabad,iPhone,Paytm,0,
TXN01752,2026-01-01 15:24:07,USR00040,USR00322,2921.29,Healthcare,P2P,Ahmedabad,Android_Phone,BHIM,0,
TXN07055,2026-01-01 15:39:09,USR00143,USR00271,4375.82,Grocery,P2P,Chennai,Web,Paytm,0,
TXN08790,2026-01-01 15:39:13,USR00412,USR00116,1249.82,P2P Transfer,P2P,Jaipur,Tablet,GPay,0,
TXN06652,2026-01-01 15:49:40,USR00022,USR00366,4364.14,Healthcare,P2P,Hyderabad,Web,PhonePe,0,
TXN07722,2026-01-01 15:56:11,USR00322,USR00261,387.92,Fuel,P2M,Kolkata,iPhone,AmazonPay,0,
TXN02507,2026-01-01 16:09:57,USR00305,USR00364,590.06,Utilities,P2P,Hyderabad,iPhone,Paytm,0,
TXN03943,2026-01-01 16:11:39,USR00037,USR00280,757.97,Fuel,P2M,Lucknow,iPhone,Paytm,0,
TXN05219,2026-01-01 16:26:50,USR00115,USR00463,2248.32,Utilities,P2P,Jaipur,Android_Phone,PhonePe,0,
TXN05996,2026-01-01 16:28:10,USR00256,USR00364,586.24,Fuel,P2P,Jaipur,Web,AmazonPay,0,
TXN02554,2026-01-01 16:30:08,USR00267,USR00046,216.61,P2P Transfer,P2P,Hyderabad,Tablet,Paytm,0,
TXN03675,2026-01-01 16:30:26,USR00379,USR00008,246.79,Food Delivery,P2M,Pune,Android_Phone,AmazonPay,0,
TXN05672,2026-01-01 16:45:51,USR00343,USR00277,2221.16,Entertainment,P2P,Nagpur,iPhone,Paytm,0,
TXN03483,2026-01-01 16:48:18,USR00043,USR00266,1860.41,Utilities,P2M,Pune,Web,PhonePe,0,
TXN09192,2026-01-01 16:52:16,USR00253,USR00373,281.75,Food Delivery,P2P,Hyderabad,Android_Phone,PhonePe,0,
TXN04208,2026-01-01 16:53:36,USR00171,USR00169,4773.32,Utilities,P2P,Mumbai,iPhone,BHIM,0,
TXN00789,2026-01-01 17:03:16,USR00180,USR00390,1034.87,Fuel,P2M,Jaipur,Tablet,AmazonPay,0,
TXN08217,2026-01-01 17:05:42,USR00422,USR00184,998.77,Shopping,P2P,Ahmedabad,Web,PhonePe,0,
TXN08135,2026-01-01 17:06:45,USR00405,USR00089,3306.95,Utilities,P2P,Lucknow,iPhone,Paytm,0,
TXN07755,2026-01-01 17:10:00,USR00309,USR00326,5506.61,Education,P2P,Chennai,iPhone,BHIM,0,
TXN08779,2026-01-01 17:32:48,USR00054,USR00374,2374.72,Education,P2M,Ahmedabad,Tablet,PhonePe,0,
TXN09048,2026-01-01 17:33:31,USR00481,USR00191,932.29,Shopping,P2M,Bengaluru,Web,GPay,0,
TXN03582,2026-01-01 17:48:48,USR00367,USR00041,1814.07,Travel,P2P,Surat,iPhone,AmazonPay,0,
TXN09682,2026-01-01 17:56:48,USR00397,USR00434,1235.97,Healthcare,P2P,Lucknow,iPhone,Paytm,1,"new_device,new_location"
TXN00703,2026-01-01 17:57:58,USR00344,USR00216,434.81,Grocery,P2P,Surat,Tablet,AmazonPay,0,
TXN04530,2026-01-01 18:01:18,USR00285,USR00487,3691.08,Shopping,P2P,Mumbai,Web,Paytm,0,
TXN05322,2026-01-01 18:03:56,USR00043,USR00398,2118.67,Fuel,P2M,Pune,Web,PhonePe,0,
TXN09325,2026-01-01 18:12:50,USR00299,USR00309,261.05,Utilities,P2P,Nagpur,Web,PhonePe,0,
TXN09816,2026-01-01 18:21:26,USR00360,USR00152,2516.01,Travel,P2P,Mumbai,Tablet,Paytm,1,new_location
TXN03613,2026-01-01 18:28:35,USR00147,USR00283,123.97,Education,P2M,Mumbai,Tablet,AmazonPay,0,
TXN09429,2026-01-01 18:29:41,USR00419,USR00200,1291.7,Travel,P2M,Mumbai,iPhone,BHIM,1,rapid_burst
TXN05066,2026-01-01 18:33:16,USR00407,USR00149,1713.85,Utilities,P2M,Pune,Web,Paytm,0,
TXN01274,2026-01-01 18:36:03,USR00003,USR00235,2358.64,P2P Transfer,P2P,Lucknow,Web,AmazonPay,0,
TXN05790,2026-01-01 18:52:44,USR00070,USR00325,1777.64,Shopping,P2M,Hyderabad,Tablet,BHIM,0,
TXN04884,2026-01-01 18:56:38,USR00406,USR00489,611.46,Food Delivery,P2M,Lucknow,Tablet,PhonePe,0,
TXN02801,2026-01-01 19:03:18,USR00420,USR00197,1882.92,P2P Transfer,P2P,Nagpur,Android_Phone,BHIM,0,
TXN02910,2026-01-01 19:09:51,USR00477,USR00242,163.42,Shopping,P2M,Surat,Web,PhonePe,0,
TXN00950,2026-01-01 19:17:44,USR00164,USR00268,180.4,Travel,P2M,Lucknow,Android_Phone,BHIM,0,
TXN02744,2026-01-01 19:27:59,USR00214,USR00483,1339.89,P2P Transfer,P2M,Chennai,Android_Phone,BHIM,0,
TXN06385,2026-01-01 19:49:01,USR00292,USR00317,192.76,Healthcare,P2M,Jaipur,Android_Phone,PhonePe,0,
TXN04656,2026-01-01 19:52:35,USR00432,USR00375,174.6,Rent,P2M,Jaipur,Web,Paytm,0,
TXN04085,2026-01-01 19:53:33,USR00380,USR00047,15107.93,Fuel,P2M,Jaipur,Android_Phone,AmazonPay,0,
TXN09582,2026-01-01 19:59:19,USR00040,USR00453,2917.95,Rent,P2P,Ahmedabad,Android_Phone,BHIM,1,rapid_burst
TXN09613,2026-01-01 20:03:59,USR00114,USR00268,466.02,Rent,P2M,Kolkata,iPhone,Paytm,1,rapid_burst
TXN05376,2026-01-01 20:28:08,USR00207,USR00039,11408.11,Healthcare,P2M,Nagpur,iPhone,PhonePe,0,
TXN09465,2026-01-01 20:48:35,USR00355,USR00370,2507.11,Rent,P2P,Delhi,iPhone,AmazonPay,1,"new_receiver,new_device"
TXN04323,2026-01-01 20:51:06,USR00218,USR00419,612.91,Grocery,P2P,Nagpur,Web,BHIM,0,
TXN03274,2026-01-01 20:55:22,USR00393,USR00246,8776.51,Food Delivery,P2P,Lucknow,Tablet,Paytm,0,
TXN02923,2026-01-01 21:10:45,USR00071,USR00082,156.23,Entertainment,P2P,Surat,Web,Paytm,0,
TXN02875,2026-01-01 21:13:35,USR00473,USR00181,10248.07,Grocery,P2P,Hyderabad,Web,AmazonPay,0,
TXN00576,2026-01-01 21:22:56,USR00382,USR00448,402.4,Food Delivery,P2P,Delhi,iPhone,Paytm,0,
TXN05264,2026-01-01 21:37:47,USR00371,USR00189,495.84,Entertainment,P2M,Pune,Tablet,PhonePe,0,
TXN08509,2026-01-01 21:40:28,USR00258,USR00241,401.16,Shopping,P2M,Pune,Android_Phone,BHIM,0,
TXN06479,2026-01-01 21:57:13,USR00327,USR00375,8983.72,Education,P2P,Lucknow,Tablet,Paytm,0,
TXN04958,2026-01-01 22:08:41,USR00046,USR00112,12589.65,Food Delivery,P2P,Jaipur,Tablet,Paytm,0,
TXN03035,2026-01-01 22:11:16,USR00219,USR00273,1107.18,Travel,P2M,Delhi,Tablet,AmazonPay,0,
TXN05985,2026-01-01 22:27:24,USR00026,USR00175,938.76,Travel,P2M,Lucknow,Web,Paytm,0,
TXN02626,2026-01-01 22:32:54,USR00011,USR00390,9828.76,Healthcare,P2M,Surat,Web,AmazonPay,0,
TXN07759,2026-01-01 22:34:24,USR00255,USR00064,6358.51,Entertainment,P2P,Bengaluru,Web,Paytm,0,
TXN03880,2026-01-01 22:38:14,USR00316,USR00115,23257.83,P2P Transfer,P2P,Surat,Android_Phone,Paytm,0,
TXN00346,2026-01-01 22:57:00,USR00311,USR00299,385.51,Healthcare,P2M,Chennai,Tablet,GPay,0,
TXN10224,2026-01-02 00:13:00,USR00166,USR00166,411.35,Rent,P2P,Jaipur,iPhone,BHIM,1,rapid_burst
TXN10225,2026-01-02 00:14:00,USR00166,USR00287,336.67,Grocery,P2M,Jaipur,iPhone,BHIM,1,rapid_burst
TXN10226,2026-01-02 00:19:00,USR00166,USR00339,414.76,Healthcare,P2P,Jaipur,iPhone,BHIM,1,rapid_burst
TXN04868,2026-01-02 06:08:24,USR00061,USR00326,5311.61,Education,P2M,Nagpur,Web,BHIM,0,
TXN06200,2026-01-02 06:26:45,USR00191,USR00209,121.82,Fuel,P2M,Jaipur,Tablet,Paytm,0,
TXN03237,2026-01-02 06:28:58,USR00399,USR00235,12473.23,Utilities,P2P,Delhi,Tablet,PhonePe,0,
TXN04927,2026-01-02 06:29:44,USR00288,USR00013,18439.08,Shopping,P2P,Pune,Tablet,PhonePe,0,
TXN05677,2026-01-02 06:36:42,USR00176,USR00459,220.42,Entertainment,P2P,Bengaluru,iPhone,AmazonPay,0,
TXN04778,2026-01-02 06:40:18,USR00000,USR00346,286.54,Shopping,P2P,Nagpur,iPhone,AmazonPay,0,
TXN02004,2026-01-02 07:11:14,USR00022,USR00342,2005.22,Grocery,P2P,Hyderabad,Web,PhonePe,0,
TXN02069,2026-01-02 08:10:55,USR00446,USR00191,5766.94,Grocery,P2P,Pune,Android_Phone,GPay,0,
TXN09282,2026-01-02 08:19:26,USR00418,USR00255,1664.96,Education,P2P,Kolkata,Web,BHIM,0,
TXN06376,2026-01-02 08:33:26,USR00439,USR00419,12435.99,P2P Transfer,P2M,Nagpur,Tablet,GPay,0,
TXN00646,2026-01-02 08:36:53,USR00125,USR00354,85.03,Utilities,P2P,Bengaluru,iPhone,AmazonPay,0,
TXN02062,2026-01-02 08:38:02,USR00289,USR00278,8011.63,Fuel,P2P,Ahmedabad,Tablet,PhonePe,0,
TXN06475,2026-01-02 08:43:54,USR00265,USR00121,285.45,Travel,P2M,Surat,Tablet,Paytm,0,
TXN01964,2026-01-02 08:44:59,USR00117,USR00140,682.48,Utilities,P2P,Ahmedabad,Android_Phone,GPay,0,
TXN03302,2026-01-02 08:50:31,USR00453,USR00195,73.04,Shopping,P2P,Surat,Tablet,AmazonPay,0,
TXN07599,2026-01-02 08:53:27,USR00362,USR00092,191.7,Healthcare,P2P,Pune,Web,AmazonPay,0,
TXN04995,2026-01-02 09:02:37,USR00111,USR00167,715.53,Grocery,P2M,Hyderabad,iPhone,BHIM,0,
TXN06579,2026-01-02 09:29:04,USR00026,USR00367,1426.96,Travel,P2P,Lucknow,Web,Paytm,0,
TXN00785,2026-01-02 09:31:59,USR00147,USR00293,141.75,Education,P2P,Mumbai,Tablet,AmazonPay,0,
TXN08381,2026-01-02 09:35:13,USR00112,USR00379,334.75,Entertainment,P2P,Delhi,Web,BHIM,0,
TXN02881,2026-01-02 09:53:02,USR00425,USR00010,2383.23,Healthcare,P2P,Ahmedabad,Web,Paytm,0,
TXN05532,2026-01-02 10:19:45,USR00340,USR00088,436.82,P2P Transfer,P2M,Jaipur,Tablet,PhonePe,0,
TXN01153,2026-01-02 10:22:57,USR00080,USR00496,13107.93,Food Delivery,P2M,Delhi,iPhone,BHIM,0,
TXN02489,2026-01-02 10:22:57,USR00351,USR00037,390.88,Grocery,P2P,Ahmedabad,Web,AmazonPay,0,
TXN09562,2026-01-02 10:31:08,USR00430,USR00050,177340.26,Food Delivery,P2M,Delhi,iPhone,BHIM,1,high_amount
TXN05795,2026-01-02 10:38:16,USR00369,USR00261,747.9,Grocery,P2M,Bengaluru,Web,AmazonPay,0,
TXN03814,2026-01-02 10:55:49,USR00161,USR00365,131.31,Education,P2M,Mumbai,Android_Phone,BHIM,0,
TXN00490,2026-01-02 11:03:17,USR00248,USR00330,11673.74,Rent,P2P,Pune,iPhone,AmazonPay,0,
TXN04731,2026-01-02 11:08:20,USR00399,USR00161,13638.81,Entertainment,P2P,Delhi,Tablet,PhonePe,0,
TXN00976,2026-01-02 11:12:28,USR00191,USR00209,170.22,Travel,P2P,Jaipur,Tablet,Paytm,0,
TXN00991,2026-01-02 11:13:40,USR00392,USR00262,249.85,Education,P2P,Chennai,Web,Paytm,0,
TXN07793,2026-01-02 11:36:58,USR00157,USR00483,3399.59,Healthcare,P2P,Ahmedabad,Web,BHIM,0,
TXN02667,2026-01-02 11:48:06,USR00445,USR00304,1389.44,Fuel,P2M,Pune,Web,Paytm,0,
TXN07423,2026-01-02 12:02:47,USR00410,USR00117,2145.5,Rent,P2M,Delhi,iPhone,BHIM,0,
TXN00935,2026-01-02 12:02:54,USR00110,USR00023,212.18,Travel,P2P,Jaipur,Tablet,GPay,0,
TXN02807,2026-01-02 12:09:25,USR00273,USR00195,6470.94,Utilities,P2M,Surat,iPhone,BHIM,0,
TXN06272,2026-01-02 12:09:56,USR00401,USR00143,2097.7,Entertainment,P2M,Chennai,Web,AmazonPay,0,
TXN04516,2026-01-02 12:14:16,USR00262,USR00325,3244.42,Fuel,P2M,Mumbai,Tablet,GPay,0,
TXN00659,2026-01-02 12:22:48,USR00047,USR00273,1920.57,Healthcare,P2P,Ahmedabad,iPhone,BHIM,0,
TXN01182,2026-01-02 12:40:07,USR00389,USR00314,72.28,Entertainment,P2P,Mumbai,iPhone,GPay,0,
TXN04399,2026-01-02 12:40:23,USR00395,USR00111,1508.39,Shopping,P2M,Delhi,Web,AmazonPay,0,
TXN06780,2026-01-02 12:44:11,USR00024,USR00450,1460.53,Education,P2M,Chennai,iPhone,Paytm,0,
TXN04351,2026-01-02 13:06:56,USR00404,USR00133,3959.44,Food Delivery,P2P,Ahmedabad,Android_Phone,AmazonPay,0,
TXN02256,2026-01-02 13:08:01,USR00319,USR00301,845.86,Fuel,P2M,Nagpur,iPhone,PhonePe,0,
TXN09925,2026-01-02 13:30:24,USR00397,USR00246,1437.23,Utilities,P2P,Jaipur,Android_Phone,Paytm,1,rapid_burst
TXN01613,2026-01-02 13:30:50,USR00090,USR00046,242.7,P2P Transfer,P2M,Jaipur,Tablet,Paytm,0,
TXN04052,2026-01-02 13:54:36,USR00251,USR00030,15369.69,Grocery,P2M,Mumbai,Android_Phone,BHIM,0,
TXN03571,2026-01-02 13:59:17,USR00284,USR00333,19197.52,P2P Transfer,P2M,Delhi,Tablet,PhonePe,0,
TXN07831,2026-01-02 14:06:50,USR00261,USR00378,15000.69,Grocery,P2P,Hyderabad,iPhone,Paytm,0,
TXN09677,2026-01-02 14:15:28,USR00013,USR00102,173.88,Education,P2M,Lucknow,Tablet,BHIM,1,"rapid_burst,new_location"
TXN06671,2026-01-02 14:19:16,USR00000,USR00379,270.01,Fuel,P2P,Nagpur,iPhone,AmazonPay,0,
TXN02600,2026-01-02 14:20:12,USR00487,USR00462,450.3,Healthcare,P2M,Bengaluru,Android_Phone,GPay,0,
TXN07925,2026-01-02 14:21:43,USR00373,USR00264,436.76,Rent,P2M,Lucknow,Web,BHIM,0,
TXN06566,2026-01-02 14:43:06,USR00144,USR00287,195.14,Education,P2M,Jaipur,Tablet,Paytm,0,
TXN06486,2026-01-02 14:43:30,USR00422,USR00184,931.55,Rent,P2P,Ahmedabad,Web,PhonePe,0,
TXN05913,2026-01-02 14:52:46,USR00027,USR00170,241.05,Education,P2M,Mumbai,Web,PhonePe,0,
TXN08710,2026-01-02 15:01:09,USR00383,USR00352,193.05,Shopping,P2M,Kolkata,Android_Phone,BHIM,0,
TXN09123,2026-01-02 15:02:14,USR00127,USR00195,984.34,Grocery,P2M,Surat,Web,AmazonPay,0,
TXN01046,2026-01-02 15:21:21,USR00476,USR00370,12371.56,Fuel,P2M,Delhi,Android_Phone,AmazonPay,0,
TXN02462,2026-01-02 15:21:29,USR00490,USR00114,302.78,P2P Transfer,P2M,Ahmedabad,Tablet,AmazonPay,0,
TXN00582,2026-01-02 15:27:30,USR00219,USR00298,728.11,Entertainment,P2M,Delhi,Tablet,AmazonPay,0,
TXN05654,2026-01-02 15:37:32,USR00037,USR00154,690.38,Healthcare,P2M,Lucknow,iPhone,Paytm,0,
TXN00581,2026-01-02 15:49:43,USR00176,USR00327,111.6,Grocery,P2M,Bengaluru,iPhone,AmazonPay,0,
TXN01969,2026-01-02 16:06:30,USR00389,USR00314,83.82,Travel,P2M,Mumbai,iPhone,GPay,0,
TXN05064,2026-01-02 16:23:50,USR00144,USR00287,124.77,Food Delivery,P2M,Jaipur,Tablet,Paytm,0,
TXN04972,2026-01-02 16:29:30,USR00464,USR00046,1221.11,Rent,P2P,Nagpur,iPhone,BHIM,0,
TXN01024,2026-01-02 16:31:41,USR00351,USR00162,342.63,Healthcare,P2M,Ahmedabad,Web,AmazonPay,0,
TXN02021,2026-01-02 16:33:14,USR00310,USR00065,3436.6,Travel,P2P,Hyderabad,iPhone,Paytm,0,
TXN00513,2026-01-02 16:34:54,USR00054,USR00137,1743.72,Fuel,P2P,Ahmedabad,Tablet,PhonePe,0,
TXN05198,2026-01-02 16:47:31,USR00113,USR00207,81.96,Rent,P2P,Hyderabad,Tablet,Paytm,0,
TXN04589,2026-01-02 16:54:35,USR00405,USR00399,3179.71,Healthcare,P2M,Lucknow,iPhone,Paytm,0,
TXN02459,2026-01-02 17:09:34,USR00025,USR00053,2156.72,Education,P2P,Surat,Android_Phone,PhonePe,0,
TXN06033,2026-01-02 17:13:07,USR00309,USR00351,6281.33,Travel,P2P,Chennai,iPhone,BHIM,0,
TXN00116,2026-01-02 17:18:22,USR00197,USR00160,5567.8,Entertainment,P2M,Chennai,Tablet,GPay,0,
TXN06931,2026-01-02 17:20:03,USR00473,USR00314,8923.86,Food Delivery,P2P,Hyderabad,Web,AmazonPay,0,
TXN03856,2026-01-02 17:21:04,USR00395,USR00160,1294.62,Healthcare,P2M,Delhi,Web,AmazonPay,0,
TXN05294,2026-01-02 17:24:28,USR00107,USR00324,169.85,Travel,P2M,Delhi,Tablet,GPay,0,
TXN00561,2026-01-02 17:27:43,USR00283,USR00055,8917.78,Education,P2M,Chennai,Android_Phone,GPay,0,
TXN08270,2026-01-02 17:28:15,USR00452,USR00131,1311.69,Travel,P2M,Pune,Web,BHIM,0,
TXN06796,2026-01-02 17:38:43,USR00416,USR00326,8281.6,Grocery,P2M,Bengaluru,Android_Phone,BHIM,0,
TXN07054,2026-01-02 17:39:12,USR00248,USR00283,11307.33,Rent,P2P,Pune,iPhone,AmazonPay,0,
TXN04001,2026-01-02 17:41:00,USR00364,USR00099,15533.11,Shopping,P2M,Lucknow,Web,Paytm,0,
TXN01826,2026-01-02 17:56:05,USR00030,USR00415,1088.55,Shopping,P2M,Pune,iPhone,PhonePe,0,
TXN00963,2026-01-02 17:59:12,USR00176,USR00459,267.95,Entertainment,P2M,Bengaluru,iPhone,AmazonPay,0,
TXN01436,2026-01-02 18:07:33,USR00030,USR00415,1445.68,Entertainment,P2P,Pune,iPhone,PhonePe,0,
TXN06849,2026-01-02 18:14:49,USR00345,USR00082,2372.86,P2P Transfer,P2P,Pune,Android_Phone,Paytm,0,
TXN04966,2026-01-02 18:15:03,USR00488,USR00358,157.93,Education,P2M,Bengaluru,Tablet,BHIM,0,
TXN06181,2026-01-02 18:16:39,USR00143,USR00070,2431.64,Education,P2M,Chennai,Web,Paytm,0,
TXN01770,2026-01-02 18:49:21,USR00347,USR00195,1141.38,Food Delivery,P2M,Nagpur,Web,BHIM,0,
TXN02867,2026-01-02 18:51:43,USR00455,USR00272,1214.25,Fuel,P2M,Chennai,iPhone,GPay,0,
TXN09360,2026-01-02 19:18:03,USR00380,USR00060,12655.19,Travel,P2M,Jaipur,Android_Phone,AmazonPay,0,
TXN02843,2026-01-02 19:18:28,USR00015,USR00276,2921.2,Healthcare,P2M,Hyderabad,iPhone,AmazonPay,0,
TXN08962,2026-01-02 19:23:35,USR00391,USR00206,56.35,Grocery,P2M,Pune,Web,GPay,0,
TXN09615,2026-01-02 19:29:57,USR00178,USR00031,403.63,Rent,P2M,Nagpur,Web,GPay,1,new_location
TXN09301,2026-01-02 19:31:03,USR00422,USR00184,1562.58,Travel,P2P,Ahmedabad,Web,PhonePe,0,
TXN04752,2026-01-02 19:51:20,USR00121,USR00370,450.68,Fuel,P2P,Delhi,Web,AmazonPay,0,
TXN03696,2026-01-02 19:59:14,USR00289,USR00278,13480.22,P2P Transfer,P2M,Ahmedabad,Tablet,PhonePe,0,
TXN05523,2026-01-02 20:00:45,USR00339,USR00456,8262.54,Rent,P2M,Mumbai,Tablet,AmazonPay,0,
TXN02488,2026-01-02 20:10:04,USR00075,USR00361,3382.3,Shopping,P2M,Ahmedabad,iPhone,BHIM,0,
TXN04293,2026-01-02 20:17:12,USR00380,USR00060,15728.27,Shopping,P2P,Jaipur,Android_Phone,AmazonPay,0,
TXN08297,2026-01-02 20:22:33,USR00408,USR00094,582.73,Healthcare,P2P,Kolkata,Tablet,PhonePe,0,
TXN04823,2026-01-02 20:31:06,USR00014,USR00117,3115.36,Healthcare,P2P,Mumbai,Web,GPay,0,
TXN07090,2026-01-02 20:32:47,USR00373,USR00264,593.51,Shopping,P2P,Lucknow,Web,BHIM,0,
TXN00773,2026-01-02 20:38:22,USR00087,USR00325,93.76,P2P Transfer,P2P,Pune,Web,Paytm,0,
TXN03140,2026-01-02 21:10:17,USR00288,USR00013,12340.04,Fuel,P2M,Pune,Tablet,PhonePe,0,
TXN07627,2026-01-02 21:13:19,USR00273,USR00400,6656.59,Shopping,P2P,Surat,iPhone,BHIM,0,
TXN01328,2026-01-02 21:47:43,USR00040,USR00453,3001.79,Fuel,P2M,Ahmedabad,Android_Phone,BHIM,0,
TXN06971,2026-01-02 21:54:28,USR00108,USR00369,10118.86,Healthcare,P2M,Chennai,Tablet,Paytm,0,
TXN00953,2026-01-02 22:10:33,USR00065,USR00041,593.73,Food Delivery,P2P,Pune,Android_Phone,PhonePe,0,
TXN04437,2026-01-02 22:18:28,USR00475,USR00326,9950.57,Rent,P2P,Chennai,Web,Paytm,0,
TXN07749,2026-01-02 22:54:18,USR00108,USR00189,19217.84,Entertainment,P2P,Chennai,Tablet,Paytm,0,
TXN09555,2026-01-03 02:23:41,USR00353,USR00342,380.85,Healthcare,P2M,Jaipur,Tablet,Paytm,1,"odd_hour,rapid_burst"
TXN09519,2026-01-03 02:38:18,USR00088,USR00046,2397.41,Shopping,P2M,Lucknow,Android_Phone,Paytm,1,odd_hour
TXN02775,2026-01-03 06:13:33,USR00153,USR00413,1926.25,Fuel,P2P,Surat,Web,BHIM,0,
TXN08485,2026-01-03 06:13:57,USR00000,USR00346,195.24,Healthcare,P2M,Nagpur,iPhone,AmazonPay,0,
TXN02553,2026-01-03 06:30:59,USR00361,USR00043,1827.98,Travel,P2M,Jaipur,Tablet,Paytm,0,
TXN05900,2026-01-03 06:33:04,USR00244,USR00067,10067.0,Shopping,P2M,Ahmedabad,iPhone,PhonePe,0,
TXN07707,2026-01-03 06:34:02,USR00212,USR00149,472.56,Food Delivery,P2P,Lucknow,Android_Phone,BHIM,0,
TXN04737,2026-01-03 06:44:43,USR00437,USR00482,603.15,Utilities,P2M,Pune,iPhone,Paytm,0,
TXN08187,2026-01-03 06:51:51,USR00189,USR00148,15738.97,P2P Transfer,P2P,Mumbai,iPhone,AmazonPay,0,
TXN03925,2026-01-03 07:26:13,USR00449,USR00335,972.77,Travel,P2M,Mumbai,Web,Paytm,0,
TXN07220,2026-01-03 07:45:19,USR00086,USR00294,1822.3,Grocery,P2M,Kolkata,iPhone,BHIM,0,
TXN08140,2026-01-03 07:46:30,USR00260,USR00238,7033.35,Travel,P2P,Pune,iPhone,Paytm,0,
TXN03610,2026-01-03 08:43:31,USR00285,USR00037,4307.23,Fuel,P2M,Mumbai,Web,Paytm,0,
TXN09059,2026-01-03 08:48:50,USR00427,USR00232,1288.51,Entertainment,P2P,Jaipur,Web,AmazonPay,0,
TXN00098,2026-01-03 08:55:51,USR00096,USR00300,2271.69,Travel,P2M,Delhi,iPhone,Paytm,0,
TXN02357,2026-01-03 08:58:22,USR00330,USR00133,10182.52,Entertainment,P2P,Delhi,Tablet,Paytm,0,
TXN09404,2026-01-03 09:21:48,USR00348,USR00279,283.3,Food Delivery,P2M,Hyderabad,Tablet,AmazonPay,1,new_location
TXN01336,2026-01-03 09:25:30,USR00111,USR00061,764.5,Entertainment,P2M,Hyderabad,iPhone,BHIM,0,
TXN00612,2026-01-03 09:34:42,USR00090,USR00046,444.81,Healthcare,P2M,Jaipur,Tablet,Paytm,0,
TXN01718,2026-01-03 09:45:28,USR00293,USR00040,498.43,P2P Transfer,P2P,Bengaluru,iPhone,BHIM,0,
TXN01212,2026-01-03 09:54:39,USR00151,USR00257,250.51,Education,P2M,Surat,iPhone,PhonePe,0,
TXN00859,2026-01-03 10:31:53,USR00487,USR00241,320.97,Entertainment,P2M,Bengaluru,Android_Phone,GPay,0,
TXN02864,2026-01-03 10:36:06,USR00351,USR00037,219.28,Grocery,P2P,Ahmedabad,Web,AmazonPay,0,
TXN03812,2026-01-03 10:53:50,USR00209,USR00221,1135.77,Food Delivery,P2M,Pune,Tablet,PhonePe,0,
TXN09099,2026-01-03 10:55:13,USR00266,USR00054,17918.03,Education,P2M,Lucknow,iPhone,PhonePe,0,
TXN09200,2026-01-03 10:58:50,USR00128,USR00447,197.51,Utilities,P2M,Surat,Android_Phone,AmazonPay,0,
TXN06823,2026-01-03 11:30:01,USR00339,USR00230,10962.97,P2P Transfer,P2P,Mumbai,Tablet,AmazonPay,0,
TXN07969,2026-01-03 11:30:34,USR00352,USR00206,603.54,Entertainment,P2P,Jaipur,Tablet,Paytm,0,
TXN07166,2026-01-03 11:42:10,USR00083,USR00125,8346.19,Travel,P2M,Kolkata,Web,AmazonPay,0,
TXN02949,2026-01-03 11:43:30,USR00440,USR00334,9091.48,Food Delivery,P2P,Delhi,Tablet,AmazonPay,0,
TXN04845,2026-01-03 11:56:54,USR00071,USR00082,144.67,Grocery,P2M,Surat,Web,Paytm,0,
TXN06909,2026-01-03 11:58:53,USR00162,USR00153,1349.51,P2P Transfer,P2M,Kolkata,iPhone,AmazonPay,0,
TXN07708,2026-01-03 12:10:11,USR00410,USR00158,2067.88,Utilities,P2P,Delhi,iPhone,BHIM,0,
TXN05642,2026-01-03 12:25:55,USR00066,USR00147,9676.36,P2P Transfer,P2P,Nagpur,Tablet,Paytm,0,
TXN04553,2026-01-03 12:31:03,USR00315,USR00102,437.02,Fuel,P2M,Mumbai,Tablet,Paytm,0,
TXN03848,2026-01-03 12:31:44,USR00316,USR00449,15845.17,Entertainment,P2P,Surat,Android_Phone,Paytm,0,
TXN02440,2026-01-03 12:41:27,USR00454,USR00297,217.67,Travel,P2P,Ahmedabad,Web,PhonePe,0,
TXN09237,2026-01-03 12:49:56,USR00393,USR00059,6794.6,P2P Transfer,P2M,Lucknow,Tablet,Paytm,0,
TXN03257,2026-01-03 12:56:13,USR00415,USR00040,7379.35,Education,P2P,Pune,Tablet,AmazonPay,0,
TXN05142,2026-01-03 12:58:31,USR00464,USR00058,879.9,Food Delivery,P2P,Nagpur,iPhone,BHIM,0,
TXN09296,2026-01-03 13:13:28,USR00199,USR00407,1733.76,Entertainment,P2M,Ahmedabad,Tablet,PhonePe,0,
TXN00083,2026-01-03 13:30:42,USR00331,USR00316,251.95,Utilities,P2M,Jaipur,Web,PhonePe,0,
TXN02435,2026-01-03 13:36:26,USR00406,USR00237,451.53,Healthcare,P2M,Lucknow,Tablet,PhonePe,0,
TXN03324,2026-01-03 13:42:11,USR00153,USR00247,2009.7,Entertainment,P2P,Surat,Web,BHIM,0,
TXN06121,2026-01-03 13:50:02,USR00057,USR00364,366.85,Education,P2M,Nagpur,iPhone,GPay,0,
TXN00058,2026-01-03 13:56:31,USR00398,USR00384,18797.71,Grocery,P2P,Kolkata,Web,GPay,0,
TXN09934,2026-01-03 14:07:40,USR00073,USR00389,288.83,Entertainment,P2P,Hyderabad,Tablet,PhonePe,1,new_location
TXN01502,2026-01-03 14:13:27,USR00249,USR00330,12270.16,Education,P2P,Nagpur,iPhone,PhonePe,0,
TXN04467,2026-01-03 14:19:53,USR00360,USR00491,3415.37,Fuel,P2M,Jaipur,Tablet,Paytm,0,
TXN10168,2026-01-03 14:21:00,USR00386,USR00205,538.17,Entertainment,P2M,Delhi,iPhone,Paytm,1,rapid_burst
TXN10169,2026-01-03 14:24:00,USR00386,USR00205,668.83,Rent,P2P,Delhi,iPhone,Paytm,1,rapid_burst
TXN01748,2026-01-03 14:25:59,USR00393,USR00059,8337.36,Food Delivery,P2P,Lucknow,Tablet,Paytm,0,
TXN10170,2026-01-03 14:27:00,USR00386,USR00260,431.81,Food Delivery,P2M,Delhi,iPhone,Paytm,1,rapid_burst
TXN10172,2026-01-03 14:29:00,USR00386,USR00260,736.14,Entertainment,P2P,Delhi,iPhone,Paytm,1,rapid_burst
TXN10171,2026-01-03 14:30:00,USR00386,USR00260,649.2,P2P Transfer,P2M,Delhi,iPhone,Paytm,1,rapid_burst
TXN06398,2026-01-03 14:38:41,USR00335,USR00260,496.16,Entertainment,P2M,Delhi,Android_Phone,AmazonPay,0,
TXN08220,2026-01-03 14:49:29,USR00375,USR00308,3054.2,Travel,P2M,Bengaluru,iPhone,PhonePe,0,
TXN02713,2026-01-03 14:52:25,USR00340,USR00296,463.97,Food Delivery,P2P,Jaipur,Tablet,PhonePe,0,
TXN06676,2026-01-03 15:03:25,USR00129,USR00425,8564.09,Food Delivery,P2P,Ahmedabad,Web,PhonePe,0,
TXN08017,2026-01-03 15:06:42,USR00198,USR00168,372.93,Rent,P2P,Bengaluru,Web,AmazonPay,0,
TXN02825,2026-01-03 15:08:23,USR00378,USR00298,683.28,Travel,P2M,Pune,iPhone,PhonePe,0,
TXN09222,2026-01-03 15:13:05,USR00185,USR00464,16949.95,Healthcare,P2P,Chennai,Tablet,BHIM,0,
TXN05846,2026-01-03 15:36:04,USR00322,USR00368,370.74,Entertainment,P2M,Kolkata,iPhone,AmazonPay,0,
TXN06084,2026-01-03 15:58:42,USR00373,USR00264,287.18,Rent,P2P,Lucknow,Web,BHIM,0,
TXN09501,2026-01-03 16:10:01,USR00322,USR00368,421.76,Travel,P2P,Kolkata,iPhone,AmazonPay,1,rapid_burst
TXN03514,2026-01-03 16:33:41,USR00175,USR00057,1379.64,Food Delivery,P2M,Bengaluru,Tablet,PhonePe,0,
TXN01670,2026-01-03 16:49:39,USR00316,USR00449,16413.53,Travel,P2P,Surat,Android_Phone,Paytm,0,
TXN03604,2026-01-03 17:22:15,USR00139,USR00042,1841.41,Healthcare,P2P,Jaipur,Web,GPay,0,
TXN06912,2026-01-03 17:39:24,USR00379,USR00055,385.26,Shopping,P2M,Pune,Android_Phone,AmazonPay,0,
TXN05949,2026-01-03 18:04:36,USR00188,USR00051,2108.25,Rent,P2M,Pune,Android_Phone,GPay,0,
TXN05856,2026-01-03 18:28:55,USR00055,USR00342,53.21,Education,P2M,Lucknow,Tablet,Paytm,0,
TXN04224,2026-01-03 18:50:21,USR00204,USR00350,3296.33,Fuel,P2M,Nagpur,iPhone,GPay,0,
TXN08348,2026-01-03 19:00:43,USR00005,USR00189,9947.31,P2P Transfer,P2M,Surat,Tablet,Paytm,0,
TXN04401,2026-01-03 19:21:39,USR00470,USR00494,11558.31,Shopping,P2M,Lucknow,Web,AmazonPay,0,
TXN07621,2026-01-03 19:37:07,USR00413,USR00176,359.48,Utilities,P2M,Jaipur,Android_Phone,AmazonPay,0,
TXN01915,2026-01-03 19:46:53,USR00042,USR00386,3351.08,Travel,P2M,Surat,Tablet,BHIM,0,
TXN02316,2026-01-03 20:03:14,USR00376,USR00065,12393.46,Healthcare,P2M,Surat,iPhone,AmazonPay,0,
TXN08839,2026-01-03 20:10:23,USR00075,USR00139,2837.68,Rent,P2P,Ahmedabad,iPhone,BHIM,0,
TXN01310,2026-01-03 20:19:24,USR00376,USR00124,17178.68,Education,P2M,Surat,iPhone,AmazonPay,0,
TXN01480,2026-01-03 20:24:36,USR00231,USR00258,2219.95,Fuel,P2M,Pune,iPhone,BHIM,0,
TXN00717,2026-01-03 20:26:04,USR00251,USR00030,13994.41,Rent,P2P,Mumbai,Android_Phone,BHIM,0,
TXN00415,2026-01-03 20:36:50,USR00166,USR00287,253.35,Utilities,P2P,Jaipur,iPhone,BHIM,0,
TXN03513,2026-01-03 20:47:23,USR00362,USR00092,239.66,Fuel,P2M,Pune,Web,AmazonPay,0,
TXN03466,2026-01-03 20:55:55,USR00358,USR00199,2033.15,P2P Transfer,P2P,Surat,Tablet,GPay,0,
TXN06599,2026-01-03 20:56:31,USR00376,USR00124,14483.0,Grocery,P2P,Surat,iPhone,AmazonPay,0,
TXN00345,2026-01-03 20:58:44,USR00235,USR00179,1171.75,Rent,P2P,Pune,iPhone,BHIM,0,
TXN07137,2026-01-03 21:12:23,USR00325,USR00131,514.82,Education,P2M,Nagpur,Android_Phone,PhonePe,0,
TXN03942,2026-01-03 21:13:09,USR00202,USR00271,11040.21,Fuel,P2M,Mumbai,Tablet,Paytm,0,
TXN03956,2026-01-03 21:35:18,USR00032,USR00407,163.6,Travel,P2M,Chennai,Tablet,PhonePe,0,
TXN07862,2026-01-03 22:06:33,USR00479,USR00173,562.15,Fuel,P2P,Hyderabad,iPhone,AmazonPay,0,
TXN00002,2026-01-03 22:09:46,USR00036,USR00209,137.8,Rent,P2M,Nagpur,Android_Phone,Paytm,0,
TXN06707,2026-01-03 22:21:15,USR00374,USR00003,15636.82,P2P Transfer,P2M,Ahmedabad,Tablet,PhonePe,0,
TXN08304,2026-01-03 22:29:40,USR00334,USR00161,3191.15,Education,P2M,Delhi,Tablet,GPay,0,
TXN01682,2026-01-03 22:42:05,USR00491,USR00057,89.04,Healthcare,P2M,Ahmedabad,Web,BHIM,0,
TXN09788,2026-01-03 22:42:44,USR00042,USR00162,55370.68,Entertainment,P2P,Surat,Tablet,BHIM,1,"rapid_burst,high_amount"
TXN03203,2026-01-03 22:50:32,USR00345,USR00402,1979.27,Travel,P2M,Pune,Android_Phone,Paytm,0,
TXN09240,2026-01-03 22:54:42,USR00053,USR00491,10879.69,Education,P2P,Mumbai,Web,Paytm,0,
TXN09473,2026-01-04 03:04:16,USR00258,USR00241,257.68,Travel,P2M,Pune,Android_Phone,BHIM,1,odd_hour
TXN07304,2026-01-04 06:02:01,USR00188,USR00034,2291.39,Healthcare,P2M,Pune,Android_Phone,GPay,0,
TXN04350,2026-01-04 06:10:37,USR00161,USR00170,111.04,Education,P2P,Mumbai,Android_Phone,BHIM,0,
TXN09717,2026-01-04 06:33:08,USR00287,USR00151,2426.21,Education,P2P,Surat,Web,BHIM,1,new_receiver
TXN06019,2026-01-04 06:49:19,USR00132,USR00154,7731.42,Travel,P2M,Delhi,Tablet,PhonePe,0,
TXN00845,2026-01-04 06:49:50,USR00010,USR00150,8622.44,Travel,P2M,Surat,Web,BHIM,0,
TXN03890,2026-01-04 07:03:58,USR00207,USR00083,12023.63,Education,P2P,Nagpur,iPhone,PhonePe,0,
TXN02263,2026-01-04 07:13:17,USR00087,USR00317,107.94,Utilities,P2P,Pune,Web,Paytm,0,
TXN03003,2026-01-04 07:13:59,USR00311,USR00150,412.57,Grocery,P2P,Chennai,Tablet,GPay,0,
TXN05756,2026-01-04 07:15:20,USR00232,USR00115,68.87,P2P Transfer,P2M,Hyderabad,iPhone,AmazonPay,0,
TXN01737,2026-01-04 07:53:10,USR00320,USR00338,2379.03,Shopping,P2P,Jaipur,Web,GPay,0,
TXN09665,2026-01-04 08:00:24,USR00240,USR00295,518.26,Grocery,P2M,Nagpur,Web,BHIM,1,"new_location,new_receiver"
TXN06999,2026-01-04 08:01:04,USR00172,USR00387,2480.68,Shopping,P2P,Surat,Tablet,Paytm,0,
TXN07389,2026-01-04 08:09:41,USR00096,USR00106,2398.7,Entertainment,P2P,Delhi,iPhone,Paytm,0,
TXN06137,2026-01-04 08:12:05,USR00045,USR00426,12364.75,Education,P2P,Kolkata,Tablet,BHIM,0,
TXN00627,2026-01-04 08:14:27,USR00467,USR00278,6851.42,Utilities,P2M,Mumbai,Web,GPay,0,
TXN03024,2026-01-04 08:25:26,USR00403,USR00290,413.2,Grocery,P2P,Ahmedabad,Web,GPay,0,
TXN07490,2026-01-04 08:27:23,USR00134,USR00259,2251.11,Utilities,P2M,Delhi,Web,BHIM,0,
TXN02779,2026-01-04 08:36:59,USR00172,USR00387,3321.17,Healthcare,P2M,Surat,Tablet,Paytm,0,
TXN01787,2026-01-04 08:43:07,USR00291,USR00283,12953.9,Entertainment,P2P,Lucknow,Tablet,BHIM,0,
TXN08798,2026-01-04 08:49:17,USR00245,USR00045,2621.25,Shopping,P2P,Delhi,Tablet,GPay,0,
TXN03164,2026-01-04 08:50:36,USR00034,USR00305,1593.51,Travel,P2P,Mumbai,Web,Paytm,0,
TXN06435,2026-01-04 08:50:43,USR00272,USR00255,9405.63,Utilities,P2P,Lucknow,Android_Phone,AmazonPay,0,
TXN01846,2026-01-04 08:51:43,USR00066,USR00240,10089.71,Utilities,P2M,Nagpur,Tablet,Paytm,0,
TXN09720,2026-01-04 09:02:36,USR00404,USR00286,3821.33,Grocery,P2M,Ahmedabad,iPhone,AmazonPay,1,new_device
TXN08305,2026-01-04 09:02:55,USR00361,USR00379,1718.64,Rent,P2M,Jaipur,Tablet,Paytm,0,
TXN03146,2026-01-04 09:19:05,USR00424,USR00388,1141.47,Education,P2P,Surat,Android_Phone,GPay,0,
TXN07091,2026-01-04 09:19:20,USR00242,USR00352,14327.23,Fuel,P2P,Kolkata,Android_Phone,Paytm,0,
TXN05443,2026-01-04 09:28:00,USR00161,USR00411,87.35,Fuel,P2M,Mumbai,Android_Phone,BHIM,0,
TXN04913,2026-01-04 10:12:57,USR00357,USR00027,9449.72,Food Delivery,P2P,Mumbai,Web,PhonePe,0,
TXN05804,2026-01-04 10:30:21,USR00025,USR00477,1857.94,Fuel,P2P,Surat,Android_Phone,PhonePe,0,
TXN01196,2026-01-04 10:40:21,USR00110,USR00023,273.12,Entertainment,P2M,Jaipur,Tablet,GPay,0,
TXN00138,2026-01-04 10:47:52,USR00088,USR00374,2864.29,Shopping,P2P,Lucknow,Android_Phone,Paytm,0,
TXN05713,2026-01-04 10:58:03,USR00308,USR00369,1732.16,Rent,P2M,Surat,Tablet,BHIM,0,
TXN01077,2026-01-04 11:14:56,USR00267,USR00061,298.06,P2P Transfer,P2M,Hyderabad,Tablet,Paytm,0,
TXN00192,2026-01-04 11:16:50,USR00139,USR00372,2098.84,Rent,P2P,Jaipur,Web,GPay,0,
TXN03387,2026-01-04 11:23:23,USR00278,USR00410,723.16,Shopping,P2M,Bengaluru,iPhone,Paytm,0,
TXN01385,2026-01-04 11:39:03,USR00452,USR00141,2137.29,Entertainment,P2P,Pune,Web,BHIM,0,
TXN02518,2026-01-04 11:41:57,USR00045,USR00426,7349.51,Travel,P2M,Kolkata,Tablet,BHIM,0,
TXN02598,2026-01-04 11:43:33,USR00003,USR00022,1252.39,Education,P2P,Lucknow,Web,AmazonPay,0,
TXN08092,2026-01-04 11:44:12,USR00207,USR00083,11209.85,Shopping,P2P,Nagpur,iPhone,PhonePe,0,
TXN06570,2026-01-04 11:50:51,USR00336,USR00392,13960.1,Utilities,P2P,Ahmedabad,iPhone,BHIM,0,
TXN08669,2026-01-04 12:04:14,USR00316,USR00115,7455.59,Education,P2P,Surat,Android_Phone,Paytm,0,
TXN05830,2026-01-04 12:26:06,USR00248,USR00043,7271.77,Grocery,P2P,Pune,iPhone,AmazonPay,0,
TXN00323,2026-01-04 12:36:40,USR00443,USR00396,1452.2,Travel,P2P,Delhi,Web,PhonePe,0,
TXN04506,2026-01-04 12:46:25,USR00095,USR00305,33.17,Education,P2M,Delhi,Tablet,GPay,0,
TXN01885,2026-01-04 12:51:58,USR00019,USR00474,7942.12,Travel,P2P,Bengaluru,Android_Phone,BHIM,0,
TXN03818,2026-01-04 12:58:59,USR00354,USR00264,5187.9,Grocery,P2P,Hyderabad,Tablet,Paytm,0,
TXN04522,2026-01-04 13:12:11,USR00380,USR00066,8914.98,Grocery,P2M,Jaipur,Android_Phone,AmazonPay,0,
TXN01960,2026-01-04 13:36:28,USR00174,USR00290,375.85,Fuel,P2P,Mumbai,Web,AmazonPay,0,
TXN02384,2026-01-04 14:14:12,USR00261,USR00401,12244.4,Travel,P2P,Hyderabad,iPhone,Paytm,0,
TXN04759,2026-01-04 14:16:04,USR00482,USR00174,88.86,Shopping,P2M,Jaipur,Tablet,BHIM,0,
TXN09888,2026-01-04 14:48:14,USR00070,USR00317,2461.82,P2P Transfer,P2M,Hyderabad,Tablet,BHIM,1,new_receiver
TXN09747,2026-01-04 14:51:44,USR00025,USR00339,1940.42,Entertainment,P2M,Surat,Web,PhonePe,1,"new_device,rapid_burst"
TXN04529,2026-01-04 15:07:09,USR00106,USR00139,2513.41,Shopping,P2P,Lucknow,Android_Phone,Paytm,0,
TXN09874,2026-01-04 15:18:42,USR00036,USR00341,148.53,Shopping,P2M,Lucknow,Android_Phone,Paytm,1,new_location
TXN05462,2026-01-04 15:21:02,USR00110,USR00023,191.87,Grocery,P2M,Jaipur,Tablet,GPay,0,
TXN08632,2026-01-04 15:35:07,USR00332,USR00258,18351.69,Shopping,P2M,Surat,Android_Phone,BHIM,0,
TXN08826,2026-01-04 15:39:36,USR00101,USR00220,54.03,Food Delivery,P2P,Kolkata,Web,GPay,0,
TXN08134,2026-01-04 15:58:27,USR00342,USR00377,625.99,Utilities,P2M,Nagpur,Web,PhonePe,0,
TXN01740,2026-01-04 16:03:04,USR00416,USR00056,12798.27,Travel,P2P,Bengaluru,Android_Phone,BHIM,0,
TXN04835,2026-01-04 16:21:01,USR00260,USR00035,6006.05,Fuel,P2P,Pune,iPhone,Paytm,0,
TXN07902,2026-01-04 16:22:29,USR00072,USR00059,1751.66,Fuel,P2P,Delhi,Tablet,BHIM,0,
TXN04546,2026-01-04 16:28:59,USR00469,USR00169,724.54,P2P Transfer,P2M,Mumbai,iPhone,GPay,0,
TXN10238,2026-01-04 16:29:00,USR00436,USR00491,11263.93,Shopping,P2P,Chennai,Web,GPay,1,rapid_burst
TXN10239,2026-01-04 16:30:00,USR00436,USR00203,10479.14,Healthcare,P2M,Chennai,Web,GPay,1,rapid_burst
TXN01210,2026-01-04 16:31:14,USR00341,USR00493,10922.42,Shopping,P2P,Lucknow,Tablet,Paytm,0,
TXN06502,2026-01-04 16:32:42,USR00082,USR00153,556.55,Education,P2P,Ahmedabad,Android_Phone,GPay,0,
TXN10240,2026-01-04 16:33:00,USR00436,USR00000,16823.27,Rent,P2M,Chennai,Web,GPay,1,rapid_burst
TXN10241,2026-01-04 16:38:00,USR00436,USR00371,14259.31,Education,P2P,Chennai,Web,GPay,1,rapid_burst
TXN06360,2026-01-04 16:45:26,USR00496,USR00387,547.36,P2P Transfer,P2M,Lucknow,iPhone,PhonePe,0,
TXN05534,2026-01-04 16:50:26,USR00444,USR00136,379.15,Rent,P2P,Pune,iPhone,BHIM,0,
TXN09275,2026-01-04 16:50:37,USR00075,USR00361,4001.55,Food Delivery,P2P,Ahmedabad,iPhone,BHIM,0,
TXN09021,2026-01-04 16:55:36,USR00363,USR00371,1938.69,Shopping,P2M,Hyderabad,Android_Phone,AmazonPay,0,
TXN08938,2026-01-04 16:56:46,USR00152,USR00023,346.55,Education,P2P,Mumbai,Android_Phone,AmazonPay,0,
TXN08930,2026-01-04 16:59:23,USR00472,USR00055,5724.27,Healthcare,P2M,Nagpur,iPhone,AmazonPay,0,
TXN00444,2026-01-04 17:00:21,USR00008,USR00459,2816.72,Rent,P2P,Nagpur,Web,PhonePe,0,
TXN01577,2026-01-04 17:21:54,USR00245,USR00045,3502.59,Healthcare,P2P,Delhi,Tablet,GPay,0,
TXN03051,2026-01-04 17:26:50,USR00342,USR00440,1020.84,Healthcare,P2P,Nagpur,Web,PhonePe,0,
TXN06829,2026-01-04 17:29:51,USR00452,USR00031,2236.22,Shopping,P2P,Pune,Web,BHIM,0,
TXN07262,2026-01-04 17:37:08,USR00277,USR00308,14944.38,Food Delivery,P2M,Bengaluru,Web,PhonePe,0,
TXN02476,2026-01-04 17:43:08,USR00368,USR00302,1183.54,Fuel,P2M,Lucknow,Android_Phone,AmazonPay,0,
TXN04163,2026-01-04 17:57:21,USR00499,USR00207,700.16,Rent,P2P,Surat,Tablet,BHIM,0,
TXN04199,2026-01-04 18:12:48,USR00161,USR00411,111.14,P2P Transfer,P2M,Mumbai,Android_Phone,BHIM,0,
TXN09201,2026-01-04 18:24:25,USR00236,USR00143,342.54,Fuel,P2M,Lucknow,Android_Phone,PhonePe,0,
TXN00335,2026-01-04 18:26:40,USR00033,USR00260,722.51,Grocery,P2M,Hyderabad,Android_Phone,AmazonPay,0,
TXN05015,2026-01-04 18:29:51,USR00285,USR00037,5488.91,Rent,P2M,Mumbai,Web,Paytm,0,
TXN01031,2026-01-04 18:34:17,USR00345,USR00402,1293.93,Entertainment,P2M,Pune,Android_Phone,Paytm,0,
TXN04460,2026-01-04 18:35:41,USR00112,USR00009,369.75,Entertainment,P2P,Delhi,Web,BHIM,0,
TXN08117,2026-01-04 18:36:16,USR00367,USR00041,1530.69,Entertainment,P2M,Surat,iPhone,AmazonPay,0,
TXN07949,2026-01-04 18:36:19,USR00194,USR00389,4115.67,Travel,P2P,Delhi,Android_Phone,AmazonPay,0,
TXN07543,2026-01-04 18:41:43,USR00256,USR00134,882.98,Education,P2M,Jaipur,Web,AmazonPay,0,
TXN04151,2026-01-04 19:00:42,USR00470,USR00090,14709.2,Utilities,P2P,Lucknow,Web,AmazonPay,0,
TXN04571,2026-01-04 19:05:02,USR00330,USR00032,9435.28,Fuel,P2P,Delhi,Tablet,Paytm,0,
TXN05390,2026-01-04 19:05:05,USR00360,USR00073,3195.1,P2P Transfer,P2M,Jaipur,Tablet,Paytm,0,
TXN00144,2026-01-04 19:05:09,USR00094,USR00120,2907.72,P2P Transfer,P2M,Pune,Web,GPay,0,
TXN06531,2026-01-04 19:06:16,USR00336,USR00286,18947.52,P2P Transfer,P2M,Ahmedabad,iPhone,BHIM,0,
TXN06001,2026-01-04 19:22:47,USR00044,USR00041,16987.28,Entertainment,P2P,Chennai,Web,PhonePe,0,
TXN03272,2026-01-04 19:32:50,USR00273,USR00406,6144.34,Utilities,P2P,Surat,iPhone,BHIM,0,
TXN05886,2026-01-04 19:36:57,USR00001,USR00287,3835.07,Shopping,P2P,Pune,iPhone,AmazonPay,0,
TXN00711,2026-01-04 19:47:46,USR00292,USR00264,253.1,Education,P2M,Jaipur,Android_Phone,PhonePe,0,
TXN09635,2026-01-04 19:57:10,USR00321,USR00078,1659.42,Utilities,P2M,Jaipur,Android_Phone,GPay,1,high_amount
TXN04038,2026-01-04 19:58:46,USR00329,USR00247,3134.99,Fuel,P2P,Kolkata,Android_Phone,AmazonPay,0,
TXN07855,2026-01-04 20:04:28,USR00457,USR00313,8512.01,Healthcare,P2M,Lucknow,Web,GPay,0,
TXN01443,2026-01-04 20:12:42,USR00399,USR00345,9913.51,Fuel,P2M,Delhi,Tablet,PhonePe,0,
TXN08552,2026-01-04 20:20:25,USR00235,USR00352,2686.9,Food Delivery,P2M,Pune,iPhone,BHIM,0,
TXN07029,2026-01-04 20:25:41,USR00407,USR00334,1104.02,Rent,P2P,Pune,Web,Paytm,0,
TXN02804,2026-01-04 20:43:13,USR00411,USR00478,1729.35,Healthcare,P2M,Chennai,Web,Paytm,0,
TXN03305,2026-01-04 20:44:51,USR00240,USR00495,397.65,Education,P2P,Delhi,Web,BHIM,0,
TXN02211,2026-01-04 20:49:22,USR00180,USR00126,928.68,Healthcare,P2M,Jaipur,Tablet,AmazonPay,0,
TXN09105,2026-01-04 20:51:22,USR00018,USR00047,2935.5,Rent,P2M,Mumbai,Android_Phone,PhonePe,0,
TXN00863,2026-01-04 20:58:38,USR00016,USR00210,101.59,Entertainment,P2P,Surat,Android_Phone,GPay,0,
TXN00780,2026-01-04 21:15:36,USR00182,USR00262,472.21,Healthcare,P2M,Delhi,Tablet,BHIM,0,
TXN01919,2026-01-04 21:16:34,USR00031,USR00403,1262.92,Healthcare,P2M,Hyderabad,iPhone,BHIM,0,
TXN00909,2026-01-04 21:23:13,USR00250,USR00440,1043.01,P2P Transfer,P2M,Chennai,Android_Phone,AmazonPay,0,
TXN07052,2026-01-04 21:34:01,USR00195,USR00379,286.37,P2P Transfer,P2M,Pune,Android_Phone,BHIM,0,
TXN02172,2026-01-04 21:38:41,USR00090,USR00404,492.2,P2P Transfer,P2M,Jaipur,Tablet,Paytm,0,
TXN09089,2026-01-04 21:49:33,USR00352,USR00113,645.82,Fuel,P2P,Jaipur,Tablet,Paytm,0,
TXN01421,2026-01-04 21:59:32,USR00303,USR00457,151.75,Food Delivery,P2P,Chennai,Web,GPay,0,
TXN06130,2026-01-04 22:28:20,USR00068,USR00352,1310.81,P2P Transfer,P2P,Ahmedabad,Web,Paytm,0,
TXN07961,2026-01-04 22:30:15,USR00081,USR00035,6734.9,Education,P2M,Jaipur,Tablet,PhonePe,0,
TXN01236,2026-01-04 22:39:02,USR00416,USR00326,6062.94,Food Delivery,P2M,Bengaluru,Android_Phone,BHIM,0,
TXN03735,2026-01-04 22:43:11,USR00278,USR00367,600.49,Shopping,P2P,Bengaluru,iPhone,Paytm,0,
TXN01479,2026-01-04 22:43:59,USR00307,USR00364,8807.77,Rent,P2P,Hyderabad,Web,Paytm,0,
TXN03112,2026-01-04 22:52:54,USR00177,USR00133,8106.27,Shopping,P2M,Chennai,Tablet,PhonePe,0,
TXN00808,2026-01-04 22:53:32,USR00053,USR00221,14037.29,Healthcare,P2P,Mumbai,Web,Paytm,0,
TXN07848,2026-01-04 22:59:38,USR00407,USR00363,1397.71,Utilities,P2M,Pune,Web,Paytm,0,
TXN09964,2026-01-05 01:28:30,USR00028,USR00452,159113.31,Shopping,P2M,Delhi,Android_Phone,PhonePe,1,"odd_hour,high_amount"
TXN10067,2026-01-05 03:03:00,USR00053,USR00250,21223.38,P2P Transfer,P2M,Mumbai,Web,Paytm,1,rapid_burst
TXN10068,2026-01-05 03:04:00,USR00053,USR00054,22678.03,Rent,P2P,Mumbai,Web,Paytm,1,rapid_burst
TXN10069,2026-01-05 03:09:00,USR00053,USR00491,23817.35,Grocery,P2P,Mumbai,Web,Paytm,1,rapid_burst
TXN10071,2026-01-05 03:11:00,USR00053,USR00221,19064.31,Entertainment,P2P,Mumbai,Web,Paytm,1,rapid_burst
TXN10070,2026-01-05 03:12:00,USR00053,USR00054,20096.83,Grocery,P2P,Mumbai,Web,Paytm,1,rapid_burst
TXN07637,2026-01-05 06:00:55,USR00232,USR00115,80.54,Fuel,P2M,Hyderabad,iPhone,AmazonPay,0,
TXN09469,2026-01-05 06:02:33,USR00498,USR00495,91873.14,Fuel,P2M,Mumbai,Web,GPay,1,high_amount
TXN01629,2026-01-05 06:16:00,USR00189,USR00119,11048.61,Healthcare,P2P,Mumbai,iPhone,AmazonPay,0,
TXN05691,2026-01-05 07:12:04,USR00390,USR00265,82.39,Food Delivery,P2P,Surat,Web,GPay,0,
TXN03505,2026-01-05 07:16:29,USR00016,USR00181,132.19,P2P Transfer,P2P,Surat,Android_Phone,GPay,0,
TXN06220,2026-01-05 07:24:42,USR00174,USR00152,272.35,Travel,P2P,Mumbai,Web,AmazonPay,0,
TXN05627,2026-01-05 07:26:35,USR00271,USR00195,204.33,Rent,P2P,Nagpur,Tablet,PhonePe,0,
TXN08484,2026-01-05 07:36:01,USR00469,USR00429,750.3,Utilities,P2P,Mumbai,iPhone,GPay,0,
TXN08682,2026-01-05 07:43:35,USR00021,USR00482,13599.78,Travel,P2P,Surat,Android_Phone,AmazonPay,0,
TXN07939,2026-01-05 07:46:48,USR00307,USR00487,6194.03,Education,P2M,Hyderabad,Web,Paytm,0,
TXN09918,2026-01-05 07:48:01,USR00121,USR00129,476.47,Rent,P2M,Bengaluru,Web,AmazonPay,1,"rapid_burst,new_location"
TXN07015,2026-01-05 07:50:56,USR00463,USR00012,1597.14,Utilities,P2P,Lucknow,iPhone,PhonePe,0,
TXN01544,2026-01-05 08:05:03,USR00360,USR00491,3344.0,Utilities,P2P,Jaipur,Tablet,Paytm,0,
TXN04214,2026-01-05 08:16:44,USR00272,USR00125,5500.56,Healthcare,P2M,Lucknow,Android_Phone,AmazonPay,0,
TXN03960,2026-01-05 08:32:07,USR00453,USR00195,108.74,Entertainment,P2M,Surat,Tablet,AmazonPay,0,
TXN06342,2026-01-05 08:59:11,USR00186,USR00372,5572.68,Shopping,P2M,Jaipur,Tablet,GPay,0,
TXN00858,2026-01-05 09:15:44,USR00371,USR00189,193.6,Rent,P2M,Pune,Tablet,PhonePe,0,
TXN05940,2026-01-05 09:19:21,USR00032,USR00420,456.16,Food Delivery,P2M,Chennai,Tablet,PhonePe,0,
TXN06499,2026-01-05 09:24:03,USR00242,USR00465,16935.65,Grocery,P2M,Kolkata,Android_Phone,Paytm,0,
TXN02091,2026-01-05 09:36:02,USR00035,USR00412,4286.33,Rent,P2P,Nagpur,Android_Phone,PhonePe,0,
TXN08918,2026-01-05 09:36:18,USR00105,USR00432,398.45,Healthcare,P2M,Delhi,iPhone,Paytm,0,
TXN08995,2026-01-05 09:37:06,USR00078,USR00467,2182.17,Utilities,P2M,Mumbai,Tablet,BHIM,0,
TXN06280,2026-01-05 09:50:39,USR00322,USR00261,263.23,P2P Transfer,P2P,Kolkata,iPhone,AmazonPay,0,
TXN09187,2026-01-05 10:10:00,USR00430,USR00098,16003.16,P2P Transfer,P2P,Delhi,iPhone,BHIM,0,
TXN00690,2026-01-05 10:13:47,USR00327,USR00375,10843.25,Healthcare,P2P,Lucknow,Tablet,Paytm,0,
TXN06156,2026-01-05 10:36:59,USR00211,USR00044,3465.46,Rent,P2P,Hyderabad,Web,PhonePe,0,
TXN00047,2026-01-05 11:21:03,USR00494,USR00476,8981.26,Grocery,P2M,Bengaluru,iPhone,AmazonPay,0,
TXN07097,2026-01-05 11:25:59,USR00352,USR00452,488.39,Utilities,P2M,Jaipur,Tablet,Paytm,0,
TXN08594,2026-01-05 11:46:19,USR00370,USR00091,1580.97,Rent,P2P,Ahmedabad,iPhone,AmazonPay,0,
TXN03250,2026-01-05 11:47:44,USR00464,USR00046,1453.85,Grocery,P2P,Nagpur,iPhone,BHIM,0,
TXN07884,2026-01-05 11:50:34,USR00018,USR00047,4247.68,Fuel,P2M,Mumbai,Android_Phone,PhonePe,0,
TXN04671,2026-01-05 11:53:05,USR00179,USR00314,1490.77,Grocery,P2M,Surat,Android_Phone,PhonePe,0,
TXN06919,2026-01-05 11:53:21,USR00083,USR00210,12217.26,Education,P2M,Kolkata,Web,AmazonPay,0,
TXN07494,2026-01-05 11:55:47,USR00159,USR00287,6230.7,Shopping,P2M,Kolkata,Android_Phone,PhonePe,0,
TXN05848,2026-01-05 12:01:18,USR00455,USR00272,3346.41,Entertainment,P2M,Chennai,iPhone,GPay,0,
TXN02460,2026-01-05 12:02:38,USR00028,USR00452,12706.9,Shopping,P2M,Delhi,Android_Phone,PhonePe,0,
TXN07731,2026-01-05 12:08:32,USR00450,USR00248,361.71,P2P Transfer,P2M,Kolkata,iPhone,AmazonPay,0,
TXN09389,2026-01-05 12:23:23,USR00076,USR00212,3867.14,Utilities,P2P,Delhi,iPhone,Paytm,0,
TXN08530,2026-01-05 12:23:48,USR00110,USR00023,186.04,P2P Transfer,P2P,Jaipur,Tablet,GPay,0,
TXN01513,2026-01-05 12:42:49,USR00390,USR00007,80.1,P2P Transfer,P2P,Surat,Web,GPay,0,
TXN03323,2026-01-05 12:43:08,USR00056,USR00264,7582.83,Rent,P2P,Hyderabad,Web,PhonePe,0,
TXN03353,2026-01-05 12:43:41,USR00468,USR00003,8924.39,Rent,P2M,Delhi,Tablet,AmazonPay,0,
TXN01703,2026-01-05 12:44:47,USR00047,USR00013,1530.32,Entertainment,P2P,Ahmedabad,iPhone,BHIM,0,
TXN00419,2026-01-05 12:52:44,USR00053,USR00491,14101.95,Education,P2P,Mumbai,Web,Paytm,0,
TXN02246,2026-01-05 12:54:15,USR00477,USR00242,179.34,Entertainment,P2M,Surat,Web,PhonePe,0,
TXN05488,2026-01-05 13:10:57,USR00427,USR00000,893.03,Travel,P2P,Jaipur,Web,AmazonPay,0,
TXN05650,2026-01-05 13:16:22,USR00394,USR00180,13577.97,P2P Transfer,P2P,Chennai,iPhone,Paytm,0,
TXN06047,2026-01-05 13:22:41,USR00230,USR00071,6037.96,Education,P2M,Jaipur,iPhone,PhonePe,0,
TXN02071,2026-01-05 13:28:18,USR00225,USR00218,36.18,Education,P2P,Chennai,iPhone,PhonePe,0,
TXN00730,2026-01-05 13:32:16,USR00230,USR00071,17235.57,Healthcare,P2M,Jaipur,iPhone,PhonePe,0,
TXN06048,2026-01-05 13:33:19,USR00222,USR00247,164.07,Education,P2M,Chennai,iPhone,Paytm,0,
TXN03501,2026-01-05 13:50:26,USR00292,USR00409,159.85,Healthcare,P2M,Jaipur,Android_Phone,PhonePe,0,
TXN06925,2026-01-05 13:50:32,USR00302,USR00348,3667.12,Fuel,P2M,Surat,Tablet,PhonePe,0,
TXN03477,2026-01-05 13:54:08,USR00063,USR00288,6509.04,Grocery,P2P,Bengaluru,Android_Phone,Paytm,0,
TXN03149,2026-01-05 14:13:07,USR00064,USR00316,454.12,P2P Transfer,P2P,Lucknow,Tablet,BHIM,0,
TXN01430,2026-01-05 14:17:27,USR00214,USR00320,1603.43,Food Delivery,P2P,Chennai,Android_Phone,BHIM,0,
TXN03299,2026-01-05 14:31:17,USR00427,USR00000,1099.67,P2P Transfer,P2P,Jaipur,Web,AmazonPay,0,
TXN01048,2026-01-05 14:42:54,USR00130,USR00191,302.94,Rent,P2M,Kolkata,iPhone,GPay,0,
TXN05411,2026-01-05 14:50:28,USR00030,USR00409,1071.59,Healthcare,P2P,Pune,iPhone,PhonePe,0,
TXN07222,2026-01-05 14:53:29,USR00138,USR00188,14127.67,Utilities,P2M,Surat,Android_Phone,BHIM,0,
TXN05128,2026-01-05 14:54:29,USR00072,USR00496,2413.33,Healthcare,P2M,Delhi,Tablet,BHIM,0,
TXN07037,2026-01-05 15:10:39,USR00250,USR00429,1356.49,Education,P2P,Chennai,Android_Phone,AmazonPay,0,
TXN07136,2026-01-05 15:19:01,USR00253,USR00433,284.42,Utilities,P2M,Hyderabad,Android_Phone,PhonePe,0,
TXN02609,2026-01-05 15:23:11,USR00295,USR00075,313.81,Healthcare,P2P,Kolkata,Android_Phone,AmazonPay,0,
TXN01986,2026-01-05 15:24:38,USR00168,USR00286,630.74,Fuel,P2P,Chennai,Tablet,Paytm,0,
TXN09971,2026-01-05 15:27:24,USR00324,USR00343,102136.45,Grocery,P2P,Nagpur,iPhone,GPay,1,high_amount
TXN00679,2026-01-05 15:34:09,USR00142,USR00120,21926.44,Utilities,P2P,Mumbai,Tablet,Paytm,0,
TXN07496,2026-01-05 15:39:47,USR00343,USR00257,2612.53,Fuel,P2P,Nagpur,iPhone,Paytm,0,
TXN00978,2026-01-05 15:41:17,USR00310,USR00065,3618.13,Healthcare,P2P,Hyderabad,iPhone,Paytm,0,
TXN00038,2026-01-05 15:42:24,USR00334,USR00060,3207.68,Utilities,P2M,Delhi,Tablet,GPay,0,
TXN09322,2026-01-05 15:57:37,USR00254,USR00006,1653.22,Grocery,P2P,Hyderabad,Android_Phone,PhonePe,0,
TXN03825,2026-01-05 16:00:30,USR00090,USR00404,314.37,Education,P2P,Jaipur,Tablet,Paytm,0,
TXN01879,2026-01-05 16:15:03,USR00113,USR00207,108.36,Grocery,P2M,Hyderabad,Tablet,Paytm,0,
TXN03843,2026-01-05 16:32:47,USR00151,USR00314,243.31,Rent,P2P,Surat,iPhone,PhonePe,0,
TXN08605,2026-01-05 16:38:05,USR00405,USR00332,1659.52,Fuel,P2M,Lucknow,iPhone,Paytm,0,
TXN02561,2026-01-05 17:00:10,USR00238,USR00137,601.94,Entertainment,P2M,Ahmedabad,Tablet,BHIM,0,
TXN04034,2026-01-05 17:01:33,USR00134,USR00259,2456.28,Shopping,P2M,Delhi,Web,BHIM,0,
TXN06530,2026-01-05 17:14:46,USR00198,USR00168,429.13,Rent,P2P,Bengaluru,Web,AmazonPay,0,
TXN00352,2026-01-05 17:17:31,USR00252,USR00158,3792.05,Grocery,P2P,Hyderabad,iPhone,AmazonPay,0,
TXN09848,2026-01-05 17:18:45,USR00439,USR00048,12840.71,P2P Transfer,P2P,Surat,Android_Phone,GPay,1,"new_location,new_device"
TXN05546,2026-01-05 17:37:20,USR00297,USR00455,16211.07,Rent,P2M,Mumbai,Tablet,GPay,0,
TXN06355,2026-01-05 18:05:17,USR00197,USR00211,5832.87,Food Delivery,P2P,Chennai,Tablet,GPay,0,
TXN06740,2026-01-05 18:24:26,USR00281,USR00200,179.36,Healthcare,P2M,Nagpur,Android_Phone,PhonePe,0,
TXN05282,2026-01-05 18:40:24,USR00199,USR00375,2195.19,Travel,P2M,Ahmedabad,Tablet,PhonePe,0,
TXN07440,2026-01-05 18:52:24,USR00440,USR00334,4737.93,P2P Transfer,P2P,Delhi,Tablet,AmazonPay,0,
TXN05196,2026-01-05 18:53:40,USR00236,USR00275,296.96,Shopping,P2M,Lucknow,Android_Phone,PhonePe,0,
TXN04447,2026-01-05 18:56:17,USR00337,USR00493,2974.52,Shopping,P2P,Chennai,Android_Phone,Paytm,0,
TXN00662,2026-01-05 19:18:10,USR00244,USR00067,11802.31,Rent,P2M,Ahmedabad,iPhone,PhonePe,0,
TXN08614,2026-01-05 19:21:36,USR00249,USR00401,14936.18,Education,P2M,Nagpur,iPhone,PhonePe,0,
TXN03853,2026-01-05 19:23:24,USR00459,USR00033,13368.27,Education,P2M,Pune,Tablet,PhonePe,0,
TXN09156,2026-01-05 19:27:54,USR00285,USR00053,2537.58,Rent,P2P,Mumbai,Web,Paytm,0,
TXN07190,2026-01-05 19:37:57,USR00432,USR00036,94.69,Entertainment,P2P,Jaipur,Web,Paytm,0,
TXN07202,2026-01-05 19:45:18,USR00258,USR00241,457.54,Healthcare,P2P,Pune,Android_Phone,BHIM,0,
TXN07576,2026-01-05 20:00:29,USR00338,USR00100,198.4,Travel,P2M,Delhi,Tablet,BHIM,0,
TXN09274,2026-01-05 20:02:37,USR00334,USR00161,6526.98,Fuel,P2M,Delhi,Tablet,GPay,0,
TXN01686,2026-01-05 20:18:43,USR00344,USR00006,323.86,Grocery,P2M,Surat,Tablet,AmazonPay,0,
TXN01001,2026-01-05 20:20:44,USR00337,USR00424,3620.44,Rent,P2M,Chennai,Android_Phone,Paytm,0,
TXN05988,2026-01-05 20:24:17,USR00000,USR00346,272.85,Education,P2M,Nagpur,iPhone,AmazonPay,0,
TXN03864,2026-01-05 20:44:09,USR00467,USR00278,7039.33,Rent,P2M,Mumbai,Web,GPay,0,
TXN02954,2026-01-05 20:55:07,USR00366,USR00347,14842.09,Education,P2P,Chennai,Web,BHIM,0,
TXN07041,2026-01-05 20:58:25,USR00299,USR00045,300.64,Healthcare,P2P,Nagpur,Web,PhonePe,0,
TXN01147,2026-01-05 21:03:38,USR00071,USR00439,224.25,Rent,P2M,Surat,Web,Paytm,0,
TXN07359,2026-01-05 21:07:59,USR00432,USR00375,182.27,Travel,P2P,Jaipur,Web,Paytm,0,
TXN08502,2026-01-05 21:10:51,USR00227,USR00343,6246.26,P2P Transfer,P2M,Ahmedabad,iPhone,BHIM,0,
TXN08148,2026-01-05 21:14:11,USR00220,USR00336,37.8,Entertainment,P2P,Delhi,Android_Phone,PhonePe,0,
TXN07590,2026-01-05 21:31:21,USR00079,USR00269,523.49,Grocery,P2P,Ahmedabad,Android_Phone,BHIM,0,
TXN02563,2026-01-05 21:50:24,USR00200,USR00433,856.03,Travel,P2M,Jaipur,Android_Phone,GPay,0,
TXN05663,2026-01-05 21:57:17,USR00048,USR00232,2251.94,Healthcare,P2P,Kolkata,Web,BHIM,0,
TXN06511,2026-01-05 22:00:01,USR00013,USR00373,252.71,Healthcare,P2M,Pune,Tablet,BHIM,0,
TXN05777,2026-01-05 22:06:42,USR00221,USR00382,325.55,Travel,P2M,Hyderabad,Android_Phone,AmazonPay,0,
TXN07521,2026-01-05 22:13:25,USR00053,USR00054,21546.46,Utilities,P2P,Mumbai,Web,Paytm,0,
TXN09295,2026-01-05 22:27:58,USR00268,USR00025,3716.79,Entertainment,P2M,Kolkata,Web,GPay,0,
TXN02746,2026-01-05 22:33:08,USR00007,USR00108,102.46,Shopping,P2P,Lucknow,iPhone,BHIM,0,
TXN02700,2026-01-05 22:37:49,USR00427,USR00000,1380.35,Education,P2P,Jaipur,Web,AmazonPay,0,
TXN04639,2026-01-05 22:40:41,USR00475,USR00326,6891.14,Food Delivery,P2M,Chennai,Web,Paytm,0,
TXN01778,2026-01-05 22:44:41,USR00492,USR00284,53.64,Food Delivery,P2M,Kolkata,Android_Phone,GPay,0,
TXN09926,2026-01-06 02:37:58,USR00116,USR00487,2669.18,Entertainment,P2M,Surat,iPhone,BHIM,1,odd_hour
TXN03172,2026-01-06 06:01:47,USR00098,USR00135,14755.35,Education,P2M,Mumbai,Web,BHIM,0,
TXN01815,2026-01-06 06:09:51,USR00451,USR00201,1235.45,Fuel,P2P,Jaipur,iPhone,PhonePe,0,
TXN02541,2026-01-06 06:11:05,USR00418,USR00409,1783.27,Fuel,P2M,Kolkata,Web,BHIM,0,
TXN01370,2026-01-06 06:14:48,USR00245,USR00196,2350.41,Utilities,P2P,Delhi,Tablet,GPay,0,
TXN01379,2026-01-06 06:24:51,USR00094,USR00227,3471.5,Shopping,P2P,Pune,Web,GPay,0,
TXN01884,2026-01-06 06:35:03,USR00001,USR00308,3659.03,Travel,P2P,Pune,iPhone,AmazonPay,0,
TXN03557,2026-01-06 06:41:42,USR00074,USR00282,106.15,Entertainment,P2M,Nagpur,iPhone,AmazonPay,0,
TXN07362,2026-01-06 06:53:07,USR00431,USR00426,8749.59,P2P Transfer,P2M,Pune,Android_Phone,GPay,0,
TXN09764,2026-01-06 07:03:06,USR00005,USR00181,84696.75,Education,P2P,Lucknow,Tablet,Paytm,1,"new_location,high_amount"
TXN08234,2026-01-06 07:14:19,USR00383,USR00411,198.68,Education,P2M,Kolkata,Android_Phone,BHIM,0,
TXN02417,2026-01-06 07:18:20,USR00438,USR00127,13964.28,Utilities,P2M,Chennai,Web,AmazonPay,0,
TXN05958,2026-01-06 07:27:34,USR00224,USR00011,183.13,Entertainment,P2P,Mumbai,Web,Paytm,0,
TXN06724,2026-01-06 07:38:04,USR00406,USR00489,498.52,Rent,P2M,Lucknow,Tablet,PhonePe,0,
TXN01253,2026-01-06 07:59:24,USR00105,USR00284,256.5,Food Delivery,P2M,Delhi,iPhone,Paytm,0,
TXN03369,2026-01-06 08:04:56,USR00277,USR00046,14236.47,Travel,P2P,Bengaluru,Web,PhonePe,0,
TXN09142,2026-01-06 08:05:48,USR00149,USR00257,804.02,Fuel,P2P,Jaipur,iPhone,GPay,0,
TXN09872,2026-01-06 08:21:24,USR00201,USR00111,3350.88,Entertainment,P2M,Chennai,iPhone,BHIM,1,"high_amount,new_location"
TXN02827,2026-01-06 08:25:25,USR00201,USR00004,295.64,Healthcare,P2P,Delhi,iPhone,BHIM,0,
TXN00080,2026-01-06 08:30:46,USR00213,USR00154,2309.96,Healthcare,P2M,Bengaluru,iPhone,GPay,0,
TXN06024,2026-01-06 08:36:29,USR00103,USR00221,362.51,Food Delivery,P2P,Delhi,Android_Phone,Paytm,0,
TXN02083,2026-01-06 08:49:44,USR00244,USR00067,8601.22,Education,P2M,Ahmedabad,iPhone,PhonePe,0,
TXN04988,2026-01-06 09:00:45,USR00306,USR00261,2348.1,Entertainment,P2P,Lucknow,Tablet,Paytm,0,
TXN05271,2026-01-06 09:01:04,USR00393,USR00246,6616.18,Grocery,P2M,Lucknow,Tablet,Paytm,0,
TXN01516,2026-01-06 09:19:00,USR00112,USR00379,444.83,Shopping,P2M,Delhi,Web,BHIM,0,
TXN09864,2026-01-06 09:24:35,USR00196,USR00405,459.9,Utilities,P2M,Hyderabad,Web,Paytm,1,new_receiver
TXN06352,2026-01-06 09:28:10,USR00124,USR00051,2011.4,Travel,P2M,Delhi,iPhone,AmazonPay,0,
TXN06669,2026-01-06 09:55:22,USR00296,USR00248,249.87,Education,P2P,Kolkata,Web,AmazonPay,0,
TXN09254,2026-01-06 10:06:27,USR00237,USR00335,235.99,Entertainment,P2M,Bengaluru,Android_Phone,PhonePe,0,
TXN01424,2026-01-06 10:18:38,USR00437,USR00420,510.36,Healthcare,P2P,Pune,iPhone,Paytm,0,
TXN06509,2026-01-06 10:34:00,USR00083,USR00271,13877.43,Fuel,P2P,Kolkata,Web,AmazonPay,0,
TXN04361,2026-01-06 10:36:55,USR00083,USR00271,9260.86,Grocery,P2P,Kolkata,Web,AmazonPay,0,
TXN02691,2026-01-06 10:56:10,USR00357,USR00027,8835.07,Travel,P2P,Mumbai,Web,PhonePe,0,
TXN00258,2026-01-06 11:05:26,USR00431,USR00426,10650.77,Fuel,P2M,Pune,Android_Phone,GPay,0,
TXN02573,2026-01-06 11:09:06,USR00439,USR00048,10343.18,Food Delivery,P2M,Nagpur,Tablet,GPay,0,
TXN05905,2026-01-06 11:15:04,USR00215,USR00171,926.01,Travel,P2P,Chennai,Tablet,AmazonPay,0,
TXN01653,2026-01-06 11:27:31,USR00423,USR00202,385.13,Utilities,P2P,Hyderabad,iPhone,GPay,0,
TXN01152,2026-01-06 11:34:24,USR00467,USR00413,8090.63,Travel,P2P,Mumbai,Web,GPay,0,
TXN09351,2026-01-06 11:44:47,USR00245,USR00374,2549.1,Grocery,P2M,Delhi,Tablet,GPay,0,
TXN01536,2026-01-06 12:10:57,USR00341,USR00203,11270.27,Fuel,P2P,Lucknow,Tablet,Paytm,0,
TXN01707,2026-01-06 12:12:55,USR00218,USR00419,676.93,Travel,P2P,Nagpur,Web,BHIM,0,
TXN02805,2026-01-06 12:15:32,USR00393,USR00059,7586.02,Travel,P2M,Lucknow,Tablet,Paytm,0,
TXN00882,2026-01-06 12:18:59,USR00082,USR00355,761.47,P2P Transfer,P2P,Ahmedabad,Android_Phone,GPay,0,
TXN09364,2026-01-06 12:25:34,USR00455,USR00272,2050.6,Shopping,P2P,Chennai,iPhone,GPay,0,
TXN04283,2026-01-06 12:46:24,USR00236,USR00143,384.81,Fuel,P2P,Lucknow,Android_Phone,PhonePe,0,
TXN03673,2026-01-06 12:46:36,USR00464,USR00046,1589.8,Healthcare,P2M,Nagpur,iPhone,BHIM,0,
TXN08890,2026-01-06 12:51:32,USR00148,USR00421,1285.55,Fuel,P2M,Jaipur,Tablet,PhonePe,0,
TXN09000,2026-01-06 13:02:27,USR00386,USR00205,398.68,Travel,P2M,Delhi,iPhone,Paytm,0,
TXN03986,2026-01-06 13:20:47,USR00305,USR00156,506.67,P2P Transfer,P2M,Hyderabad,iPhone,Paytm,0,
TXN02431,2026-01-06 13:23:07,USR00209,USR00283,783.64,Shopping,P2P,Pune,Tablet,PhonePe,0,
TXN05714,2026-01-06 13:30:00,USR00090,USR00404,488.27,Rent,P2M,Jaipur,Tablet,Paytm,0,
TXN05197,2026-01-06 13:43:15,USR00358,USR00221,2632.56,Healthcare,P2P,Surat,Tablet,GPay,0,
TXN04089,2026-01-06 13:43:22,USR00087,USR00325,76.6,Entertainment,P2M,Pune,Web,Paytm,0,
TXN06620,2026-01-06 14:03:03,USR00057,USR00364,330.05,Fuel,P2M,Nagpur,iPhone,GPay,0,
TXN08876,2026-01-06 14:13:41,USR00403,USR00290,277.94,Grocery,P2M,Ahmedabad,Web,GPay,0,
TXN04889,2026-01-06 14:18:39,USR00155,USR00062,303.4,Utilities,P2P,Chennai,Android_Phone,BHIM,0,
TXN04648,2026-01-06 14:24:22,USR00370,USR00485,1387.4,Rent,P2M,Ahmedabad,iPhone,AmazonPay,0,
TXN09672,2026-01-06 14:25:09,USR00370,USR00091,1652.76,Travel,P2M,Ahmedabad,iPhone,AmazonPay,1,rapid_burst
TXN00498,2026-01-06 14:51:47,USR00008,USR00298,5320.32,Rent,P2M,Nagpur,Web,PhonePe,0,
TXN07777,2026-01-06 15:09:19,USR00165,USR00077,264.16,Education,P2P,Mumbai,iPhone,PhonePe,0,
TXN07837,2026-01-06 15:22:05,USR00342,USR00440,719.36,Rent,P2M,Nagpur,Web,PhonePe,0,
TXN04916,2026-01-06 15:27:02,USR00377,USR00472,467.53,Education,P2M,Bengaluru,Android_Phone,BHIM,0,
TXN04410,2026-01-06 15:51:43,USR00334,USR00381,3459.99,Healthcare,P2P,Delhi,Tablet,GPay,0,
TXN03377,2026-01-06 16:02:01,USR00246,USR00346,3262.07,Utilities,P2P,Kolkata,iPhone,GPay,0,
TXN03475,2026-01-06 16:08:52,USR00175,USR00169,2399.87,Entertainment,P2P,Bengaluru,Tablet,PhonePe,0,
TXN00050,2026-01-06 16:15:44,USR00241,USR00023,7129.08,Grocery,P2P,Chennai,Tablet,BHIM,0,
TXN05951,2026-01-06 16:16:17,USR00435,USR00432,5806.5,Food Delivery,P2M,Chennai,Tablet,BHIM,0,
TXN07983,2026-01-06 16:24:41,USR00291,USR00430,10759.73,Fuel,P2P,Lucknow,Tablet,BHIM,0,
TXN00043,2026-01-06 16:24:42,USR00090,USR00404,474.34,Entertainment,P2M,Jaipur,Tablet,Paytm,0,
TXN07012,2026-01-06 16:25:57,USR00216,USR00495,1140.94,Healthcare,P2P,Chennai,Tablet,Paytm,0,
TXN09733,2026-01-06 16:27:21,USR00403,USR00335,450.22,Healthcare,P2M,Ahmedabad,Web,GPay,1,new_receiver
TXN00231,2026-01-06 17:08:31,USR00059,USR00061,10860.22,Fuel,P2M,Nagpur,Android_Phone,AmazonPay,0,
TXN07381,2026-01-06 17:16:50,USR00464,USR00058,598.23,Food Delivery,P2M,Nagpur,iPhone,BHIM,0,
TXN01194,2026-01-06 17:22:41,USR00417,USR00052,10634.66,Education,P2P,Mumbai,iPhone,PhonePe,0,
TXN02520,2026-01-06 17:56:19,USR00159,USR00291,5299.37,Utilities,P2M,Kolkata,Android_Phone,PhonePe,0,
TXN06201,2026-01-06 17:57:19,USR00368,USR00464,1652.37,Utilities,P2M,Lucknow,Android_Phone,AmazonPay,0,
TXN08154,2026-01-06 18:01:36,USR00469,USR00471,567.14,P2P Transfer,P2M,Mumbai,iPhone,GPay,0,
TXN07630,2026-01-06 18:02:03,USR00471,USR00033,7807.9,Travel,P2M,Delhi,Tablet,PhonePe,0,
TXN06758,2026-01-06 18:09:25,USR00152,USR00485,220.42,Entertainment,P2P,Mumbai,Android_Phone,AmazonPay,0,
TXN07142,2026-01-06 18:17:07,USR00052,USR00435,9394.33,Education,P2P,Nagpur,Android_Phone,GPay,0,
TXN08022,2026-01-06 18:22:18,USR00098,USR00064,7615.2,P2P Transfer,P2M,Mumbai,Web,BHIM,0,
TXN08833,2026-01-06 18:31:14,USR00209,USR00283,739.55,Grocery,P2P,Pune,Tablet,PhonePe,0,
TXN00286,2026-01-06 18:32:06,USR00421,USR00242,1538.18,Rent,P2P,Jaipur,Android_Phone,Paytm,0,
TXN06547,2026-01-06 18:35:19,USR00286,USR00247,279.85,Entertainment,P2P,Chennai,Android_Phone,PhonePe,0,
TXN04953,2026-01-06 18:44:07,USR00167,USR00285,8657.07,P2P Transfer,P2P,Lucknow,Web,Paytm,0,
TXN09384,2026-01-06 18:45:10,USR00155,USR00238,207.71,Education,P2P,Chennai,Android_Phone,BHIM,0,
TXN00816,2026-01-06 18:58:58,USR00017,USR00274,111.62,Utilities,P2M,Pune,Android_Phone,PhonePe,0,
TXN01804,2026-01-06 19:01:39,USR00229,USR00198,7608.91,Utilities,P2P,Nagpur,Web,AmazonPay,0,
TXN07007,2026-01-06 19:29:10,USR00463,USR00165,1706.09,Fuel,P2P,Lucknow,iPhone,PhonePe,0,
TXN00540,2026-01-06 19:33:57,USR00127,USR00393,1146.72,Rent,P2M,Surat,Web,AmazonPay,0,
TXN01679,2026-01-06 19:52:24,USR00042,USR00162,6834.56,Rent,P2M,Surat,Tablet,BHIM,0,
TXN06380,2026-01-06 20:04:56,USR00092,USR00019,10640.81,Fuel,P2M,Bengaluru,Android_Phone,Paytm,0,
TXN00110,2026-01-06 20:08:43,USR00374,USR00225,8253.91,Food Delivery,P2M,Ahmedabad,Tablet,PhonePe,0,
TXN04934,2026-01-06 20:35:22,USR00246,USR00328,3424.05,Grocery,P2M,Kolkata,iPhone,GPay,0,
TXN07738,2026-01-06 20:35:58,USR00293,USR00040,617.02,Travel,P2M,Bengaluru,iPhone,BHIM,0,
TXN02416,2026-01-06 20:36:03,USR00124,USR00051,2543.48,Travel,P2P,Delhi,iPhone,AmazonPay,0,
TXN06691,2026-01-06 20:38:03,USR00000,USR00379,299.96,Shopping,P2P,Nagpur,iPhone,AmazonPay,0,
TXN06793,2026-01-06 20:48:52,USR00234,USR00230,162.8,Shopping,P2M,Hyderabad,iPhone,Paytm,0,
TXN03855,2026-01-06 20:52:16,USR00265,USR00121,252.67,Travel,P2P,Surat,Tablet,Paytm,0,
TXN03560,2026-01-06 21:21:43,USR00095,USR00305,64.3,Rent,P2P,Delhi,Tablet,GPay,0,
TXN05011,2026-01-06 21:34:04,USR00094,USR00486,2464.51,Education,P2P,Pune,Web,GPay,0,
TXN09330,2026-01-06 21:42:15,USR00066,USR00149,5802.15,Fuel,P2P,Nagpur,Tablet,Paytm,0,
TXN03332,2026-01-06 21:51:38,USR00132,USR00121,8338.58,P2P Transfer,P2P,Delhi,Tablet,PhonePe,0,
TXN00908,2026-01-06 21:57:34,USR00014,USR00003,1690.1,Shopping,P2P,Mumbai,Web,GPay,0,
TXN04435,2026-01-06 21:58:13,USR00298,USR00497,488.24,Food Delivery,P2P,Ahmedabad,Web,PhonePe,0,
TXN09181,2026-01-06 22:06:54,USR00310,USR00065,2795.34,Grocery,P2M,Hyderabad,iPhone,Paytm,0,
TXN02957,2026-01-06 22:15:45,USR00311,USR00150,400.38,Grocery,P2M,Chennai,Tablet,GPay,0,
TXN01706,2026-01-06 22:33:44,USR00494,USR00378,8284.33,Food Delivery,P2P,Bengaluru,iPhone,AmazonPay,0,
TXN01887,2026-01-06 22:34:00,USR00216,USR00495,960.63,Food Delivery,P2M,Chennai,Tablet,Paytm,0,
TXN05461,2026-01-06 22:34:07,USR00168,USR00478,457.56,Grocery,P2P,Chennai,Tablet,Paytm,0,
TXN05950,2026-01-06 22:35:10,USR00181,USR00280,1265.69,Education,P2M,Delhi,Web,PhonePe,0,
TXN07021,2026-01-06 22:57:18,USR00016,USR00216,149.21,Food Delivery,P2P,Surat,Android_Phone,GPay,0,
TXN10023,2026-01-07 00:18:00,USR00290,USR00137,108.52,P2P Transfer,P2P,Ahmedabad,Tablet,GPay,1,rapid_burst
TXN10024,2026-01-07 00:19:00,USR00290,USR00137,123.16,Healthcare,P2M,Ahmedabad,Tablet,GPay,1,rapid_burst
TXN10026,2026-01-07 00:21:00,USR00290,USR00115,91.29,Travel,P2M,Ahmedabad,Tablet,GPay,1,rapid_burst
TXN10025,2026-01-07 00:22:00,USR00290,USR00115,113.0,Healthcare,P2M,Ahmedabad,Tablet,GPay,1,rapid_burst
TXN09656,2026-01-07 00:22:08,USR00217,USR00303,12007.8,Travel,P2P,Delhi,Web,AmazonPay,1,odd_hour
TXN09913,2026-01-07 00:33:00,USR00287,USR00152,2356.53,Entertainment,P2M,Surat,Web,BHIM,1,odd_hour
TXN09732,2026-01-07 00:53:16,USR00424,USR00173,1303.52,Education,P2P,Surat,Android_Phone,GPay,1,odd_hour
TXN10027,2026-01-07 02:01:00,USR00237,USR00030,283.37,Grocery,P2M,Bengaluru,Android_Phone,PhonePe,1,rapid_burst
TXN10028,2026-01-07 02:02:00,USR00237,USR00443,427.45,Travel,P2M,Bengaluru,Android_Phone,PhonePe,1,rapid_burst
TXN10029,2026-01-07 02:05:00,USR00237,USR00141,248.58,Fuel,P2M,Bengaluru,Android_Phone,PhonePe,1,rapid_burst
TXN09923,2026-01-07 02:38:12,USR00432,USR00375,154.46,Food Delivery,P2M,Chennai,Web,Paytm,1,"new_location,odd_hour"
TXN09786,2026-01-07 04:02:58,USR00170,USR00379,13662.31,P2P Transfer,P2P,Bengaluru,Web,AmazonPay,1,odd_hour
TXN10016,2026-01-07 04:27:00,USR00143,USR00070,4162.17,Food Delivery,P2M,Chennai,Web,Paytm,1,rapid_burst
TXN10017,2026-01-07 04:28:00,USR00143,USR00070,4114.67,Utilities,P2M,Chennai,Web,Paytm,1,rapid_burst
TXN10018,2026-01-07 04:31:00,USR00143,USR00293,3775.72,Shopping,P2M,Chennai,Web,Paytm,1,rapid_burst
TXN08835,2026-01-07 06:11:10,USR00482,USR00097,73.78,Grocery,P2P,Jaipur,Tablet,BHIM,0,
TXN03021,2026-01-07 06:11:12,USR00206,USR00243,5092.81,Utilities,P2M,Pune,iPhone,Paytm,0,
TXN00333,2026-01-07 06:12:15,USR00482,USR00472,69.82,P2P Transfer,P2P,Jaipur,Tablet,BHIM,0,
TXN09317,2026-01-07 06:21:53,USR00161,USR00411,125.4,Food Delivery,P2P,Mumbai,Android_Phone,BHIM,0,
TXN00226,2026-01-07 06:21:59,USR00285,USR00487,6190.77,Education,P2M,Mumbai,Web,Paytm,0,
TXN09409,2026-01-07 06:27:42,USR00132,USR00024,99824.31,Entertainment,P2P,Delhi,iPhone,PhonePe,1,"new_device,high_amount"
TXN09625,2026-01-07 06:30:34,USR00212,USR00401,434.1,Healthcare,P2M,Lucknow,Android_Phone,BHIM,1,rapid_burst
TXN09193,2026-01-07 06:40:56,USR00256,USR00134,1038.17,Rent,P2M,Jaipur,Web,AmazonPay,0,
TXN04598,2026-01-07 06:56:22,USR00287,USR00049,2720.76,Food Delivery,P2P,Surat,Web,BHIM,0,
TXN08036,2026-01-07 07:00:12,USR00270,USR00047,486.44,Travel,P2P,Pune,Android_Phone,Paytm,0,
TXN08327,2026-01-07 07:05:05,USR00138,USR00063,18134.55,Grocery,P2P,Surat,Android_Phone,BHIM,0,
TXN02110,2026-01-07 07:11:35,USR00083,USR00125,16232.33,P2P Transfer,P2M,Kolkata,Web,AmazonPay,0,
TXN07871,2026-01-07 07:15:31,USR00143,USR00070,5043.67,Fuel,P2M,Chennai,Web,Paytm,0,
TXN03129,2026-01-07 07:24:21,USR00193,USR00370,412.94,Education,P2P,Chennai,Tablet,PhonePe,0,
TXN02230,2026-01-07 07:37:21,USR00074,USR00007,53.06,Healthcare,P2P,Nagpur,iPhone,AmazonPay,0,
TXN06083,2026-01-07 07:51:55,USR00390,USR00207,98.13,Healthcare,P2M,Surat,Web,GPay,0,
TXN08440,2026-01-07 07:53:29,USR00479,USR00192,519.63,Utilities,P2M,Hyderabad,iPhone,AmazonPay,0,
TXN05921,2026-01-07 08:18:01,USR00470,USR00090,9407.38,Healthcare,P2P,Lucknow,Web,AmazonPay,0,
TXN03074,2026-01-07 08:54:19,USR00395,USR00111,1499.25,Utilities,P2P,Delhi,Web,AmazonPay,0,
TXN00766,2026-01-07 09:57:02,USR00112,USR00009,395.63,Entertainment,P2P,Delhi,Web,BHIM,0,
TXN07255,2026-01-07 10:05:40,USR00389,USR00357,125.05,Utilities,P2M,Mumbai,iPhone,GPay,0,
TXN07006,2026-01-07 10:17:04,USR00094,USR00227,3746.14,Healthcare,P2M,Pune,Web,GPay,0,
TXN05238,2026-01-07 10:23:25,USR00024,USR00125,2157.08,Travel,P2P,Chennai,iPhone,Paytm,0,
TXN04665,2026-01-07 10:31:22,USR00180,USR00390,1335.24,Healthcare,P2M,Jaipur,Tablet,AmazonPay,0,
TXN05358,2026-01-07 10:32:37,USR00182,USR00262,1679.73,Fuel,P2P,Delhi,Tablet,BHIM,0,
TXN00463,2026-01-07 10:40:09,USR00035,USR00266,4707.14,Utilities,P2P,Nagpur,Android_Phone,PhonePe,0,
TXN06679,2026-01-07 10:53:09,USR00367,USR00423,1412.59,Healthcare,P2P,Surat,iPhone,AmazonPay,0,
TXN01009,2026-01-07 11:05:19,USR00066,USR00149,13172.89,Fuel,P2M,Nagpur,Tablet,Paytm,0,
TXN01859,2026-01-07 11:07:38,USR00385,USR00295,4714.1,Food Delivery,P2P,Hyderabad,Tablet,BHIM,0,
TXN00681,2026-01-07 11:13:55,USR00242,USR00352,15019.62,Rent,P2M,Kolkata,Android_Phone,Paytm,0,
TXN04886,2026-01-07 11:28:32,USR00477,USR00330,176.1,Healthcare,P2M,Surat,Web,PhonePe,0,
TXN07152,2026-01-07 11:35:08,USR00287,USR00049,3187.38,Food Delivery,P2P,Surat,Web,BHIM,0,
TXN03542,2026-01-07 11:39:56,USR00343,USR00355,2796.94,Healthcare,P2M,Nagpur,iPhone,Paytm,0,
TXN00066,2026-01-07 11:41:23,USR00081,USR00035,9917.58,Shopping,P2M,Jaipur,Tablet,PhonePe,0,
TXN02109,2026-01-07 11:42:06,USR00169,USR00365,17869.49,Utilities,P2M,Mumbai,Web,BHIM,0,
TXN08244,2026-01-07 11:52:21,USR00200,USR00429,964.78,Rent,P2P,Jaipur,Android_Phone,GPay,0,
TXN04374,2026-01-07 11:53:13,USR00033,USR00347,697.34,Grocery,P2P,Hyderabad,Android_Phone,AmazonPay,0,
TXN01963,2026-01-07 12:06:25,USR00358,USR00008,2122.31,P2P Transfer,P2M,Surat,Tablet,GPay,0,
TXN05538,2026-01-07 12:13:09,USR00256,USR00364,693.23,Shopping,P2M,Jaipur,Web,AmazonPay,0,
TXN07109,2026-01-07 12:17:05,USR00228,USR00361,918.09,Healthcare,P2P,Lucknow,Tablet,Paytm,0,
TXN00180,2026-01-07 12:19:36,USR00147,USR00239,115.09,Shopping,P2P,Mumbai,Tablet,AmazonPay,0,
TXN05468,2026-01-07 12:29:52,USR00203,USR00098,254.59,P2P Transfer,P2M,Delhi,Android_Phone,Paytm,0,
TXN01249,2026-01-07 12:34:01,USR00328,USR00409,16318.67,Entertainment,P2M,Nagpur,Tablet,PhonePe,0,
TXN03606,2026-01-07 12:40:21,USR00253,USR00488,325.09,Healthcare,P2M,Hyderabad,Android_Phone,PhonePe,0,
TXN04699,2026-01-07 12:41:05,USR00189,USR00148,13516.96,Entertainment,P2P,Mumbai,iPhone,AmazonPay,0,
TXN04075,2026-01-07 13:09:22,USR00006,USR00397,911.59,Entertainment,P2M,Hyderabad,Tablet,GPay,0,
TXN00130,2026-01-07 13:18:18,USR00214,USR00483,1398.31,Travel,P2P,Chennai,Android_Phone,BHIM,0,
TXN01307,2026-01-07 13:41:15,USR00463,USR00012,2113.39,Entertainment,P2M,Lucknow,iPhone,PhonePe,0,
TXN06610,2026-01-07 13:43:34,USR00197,USR00189,5469.26,Fuel,P2M,Chennai,Tablet,GPay,0,
TXN06481,2026-01-07 13:50:37,USR00421,USR00348,1765.9,Grocery,P2P,Jaipur,Android_Phone,Paytm,0,
TXN09006,2026-01-07 14:02:16,USR00463,USR00211,2977.83,Fuel,P2M,Lucknow,iPhone,PhonePe,0,
TXN03366,2026-01-07 14:15:41,USR00389,USR00261,79.58,Entertainment,P2P,Mumbai,iPhone,GPay,0,
TXN04969,2026-01-07 14:31:17,USR00097,USR00443,1209.14,Grocery,P2P,Bengaluru,Web,GPay,0,
TXN09305,2026-01-07 14:50:01,USR00370,USR00289,857.6,Travel,P2M,Ahmedabad,iPhone,AmazonPay,0,
TXN04736,2026-01-07 15:01:15,USR00431,USR00455,12287.69,Grocery,P2M,Pune,Android_Phone,GPay,0,
TXN05721,2026-01-07 15:03:30,USR00232,USR00140,52.22,Entertainment,P2M,Hyderabad,iPhone,AmazonPay,0,
TXN03215,2026-01-07 15:12:02,USR00180,USR00348,713.41,Rent,P2P,Jaipur,Tablet,AmazonPay,0,
TXN01757,2026-01-07 15:15:28,USR00141,USR00038,2818.54,Rent,P2M,Hyderabad,Tablet,BHIM,0,
TXN04898,2026-01-07 15:25:41,USR00490,USR00114,254.5,Education,P2P,Ahmedabad,Tablet,AmazonPay,0,
TXN07138,2026-01-07 15:28:50,USR00194,USR00300,3726.32,Education,P2M,Delhi,Android_Phone,AmazonPay,0,
TXN07068,2026-01-07 15:49:06,USR00074,USR00282,40.12,P2P Transfer,P2P,Nagpur,iPhone,AmazonPay,0,
TXN06483,2026-01-07 15:56:29,USR00204,USR00350,3235.17,Shopping,P2P,Nagpur,iPhone,GPay,0,
TXN01664,2026-01-07 16:00:42,USR00022,USR00366,5121.93,Shopping,P2M,Hyderabad,Web,PhonePe,0,
TXN08895,2026-01-07 16:22:43,USR00305,USR00363,579.55,Utilities,P2P,Hyderabad,iPhone,Paytm,0,
TXN07615,2026-01-07 16:26:25,USR00469,USR00044,574.29,Fuel,P2M,Mumbai,iPhone,GPay,0,
TXN01890,2026-01-07 16:29:45,USR00052,USR00350,8614.64,Fuel,P2P,Nagpur,Android_Phone,GPay,0,
TXN02673,2026-01-07 16:37:23,USR00134,USR00259,2252.32,Shopping,P2P,Delhi,Web,BHIM,0,
TXN01857,2026-01-07 16:40:09,USR00074,USR00007,101.99,Utilities,P2P,Nagpur,iPhone,AmazonPay,0,
TXN04118,2026-01-07 17:13:53,USR00123,USR00185,5813.63,Rent,P2P,Surat,Android_Phone,PhonePe,0,
TXN02701,2026-01-07 17:19:31,USR00134,USR00010,2074.46,Rent,P2M,Delhi,Web,BHIM,0,
TXN02543,2026-01-07 17:19:39,USR00060,USR00184,1041.68,Travel,P2M,Delhi,Web,PhonePe,0,
TXN02622,2026-01-07 17:19:49,USR00178,USR00341,276.72,Grocery,P2P,Surat,Web,GPay,0,
TXN01669,2026-01-07 17:26:13,USR00320,USR00304,8578.38,Healthcare,P2M,Jaipur,Web,GPay,0,
TXN06446,2026-01-07 17:46:26,USR00452,USR00031,1858.76,Food Delivery,P2P,Pune,Web,BHIM,0,
TXN08442,2026-01-07 18:08:58,USR00402,USR00074,2481.64,Fuel,P2P,Kolkata,Tablet,PhonePe,0,
TXN05502,2026-01-07 18:10:06,USR00345,USR00082,1747.07,Utilities,P2P,Pune,Android_Phone,Paytm,0,
TXN08851,2026-01-07 18:56:24,USR00276,USR00162,2358.46,Travel,P2M,Bengaluru,Web,Paytm,0,
TXN08180,2026-01-07 19:33:02,USR00315,USR00273,450.4,Grocery,P2P,Mumbai,Tablet,Paytm,0,
TXN05709,2026-01-07 19:34:13,USR00477,USR00018,285.57,Travel,P2P,Surat,Web,PhonePe,0,
TXN02855,2026-01-07 19:49:11,USR00191,USR00213,132.68,Education,P2M,Jaipur,Tablet,Paytm,0,
TXN07200,2026-01-07 19:50:49,USR00434,USR00218,353.66,Healthcare,P2M,Surat,Web,PhonePe,0,
TXN07461,2026-01-07 20:00:00,USR00162,USR00378,1999.17,Travel,P2P,Kolkata,iPhone,AmazonPay,0,
TXN03894,2026-01-07 20:02:17,USR00293,USR00216,322.56,Utilities,P2P,Bengaluru,iPhone,BHIM,0,
TXN03729,2026-01-07 20:02:50,USR00124,USR00259,1761.65,Entertainment,P2M,Delhi,iPhone,AmazonPay,0,
TXN09824,2026-01-07 20:13:06,USR00437,USR00420,423.83,Fuel,P2P,Pune,Web,Paytm,1,new_device
TXN08380,2026-01-07 20:15:01,USR00265,USR00121,248.15,Entertainment,P2P,Surat,Tablet,Paytm,0,
TXN05779,2026-01-07 20:16:00,USR00408,USR00011,485.14,Shopping,P2M,Kolkata,Tablet,PhonePe,0,
TXN02841,2026-01-07 20:20:44,USR00252,USR00040,2765.57,Healthcare,P2P,Hyderabad,iPhone,AmazonPay,0,
TXN09600,2026-01-07 20:32:21,USR00107,USR00379,1763.34,Utilities,P2P,Delhi,Tablet,GPay,1,"high_amount,rapid_burst"
TXN04979,2026-01-07 20:53:08,USR00091,USR00055,76.59,Fuel,P2P,Surat,Tablet,GPay,0,
TXN01563,2026-01-07 21:04:51,USR00001,USR00287,4353.66,Travel,P2M,Pune,iPhone,AmazonPay,0,
TXN05653,2026-01-07 21:36:37,USR00378,USR00420,242.37,Education,P2P,Pune,iPhone,PhonePe,0,
TXN01747,2026-01-07 22:10:36,USR00472,USR00055,6201.54,P2P Transfer,P2P,Nagpur,iPhone,AmazonPay,0,
TXN05731,2026-01-07 22:43:36,USR00414,USR00407,11078.19,Food Delivery,P2M,Hyderabad,Tablet,BHIM,0,
TXN02045,2026-01-07 22:52:36,USR00484,USR00023,711.33,Shopping,P2P,Chennai,Android_Phone,Paytm,0,
TXN02189,2026-01-07 22:57:24,USR00190,USR00031,2470.29,Rent,P2M,Kolkata,iPhone,AmazonPay,0,
TXN06094,2026-01-07 22:58:55,USR00496,USR00387,328.55,Entertainment,P2P,Lucknow,iPhone,PhonePe,0,
TXN09785,2026-01-08 00:04:28,USR00179,USR00188,1467.41,Rent,P2M,Surat,Android_Phone,PhonePe,1,odd_hour
TXN09434,2026-01-08 00:07:02,USR00355,USR00395,1495.4,Entertainment,P2M,Delhi,Android_Phone,AmazonPay,1,"rapid_burst,odd_hour"
TXN09953,2026-01-08 04:54:39,USR00451,USR00201,4274.66,Fuel,P2M,Jaipur,iPhone,PhonePe,1,"odd_hour,rapid_burst"
TXN01898,2026-01-08 06:17:25,USR00009,USR00195,2279.96,Healthcare,P2P,Lucknow,Tablet,AmazonPay,0,
TXN07565,2026-01-08 06:28:25,USR00094,USR00437,2432.97,Education,P2M,Pune,Web,GPay,0,
TXN08512,2026-01-08 06:33:18,USR00041,USR00356,10503.51,Healthcare,P2M,Pune,Tablet,AmazonPay,0,
TXN07010,2026-01-08 06:36:15,USR00191,USR00213,146.09,Food Delivery,P2M,Jaipur,Tablet,Paytm,0,
TXN00303,2026-01-08 06:53:23,USR00258,USR00186,634.67,Rent,P2M,Pune,Android_Phone,BHIM,0,
TXN04039,2026-01-08 07:13:37,USR00088,USR00067,2112.42,Entertainment,P2M,Lucknow,Android_Phone,Paytm,0,
TXN04263,2026-01-08 07:30:35,USR00234,USR00230,235.21,Rent,P2P,Hyderabad,iPhone,Paytm,0,
TXN05156,2026-01-08 07:35:16,USR00224,USR00011,141.2,Fuel,P2P,Mumbai,Web,Paytm,0,
TXN04645,2026-01-08 07:43:22,USR00015,USR00067,3378.2,P2P Transfer,P2P,Hyderabad,iPhone,AmazonPay,0,
TXN08694,2026-01-08 07:58:24,USR00104,USR00468,246.69,Healthcare,P2M,Surat,Web,Paytm,0,
TXN07553,2026-01-08 08:03:09,USR00492,USR00284,101.48,Fuel,P2M,Kolkata,Android_Phone,GPay,0,
TXN06265,2026-01-08 08:06:32,USR00329,USR00247,2989.49,Rent,P2P,Kolkata,Android_Phone,AmazonPay,0,
TXN04968,2026-01-08 08:09:56,USR00457,USR00305,9499.48,Travel,P2M,Lucknow,Web,GPay,0,
TXN01586,2026-01-08 08:19:42,USR00439,USR00464,6618.55,Entertainment,P2M,Nagpur,Tablet,GPay,0,
TXN08186,2026-01-08 08:36:06,USR00229,USR00198,14965.53,P2P Transfer,P2M,Nagpur,Web,AmazonPay,0,
TXN05065,2026-01-08 08:42:21,USR00399,USR00235,10372.57,Education,P2M,Delhi,Tablet,PhonePe,0,
TXN00643,2026-01-08 08:47:08,USR00107,USR00379,168.78,Utilities,P2M,Delhi,Tablet,GPay,0,
TXN04692,2026-01-08 08:50:45,USR00136,USR00323,736.09,Grocery,P2M,Nagpur,Tablet,BHIM,0,
TXN01671,2026-01-08 09:17:51,USR00064,USR00404,531.26,Food Delivery,P2M,Lucknow,Tablet,BHIM,0,
TXN08567,2026-01-08 09:41:41,USR00396,USR00103,6854.33,Healthcare,P2P,Hyderabad,iPhone,PhonePe,0,
TXN00487,2026-01-08 09:47:11,USR00095,USR00328,67.71,Entertainment,P2M,Delhi,Tablet,GPay,0,
TXN05821,2026-01-08 09:51:59,USR00264,USR00297,171.54,Travel,P2M,Ahmedabad,Web,AmazonPay,0,
TXN09088,2026-01-08 10:24:45,USR00306,USR00261,2568.82,Education,P2P,Lucknow,Tablet,Paytm,0,
TXN00982,2026-01-08 10:28:40,USR00214,USR00483,402.47,Fuel,P2P,Chennai,Android_Phone,BHIM,0,
TXN04286,2026-01-08 10:46:51,USR00246,USR00346,3215.9,Shopping,P2M,Kolkata,iPhone,GPay,0,
TXN06294,2026-01-08 10:47:43,USR00471,USR00431,8692.79,Rent,P2M,Delhi,Tablet,PhonePe,0,
TXN05834,2026-01-08 10:49:27,USR00450,USR00462,537.6,Utilities,P2P,Kolkata,iPhone,AmazonPay,0,
TXN03013,2026-01-08 11:06:46,USR00257,USR00052,193.72,Travel,P2M,Ahmedabad,Android_Phone,AmazonPay,0,
TXN06859,2026-01-08 11:09:39,USR00411,USR00445,1671.74,Travel,P2P,Chennai,Web,Paytm,0,
TXN09763,2026-01-08 11:15:40,USR00299,USR00214,374.69,Utilities,P2M,Nagpur,iPhone,PhonePe,1,"new_device,new_receiver"
TXN03362,2026-01-08 11:16:17,USR00191,USR00209,133.16,Grocery,P2P,Jaipur,Tablet,Paytm,0,
TXN06402,2026-01-08 11:24:41,USR00480,USR00016,396.94,Healthcare,P2M,Nagpur,Web,GPay,0,
TXN03721,2026-01-08 11:28:48,USR00343,USR00257,1401.12,Fuel,P2P,Nagpur,iPhone,Paytm,0,
TXN08210,2026-01-08 11:50:30,USR00142,USR00120,12171.26,Travel,P2P,Mumbai,Tablet,Paytm,0,
TXN04115,2026-01-08 11:51:29,USR00359,USR00310,5458.86,Rent,P2M,Hyderabad,Android_Phone,BHIM,0,
TXN08873,2026-01-08 11:58:35,USR00411,USR00478,2690.52,Utilities,P2P,Chennai,Web,Paytm,0,
TXN10102,2026-01-08 12:15:00,USR00018,USR00007,4789.28,Shopping,P2M,Mumbai,Android_Phone,PhonePe,1,rapid_burst
TXN10103,2026-01-08 12:16:00,USR00018,USR00385,8278.14,Travel,P2P,Mumbai,Android_Phone,PhonePe,1,rapid_burst
TXN10106,2026-01-08 12:19:00,USR00018,USR00007,6593.77,Grocery,P2M,Mumbai,Android_Phone,PhonePe,1,rapid_burst
TXN10104,2026-01-08 12:21:00,USR00018,USR00385,6105.51,P2P Transfer,P2M,Mumbai,Android_Phone,PhonePe,1,rapid_burst
TXN10105,2026-01-08 12:24:00,USR00018,USR00474,4938.94,Food Delivery,P2P,Mumbai,Android_Phone,PhonePe,1,rapid_burst
TXN04200,2026-01-08 12:27:25,USR00440,USR00334,7120.35,Grocery,P2P,Delhi,Tablet,AmazonPay,0,
TXN09620,2026-01-08 12:27:52,USR00058,USR00188,6428.13,Healthcare,P2M,Surat,iPhone,AmazonPay,1,new_location
TXN02514,2026-01-08 12:29:38,USR00058,USR00242,8336.12,Shopping,P2P,Hyderabad,iPhone,AmazonPay,0,
TXN00825,2026-01-08 12:39:16,USR00472,USR00313,6109.18,Grocery,P2P,Nagpur,iPhone,AmazonPay,0,
TXN01318,2026-01-08 12:45:08,USR00313,USR00398,2342.51,Food Delivery,P2P,Chennai,iPhone,Paytm,0,
TXN07897,2026-01-08 12:50:57,USR00410,USR00377,559.64,P2P Transfer,P2P,Delhi,iPhone,BHIM,0,
TXN04630,2026-01-08 12:57:28,USR00169,USR00040,8536.59,Shopping,P2P,Mumbai,Web,BHIM,0,
TXN01272,2026-01-08 13:07:43,USR00280,USR00355,307.67,Healthcare,P2P,Bengaluru,Web,PhonePe,0,
TXN00840,2026-01-08 13:08:13,USR00102,USR00160,1066.95,Fuel,P2P,Chennai,Tablet,BHIM,0,
TXN05990,2026-01-08 13:16:30,USR00382,USR00306,1306.44,Utilities,P2M,Delhi,iPhone,Paytm,0,
TXN04070,2026-01-08 13:18:14,USR00423,USR00202,358.08,Healthcare,P2M,Hyderabad,iPhone,GPay,0,
TXN02200,2026-01-08 13:30:51,USR00412,USR00158,1744.83,Utilities,P2P,Jaipur,Tablet,GPay,0,
TXN05981,2026-01-08 13:39:09,USR00096,USR00300,2304.53,Fuel,P2M,Delhi,iPhone,Paytm,0,
TXN10153,2026-01-08 13:40:00,USR00205,USR00087,1633.06,Rent,P2P,Mumbai,Tablet,GPay,1,rapid_burst
TXN10154,2026-01-08 13:41:00,USR00205,USR00087,2197.79,Shopping,P2P,Mumbai,Tablet,GPay,1,rapid_burst
TXN06281,2026-01-08 13:41:33,USR00133,USR00294,1107.63,Entertainment,P2M,Surat,Android_Phone,GPay,0,
TXN10155,2026-01-08 13:44:00,USR00205,USR00359,1724.36,Shopping,P2M,Mumbai,Tablet,GPay,1,rapid_burst
TXN06173,2026-01-08 13:49:22,USR00306,USR00003,2248.71,Fuel,P2P,Lucknow,Tablet,Paytm,0,
TXN01124,2026-01-08 13:58:32,USR00425,USR00352,1693.79,Grocery,P2M,Ahmedabad,Web,Paytm,0,
TXN00526,2026-01-08 14:06:22,USR00347,USR00195,2253.8,Utilities,P2P,Nagpur,Web,BHIM,0,
TXN05290,2026-01-08 14:21:28,USR00260,USR00035,5165.07,Healthcare,P2M,Pune,iPhone,Paytm,0,
TXN06105,2026-01-08 14:23:54,USR00026,USR00367,1548.48,Education,P2P,Lucknow,Web,Paytm,0,
TXN02266,2026-01-08 14:28:52,USR00451,USR00381,7142.56,Entertainment,P2M,Jaipur,iPhone,PhonePe,0,
TXN08072,2026-01-08 14:32:33,USR00203,USR00269,300.16,Shopping,P2M,Delhi,Android_Phone,Paytm,0,
TXN05127,2026-01-08 14:35:25,USR00057,USR00330,420.82,Entertainment,P2M,Nagpur,iPhone,GPay,0,
TXN05304,2026-01-08 14:42:26,USR00332,USR00240,15569.92,Grocery,P2P,Surat,Android_Phone,BHIM,0,
TXN01611,2026-01-08 14:50:56,USR00237,USR00470,233.49,Education,P2M,Bengaluru,Android_Phone,PhonePe,0,
TXN01600,2026-01-08 15:27:13,USR00252,USR00040,2958.56,Shopping,P2M,Hyderabad,iPhone,AmazonPay,0,
TXN00838,2026-01-08 15:34:44,USR00204,USR00153,3509.7,P2P Transfer,P2M,Nagpur,iPhone,GPay,0,
TXN00927,2026-01-08 15:35:49,USR00455,USR00272,3419.11,Entertainment,P2M,Chennai,iPhone,GPay,0,
TXN07507,2026-01-08 15:41:14,USR00480,USR00363,209.88,Fuel,P2P,Nagpur,Web,GPay,0,
TXN08081,2026-01-08 16:05:56,USR00083,USR00210,13691.3,Shopping,P2P,Kolkata,Web,AmazonPay,0,
TXN00494,2026-01-08 16:22:55,USR00193,USR00370,450.68,Food Delivery,P2P,Chennai,Tablet,PhonePe,0,
TXN05549,2026-01-08 16:28:32,USR00199,USR00407,2292.21,Rent,P2P,Ahmedabad,Tablet,PhonePe,0,
TXN08354,2026-01-08 16:33:13,USR00036,USR00259,202.21,Entertainment,P2M,Nagpur,Android_Phone,Paytm,0,
TXN09205,2026-01-08 16:42:47,USR00039,USR00101,5847.9,Education,P2P,Surat,iPhone,GPay,0,
TXN02481,2026-01-08 16:58:00,USR00237,USR00335,224.44,Travel,P2M,Bengaluru,Android_Phone,PhonePe,0,
TXN09840,2026-01-08 17:00:46,USR00275,USR00492,12061.36,Shopping,P2M,Jaipur,iPhone,PhonePe,1,"new_location,new_receiver"
TXN05998,2026-01-08 17:07:12,USR00163,USR00371,1005.62,Utilities,P2M,Lucknow,Tablet,GPay,0,
TXN07758,2026-01-08 17:08:42,USR00060,USR00116,1857.46,Shopping,P2P,Delhi,Web,PhonePe,0,
TXN06958,2026-01-08 17:42:10,USR00290,USR00115,62.35,Utilities,P2P,Ahmedabad,Tablet,GPay,0,
TXN02914,2026-01-08 18:11:02,USR00262,USR00325,2089.05,Fuel,P2P,Mumbai,Tablet,GPay,0,
TXN03788,2026-01-08 18:27:19,USR00360,USR00152,1986.57,Healthcare,P2P,Jaipur,Tablet,Paytm,0,
TXN03649,2026-01-08 18:29:08,USR00023,USR00234,1549.05,Travel,P2P,Delhi,Web,AmazonPay,0,
TXN09188,2026-01-08 18:54:07,USR00194,USR00389,4216.1,Shopping,P2M,Delhi,Android_Phone,AmazonPay,0,
TXN04337,2026-01-08 19:09:15,USR00382,USR00306,1279.26,Travel,P2M,Delhi,iPhone,Paytm,0,
TXN02261,2026-01-08 19:11:17,USR00460,USR00201,895.04,Shopping,P2P,Lucknow,Android_Phone,AmazonPay,0,
TXN08335,2026-01-08 19:11:24,USR00347,USR00474,2466.39,Rent,P2M,Nagpur,Web,BHIM,0,
TXN08677,2026-01-08 19:18:31,USR00153,USR00413,1747.01,Food Delivery,P2M,Surat,Web,BHIM,0,
TXN06532,2026-01-08 19:43:28,USR00364,USR00460,10840.74,Fuel,P2P,Lucknow,Web,Paytm,0,
TXN03993,2026-01-08 20:00:58,USR00363,USR00101,1995.35,Entertainment,P2M,Hyderabad,Android_Phone,AmazonPay,0,
TXN02869,2026-01-08 20:58:59,USR00459,USR00104,9553.3,Fuel,P2M,Pune,Tablet,PhonePe,0,
TXN06450,2026-01-08 21:14:48,USR00418,USR00255,2082.63,Healthcare,P2M,Kolkata,Web,BHIM,0,
TXN03418,2026-01-08 21:15:30,USR00352,USR00109,532.61,Utilities,P2M,Jaipur,Tablet,Paytm,0,
TXN07818,2026-01-08 21:33:47,USR00139,USR00372,2124.53,Food Delivery,P2M,Jaipur,Web,GPay,0,
TXN05889,2026-01-08 21:45:35,USR00344,USR00413,363.06,Entertainment,P2P,Surat,Tablet,AmazonPay,0,
TXN01354,2026-01-08 21:47:56,USR00151,USR00273,212.91,Travel,P2M,Surat,iPhone,PhonePe,0,
TXN08527,2026-01-08 21:50:38,USR00127,USR00393,1309.24,Entertainment,P2P,Surat,Web,AmazonPay,0,
TXN07345,2026-01-08 22:13:27,USR00036,USR00209,194.36,Fuel,P2P,Nagpur,Android_Phone,Paytm,0,
TXN01070,2026-01-08 22:18:51,USR00224,USR00434,226.12,Grocery,P2M,Mumbai,Web,Paytm,0,
TXN01322,2026-01-08 22:28:11,USR00374,USR00225,9531.91,Grocery,P2P,Ahmedabad,Tablet,PhonePe,0,
TXN07455,2026-01-08 22:29:03,USR00206,USR00138,5425.25,Fuel,P2P,Pune,iPhone,Paytm,0,
TXN04507,2026-01-08 22:30:05,USR00221,USR00265,490.91,Travel,P2P,Hyderabad,Android_Phone,AmazonPay,0,
TXN00272,2026-01-08 22:33:01,USR00118,USR00437,546.35,P2P Transfer,P2M,Chennai,Android_Phone,GPay,0,
TXN07184,2026-01-08 22:41:03,USR00109,USR00212,116.57,P2P Transfer,P2M,Ahmedabad,Web,PhonePe,0,
TXN07328,2026-01-08 22:45:33,USR00312,USR00437,381.89,Travel,P2P,Jaipur,Tablet,PhonePe,0,
TXN02985,2026-01-08 22:45:37,USR00197,USR00160,5454.01,Travel,P2P,Chennai,Tablet,GPay,0,
TXN00673,2026-01-08 22:47:50,USR00317,USR00152,289.51,Travel,P2P,Delhi,iPhone,Paytm,0,
TXN05507,2026-01-08 22:56:24,USR00228,USR00361,1129.56,Shopping,P2P,Lucknow,Tablet,Paytm,0,
TXN09996,2026-01-09 01:19:14,USR00068,USR00434,1025.99,Food Delivery,P2P,Ahmedabad,Web,Paytm,1,"odd_hour,new_receiver"
TXN00741,2026-01-09 06:30:06,USR00172,USR00387,3583.94,Entertainment,P2M,Surat,Tablet,Paytm,0,
TXN08920,2026-01-09 06:48:19,USR00484,USR00266,844.37,Food Delivery,P2M,Chennai,Android_Phone,Paytm,0,
TXN08863,2026-01-09 06:57:18,USR00459,USR00104,12164.54,Rent,P2M,Pune,Tablet,PhonePe,0,
TXN00092,2026-01-09 07:23:22,USR00141,USR00343,24134.05,Education,P2P,Hyderabad,Tablet,BHIM,0,
TXN05734,2026-01-09 07:30:05,USR00053,USR00221,15143.88,Food Delivery,P2M,Mumbai,Web,Paytm,0,
TXN07213,2026-01-09 07:35:05,USR00003,USR00235,2362.1,Rent,P2M,Lucknow,Web,AmazonPay,0,
TXN07164,2026-01-09 07:38:41,USR00337,USR00324,2012.18,Fuel,P2M,Chennai,Android_Phone,Paytm,0,
TXN02385,2026-01-09 07:44:12,USR00215,USR00220,1048.92,Rent,P2P,Chennai,Tablet,AmazonPay,0,
TXN05975,2026-01-09 07:54:25,USR00421,USR00348,2408.11,Utilities,P2P,Jaipur,Android_Phone,Paytm,0,
TXN06887,2026-01-09 07:57:17,USR00095,USR00328,55.65,Fuel,P2M,Delhi,Tablet,GPay,0,
TXN03876,2026-01-09 08:01:12,USR00269,USR00066,412.38,Entertainment,P2M,Mumbai,Android_Phone,BHIM,0,
TXN07324,2026-01-09 08:06:27,USR00467,USR00254,6609.76,Food Delivery,P2M,Mumbai,Web,GPay,0,
TXN07764,2026-01-09 08:12:59,USR00390,USR00300,146.2,Food Delivery,P2P,Surat,Web,GPay,0,
TXN04869,2026-01-09 08:16:12,USR00387,USR00113,1840.03,Travel,P2M,Delhi,Tablet,Paytm,0,
TXN09271,2026-01-09 08:20:42,USR00243,USR00026,13593.36,Entertainment,P2P,Chennai,Android_Phone,Paytm,0,
TXN03322,2026-01-09 08:26:08,USR00123,USR00009,7605.36,Travel,P2M,Surat,Android_Phone,PhonePe,0,
TXN06276,2026-01-09 08:55:18,USR00172,USR00102,2699.53,P2P Transfer,P2M,Surat,Tablet,Paytm,0,
TXN04394,2026-01-09 08:57:23,USR00022,USR00366,4401.23,Utilities,P2P,Hyderabad,Web,PhonePe,0,
TXN09797,2026-01-09 08:57:35,USR00243,USR00320,13241.81,Shopping,P2M,Chennai,Web,Paytm,1,new_device
TXN08786,2026-01-09 09:03:11,USR00076,USR00212,2768.1,Fuel,P2M,Delhi,iPhone,Paytm,0,
TXN01364,2026-01-09 09:08:09,USR00254,USR00061,2601.65,Travel,P2P,Hyderabad,Android_Phone,PhonePe,0,
TXN04235,2026-01-09 09:12:26,USR00016,USR00210,155.18,Grocery,P2P,Surat,Android_Phone,GPay,0,
TXN03540,2026-01-09 09:20:14,USR00434,USR00359,379.21,Shopping,P2P,Surat,Web,PhonePe,0,
TXN02912,2026-01-09 09:28:01,USR00444,USR00136,351.22,Healthcare,P2P,Pune,iPhone,BHIM,0,
TXN09327,2026-01-09 09:38:44,USR00467,USR00278,5674.4,Food Delivery,P2M,Mumbai,Web,GPay,0,
TXN05351,2026-01-09 09:41:59,USR00235,USR00352,1446.86,Rent,P2M,Pune,iPhone,BHIM,0,
TXN06730,2026-01-09 09:46:02,USR00376,USR00011,6905.11,Utilities,P2M,Surat,iPhone,AmazonPay,0,
TXN05622,2026-01-09 09:49:08,USR00229,USR00214,12960.54,Food Delivery,P2M,Nagpur,Web,AmazonPay,0,
TXN06987,2026-01-09 09:56:52,USR00321,USR00105,149.51,Travel,P2M,Jaipur,Android_Phone,GPay,0,
TXN00420,2026-01-09 09:58:24,USR00095,USR00327,36.84,Shopping,P2P,Delhi,Tablet,GPay,0,
TXN09112,2026-01-09 10:24:14,USR00425,USR00010,2175.7,Utilities,P2M,Ahmedabad,Web,Paytm,0,
TXN06092,2026-01-09 10:24:40,USR00296,USR00248,296.89,Utilities,P2P,Kolkata,Web,AmazonPay,0,
TXN01327,2026-01-09 10:31:22,USR00033,USR00328,625.72,P2P Transfer,P2M,Hyderabad,Android_Phone,AmazonPay,0,
TXN08583,2026-01-09 10:46:53,USR00328,USR00409,9564.12,Travel,P2P,Nagpur,Tablet,PhonePe,0,
TXN07026,2026-01-09 10:51:13,USR00060,USR00151,1468.32,Rent,P2M,Delhi,Web,PhonePe,0,
TXN00355,2026-01-09 11:08:16,USR00033,USR00260,494.16,Travel,P2M,Hyderabad,Android_Phone,AmazonPay,0,
TXN04560,2026-01-09 11:18:52,USR00184,USR00457,15117.65,Food Delivery,P2P,Jaipur,Android_Phone,GPay,0,
TXN02584,2026-01-09 11:28:06,USR00018,USR00428,4264.32,Education,P2P,Mumbai,Android_Phone,PhonePe,0,
TXN00040,2026-01-09 11:34:14,USR00223,USR00266,333.98,Healthcare,P2M,Ahmedabad,Web,BHIM,0,
TXN06836,2026-01-09 11:41:17,USR00223,USR00178,531.29,Utilities,P2M,Ahmedabad,Web,BHIM,0,
TXN05766,2026-01-09 11:54:48,USR00163,USR00446,935.67,Entertainment,P2M,Lucknow,Tablet,GPay,0,
TXN01344,2026-01-09 12:01:28,USR00289,USR00278,19662.48,Healthcare,P2P,Ahmedabad,Tablet,PhonePe,0,
TXN08239,2026-01-09 12:04:04,USR00320,USR00024,12422.02,Utilities,P2P,Jaipur,Web,GPay,0,
TXN00635,2026-01-09 12:07:36,USR00369,USR00203,551.46,Entertainment,P2P,Bengaluru,Web,AmazonPay,0,
TXN09662,2026-01-09 12:14:27,USR00455,USR00285,2331.68,Grocery,P2M,Lucknow,Tablet,GPay,1,"new_device,new_location"
TXN02102,2026-01-09 12:22:58,USR00050,USR00058,447.36,Food Delivery,P2M,Pune,iPhone,AmazonPay,0,
TXN03231,2026-01-09 12:40:23,USR00130,USR00191,393.16,Utilities,P2M,Kolkata,iPhone,GPay,0,
TXN05356,2026-01-09 13:10:36,USR00182,USR00067,1918.05,Utilities,P2M,Delhi,Tablet,BHIM,0,
TXN09069,2026-01-09 13:14:07,USR00436,USR00000,3945.97,Rent,P2M,Chennai,Web,GPay,0,
TXN03518,2026-01-09 13:16:03,USR00468,USR00125,8973.83,Food Delivery,P2P,Delhi,Tablet,AmazonPay,0,
TXN00489,2026-01-09 13:21:01,USR00063,USR00485,8856.32,Shopping,P2M,Bengaluru,Android_Phone,Paytm,0,
TXN03269,2026-01-09 13:21:34,USR00171,USR00211,4700.89,P2P Transfer,P2P,Mumbai,iPhone,BHIM,0,
TXN01350,2026-01-09 13:28:24,USR00308,USR00071,2694.14,Entertainment,P2P,Surat,Tablet,BHIM,0,
TXN03156,2026-01-09 13:32:47,USR00358,USR00008,2101.29,Fuel,P2M,Surat,Tablet,GPay,0,
TXN07110,2026-01-09 13:39:48,USR00313,USR00398,1919.85,Rent,P2M,Chennai,iPhone,Paytm,0,
TXN06325,2026-01-09 13:41:06,USR00462,USR00313,2323.83,Travel,P2M,Hyderabad,Web,GPay,0,
TXN05941,2026-01-09 13:45:07,USR00382,USR00278,794.36,P2P Transfer,P2M,Delhi,iPhone,Paytm,0,
TXN00534,2026-01-09 13:45:58,USR00050,USR00058,416.49,Utilities,P2M,Pune,iPhone,AmazonPay,0,
TXN00052,2026-01-09 13:52:52,USR00427,USR00232,1214.44,Food Delivery,P2M,Jaipur,Web,AmazonPay,0,
TXN00318,2026-01-09 13:55:02,USR00280,USR00314,403.67,Education,P2M,Bengaluru,Web,PhonePe,0,
TXN05305,2026-01-09 13:55:37,USR00258,USR00241,473.82,Entertainment,P2M,Pune,Android_Phone,BHIM,0,
TXN00194,2026-01-09 13:57:26,USR00308,USR00369,3263.14,Rent,P2P,Surat,Tablet,BHIM,0,
TXN08544,2026-01-09 13:58:31,USR00386,USR00205,326.41,Rent,P2M,Delhi,iPhone,Paytm,0,
TXN07403,2026-01-09 14:02:41,USR00061,USR00385,15846.74,Travel,P2P,Nagpur,Web,BHIM,0,
TXN08699,2026-01-09 14:03:46,USR00352,USR00206,628.64,Travel,P2P,Jaipur,Tablet,Paytm,0,
TXN07431,2026-01-09 14:29:59,USR00453,USR00044,75.69,Shopping,P2M,Surat,Tablet,AmazonPay,0,
TXN03590,2026-01-09 14:45:40,USR00495,USR00055,17777.72,Travel,P2M,Kolkata,Web,AmazonPay,0,
TXN02450,2026-01-09 15:01:03,USR00137,USR00203,150.98,P2P Transfer,P2M,Mumbai,iPhone,AmazonPay,0,
TXN09644,2026-01-09 15:02:53,USR00213,USR00154,1391.75,Shopping,P2P,Bengaluru,iPhone,GPay,1,rapid_burst
TXN03325,2026-01-09 15:08:58,USR00175,USR00414,1833.07,P2P Transfer,P2M,Bengaluru,Tablet,PhonePe,0,
TXN06696,2026-01-09 15:17:27,USR00484,USR00023,1036.06,P2P Transfer,P2P,Chennai,Android_Phone,Paytm,0,
TXN00417,2026-01-09 15:34:24,USR00485,USR00163,1379.23,Education,P2P,Hyderabad,iPhone,GPay,0,
TXN09446,2026-01-09 15:40:18,USR00058,USR00217,9917.5,P2P Transfer,P2M,Hyderabad,iPhone,AmazonPay,1,rapid_burst
TXN09290,2026-01-09 15:50:19,USR00194,USR00411,6507.26,Grocery,P2P,Delhi,Android_Phone,AmazonPay,0,
TXN00046,2026-01-09 15:50:34,USR00250,USR00440,1463.27,Education,P2M,Chennai,Android_Phone,AmazonPay,0,
TXN03180,2026-01-09 15:51:09,USR00446,USR00191,4478.16,Utilities,P2M,Pune,Android_Phone,GPay,0,
TXN09868,2026-01-09 15:55:33,USR00141,USR00038,14852.2,Grocery,P2P,Lucknow,Tablet,BHIM,1,new_location
TXN07182,2026-01-09 16:03:09,USR00067,USR00115,623.18,Utilities,P2M,Kolkata,iPhone,PhonePe,0,
TXN06003,2026-01-09 16:21:27,USR00376,USR00293,15677.08,P2P Transfer,P2P,Surat,iPhone,AmazonPay,0,
TXN08866,2026-01-09 16:29:59,USR00451,USR00250,5523.93,Food Delivery,P2P,Jaipur,iPhone,PhonePe,0,
TXN05158,2026-01-09 16:45:12,USR00113,USR00010,95.26,Healthcare,P2P,Hyderabad,Tablet,Paytm,0,
TXN04904,2026-01-09 16:51:32,USR00199,USR00407,1801.8,Fuel,P2M,Ahmedabad,Tablet,PhonePe,0,
TXN05279,2026-01-09 16:52:11,USR00085,USR00300,407.23,P2P Transfer,P2M,Delhi,iPhone,BHIM,0,
TXN04777,2026-01-09 16:55:02,USR00210,USR00364,3149.49,Entertainment,P2M,Bengaluru,Web,BHIM,0,
TXN03356,2026-01-09 16:58:28,USR00199,USR00375,3111.03,Utilities,P2P,Ahmedabad,Tablet,PhonePe,0,
TXN01548,2026-01-09 17:03:02,USR00098,USR00026,13667.21,Healthcare,P2P,Mumbai,Web,BHIM,0,
TXN01240,2026-01-09 17:21:15,USR00342,USR00364,465.53,Utilities,P2P,Nagpur,Web,PhonePe,0,
TXN06806,2026-01-09 17:34:02,USR00448,USR00373,5962.88,Shopping,P2M,Jaipur,Web,GPay,0,
TXN00362,2026-01-09 17:40:40,USR00168,USR00178,187.57,Grocery,P2M,Chennai,Tablet,Paytm,0,
TXN06314,2026-01-09 17:43:14,USR00473,USR00181,5904.21,Shopping,P2P,Hyderabad,Web,AmazonPay,0,
TXN06690,2026-01-09 17:57:17,USR00110,USR00023,223.78,Travel,P2P,Jaipur,Tablet,GPay,0,
TXN04477,2026-01-09 18:02:59,USR00208,USR00118,475.62,Rent,P2M,Mumbai,Web,GPay,0,
TXN00437,2026-01-09 18:05:35,USR00248,USR00043,18258.78,Education,P2P,Pune,iPhone,AmazonPay,0,
TXN03390,2026-01-09 18:19:19,USR00341,USR00203,11653.81,Healthcare,P2P,Lucknow,Tablet,Paytm,0,
TXN09268,2026-01-09 18:27:58,USR00465,USR00022,2146.34,Education,P2P,Kolkata,iPhone,AmazonPay,0,
TXN02190,2026-01-09 18:54:41,USR00442,USR00148,2264.55,Travel,P2P,Pune,Android_Phone,Paytm,0,
TXN01219,2026-01-09 19:10:01,USR00254,USR00362,1939.61,Education,P2P,Hyderabad,Android_Phone,PhonePe,0,
TXN08914,2026-01-09 19:17:21,USR00102,USR00373,1848.36,Grocery,P2P,Chennai,Tablet,BHIM,0,
TXN01508,2026-01-09 19:22:21,USR00020,USR00382,549.46,Entertainment,P2P,Lucknow,Android_Phone,BHIM,0,
TXN07867,2026-01-09 19:32:27,USR00430,USR00328,15464.67,Shopping,P2P,Delhi,iPhone,BHIM,0,
TXN06074,2026-01-09 19:55:07,USR00321,USR00105,114.27,Food Delivery,P2P,Jaipur,Android_Phone,GPay,0,
TXN09957,2026-01-09 20:25:22,USR00340,USR00296,668.54,Food Delivery,P2P,Jaipur,Tablet,PhonePe,1,rapid_burst
TXN01935,2026-01-09 20:27:01,USR00308,USR00348,3357.39,Food Delivery,P2M,Surat,Tablet,BHIM,0,
TXN02821,2026-01-09 21:18:24,USR00040,USR00453,1682.53,P2P Transfer,P2M,Ahmedabad,Android_Phone,BHIM,0,
TXN03423,2026-01-09 21:40:47,USR00165,USR00077,247.29,Education,P2M,Mumbai,iPhone,PhonePe,0,
TXN01869,2026-01-09 21:51:47,USR00429,USR00056,6039.14,Shopping,P2M,Kolkata,Web,GPay,0,
TXN05418,2026-01-09 21:58:03,USR00488,USR00358,220.14,Fuel,P2P,Bengaluru,Tablet,BHIM,0,
TXN04499,2026-01-09 22:03:56,USR00418,USR00402,2660.88,Grocery,P2P,Kolkata,Web,BHIM,0,
TXN03717,2026-01-09 22:13:33,USR00472,USR00313,7912.23,Healthcare,P2M,Nagpur,iPhone,AmazonPay,0,
TXN02147,2026-01-09 22:27:13,USR00492,USR00284,68.67,Utilities,P2P,Kolkata,Android_Phone,GPay,0,
TXN06667,2026-01-09 22:33:49,USR00302,USR00348,2296.48,Travel,P2M,Surat,Tablet,PhonePe,0,
TXN00372,2026-01-09 22:37:50,USR00304,USR00346,1466.73,P2P Transfer,P2P,Surat,iPhone,BHIM,0,
TXN07567,2026-01-09 22:38:02,USR00038,USR00491,261.32,Rent,P2M,Jaipur,iPhone,PhonePe,0,
TXN09180,2026-01-09 22:42:11,USR00115,USR00178,3235.53,Utilities,P2M,Jaipur,Android_Phone,PhonePe,0,
TXN05400,2026-01-09 22:43:46,USR00338,USR00061,177.6,P2P Transfer,P2P,Delhi,Tablet,BHIM,0,
TXN08203,2026-01-09 22:53:42,USR00496,USR00075,557.91,Grocery,P2P,Lucknow,iPhone,PhonePe,0,
TXN02593,2026-01-09 22:55:53,USR00073,USR00026,253.86,Fuel,P2P,Surat,Tablet,PhonePe,0,
TXN09789,2026-01-10 01:07:57,USR00084,USR00073,2555.6,Travel,P2M,Ahmedabad,iPhone,Paytm,1,odd_hour
TXN09443,2026-01-10 04:37:46,USR00102,USR00048,1683.84,Grocery,P2P,Chennai,Tablet,BHIM,1,odd_hour
TXN00405,2026-01-10 06:23:02,USR00050,USR00058,699.43,Shopping,P2M,Pune,iPhone,AmazonPay,0,
TXN01916,2026-01-10 06:34:59,USR00475,USR00005,6412.12,Entertainment,P2M,Chennai,Web,Paytm,0,
TXN02993,2026-01-10 06:57:13,USR00137,USR00203,178.71,Healthcare,P2P,Mumbai,iPhone,AmazonPay,0,
TXN05844,2026-01-10 07:14:56,USR00018,USR00496,3927.02,Rent,P2P,Mumbai,Android_Phone,PhonePe,0,
TXN06825,2026-01-10 07:22:03,USR00483,USR00235,11002.97,Shopping,P2M,Nagpur,iPhone,AmazonPay,0,
TXN09107,2026-01-10 07:34:52,USR00208,USR00118,501.72,Food Delivery,P2P,Mumbai,Web,GPay,0,
TXN00244,2026-01-10 07:35:38,USR00165,USR00211,252.44,Food Delivery,P2M,Mumbai,iPhone,PhonePe,0,
TXN05936,2026-01-10 07:52:51,USR00211,USR00067,5508.43,Utilities,P2M,Hyderabad,Web,PhonePe,0,
TXN05242,2026-01-10 08:20:07,USR00465,USR00393,1135.67,P2P Transfer,P2M,Kolkata,iPhone,AmazonPay,0,
TXN07757,2026-01-10 08:30:21,USR00318,USR00470,547.27,Shopping,P2P,Pune,Web,BHIM,0,
TXN06434,2026-01-10 08:44:11,USR00024,USR00450,1405.4,Entertainment,P2P,Chennai,iPhone,Paytm,0,
TXN01771,2026-01-10 09:33:41,USR00207,USR00039,14175.34,Food Delivery,P2P,Nagpur,iPhone,PhonePe,0,
TXN00837,2026-01-10 09:34:36,USR00495,USR00306,11902.03,Travel,P2M,Kolkata,Web,AmazonPay,0,
TXN02943,2026-01-10 09:40:50,USR00360,USR00152,2920.61,Healthcare,P2M,Jaipur,Tablet,Paytm,0,
TXN01605,2026-01-10 09:43:25,USR00127,USR00236,1712.83,Shopping,P2M,Surat,Web,AmazonPay,0,
TXN00898,2026-01-10 09:47:58,USR00369,USR00046,302.78,Education,P2M,Bengaluru,Web,AmazonPay,0,
TXN09605,2026-01-10 09:53:51,USR00138,USR00050,110205.87,Education,P2M,Surat,Android_Phone,BHIM,1,"new_receiver,high_amount"
TXN01316,2026-01-10 10:00:46,USR00398,USR00384,7315.74,Fuel,P2P,Kolkata,Web,GPay,0,
TXN04735,2026-01-10 10:02:28,USR00249,USR00027,14185.1,Utilities,P2M,Nagpur,iPhone,PhonePe,0,
TXN01425,2026-01-10 10:12:30,USR00351,USR00401,449.05,Shopping,P2P,Ahmedabad,Web,AmazonPay,0,
TXN01180,2026-01-10 10:14:17,USR00427,USR00000,854.81,Healthcare,P2P,Jaipur,Web,AmazonPay,0,
TXN07650,2026-01-10 10:39:44,USR00390,USR00265,72.56,Travel,P2P,Surat,Web,GPay,0,
TXN00885,2026-01-10 10:59:14,USR00195,USR00060,344.01,Travel,P2M,Pune,Android_Phone,BHIM,0,
TXN08804,2026-01-10 11:06:32,USR00318,USR00464,627.27,Travel,P2P,Pune,Web,BHIM,0,
TXN03499,2026-01-10 11:20:48,USR00152,USR00485,248.01,Shopping,P2P,Mumbai,Android_Phone,AmazonPay,0,
TXN05190,2026-01-10 11:23:10,USR00015,USR00067,1696.28,Utilities,P2M,Hyderabad,iPhone,AmazonPay,0,
TXN05037,2026-01-10 11:24:13,USR00081,USR00316,7102.09,Travel,P2M,Jaipur,Tablet,PhonePe,0,
TXN02402,2026-01-10 11:28:47,USR00091,USR00241,118.07,Travel,P2P,Surat,Tablet,GPay,0,
TXN04041,2026-01-10 11:35:41,USR00195,USR00492,311.67,Rent,P2P,Pune,Android_Phone,BHIM,0,
TXN06118,2026-01-10 11:41:28,USR00492,USR00166,60.95,Food Delivery,P2P,Kolkata,Android_Phone,GPay,0,
TXN00841,2026-01-10 11:51:36,USR00120,USR00469,128.16,Grocery,P2M,Jaipur,Tablet,BHIM,0,
TXN08937,2026-01-10 11:55:25,USR00079,USR00269,448.27,Entertainment,P2M,Ahmedabad,Android_Phone,BHIM,0,
TXN03370,2026-01-10 12:03:55,USR00228,USR00344,1311.1,Food Delivery,P2P,Lucknow,Tablet,Paytm,0,
TXN04465,2026-01-10 12:16:37,USR00316,USR00449,17103.41,Grocery,P2P,Surat,Android_Phone,Paytm,0,
TXN03651,2026-01-10 12:17:12,USR00313,USR00398,1861.49,P2P Transfer,P2M,Chennai,iPhone,Paytm,0,
TXN01409,2026-01-10 12:44:19,USR00253,USR00488,258.3,Healthcare,P2M,Hyderabad,Android_Phone,PhonePe,0,
TXN05116,2026-01-10 13:01:46,USR00378,USR00420,499.32,Food Delivery,P2P,Pune,iPhone,PhonePe,0,
TXN09801,2026-01-10 13:03:06,USR00218,USR00434,503.45,Grocery,P2M,Kolkata,Web,BHIM,1,new_location
TXN03664,2026-01-10 13:07:33,USR00143,USR00390,3171.68,Travel,P2M,Chennai,Web,Paytm,0,
TXN02762,2026-01-10 13:08:23,USR00145,USR00227,15891.02,Entertainment,P2M,Ahmedabad,Android_Phone,GPay,0,
TXN06221,2026-01-10 13:24:09,USR00315,USR00102,424.83,Grocery,P2M,Mumbai,Tablet,Paytm,0,
TXN08568,2026-01-10 13:33:44,USR00394,USR00274,9796.83,Education,P2P,Chennai,iPhone,Paytm,0,
TXN07666,2026-01-10 13:40:31,USR00103,USR00221,423.99,Grocery,P2P,Delhi,Android_Phone,Paytm,0,
TXN09174,2026-01-10 13:44:09,USR00307,USR00335,9130.65,Grocery,P2P,Hyderabad,Web,Paytm,0,
TXN04062,2026-01-10 13:44:53,USR00406,USR00074,361.69,Healthcare,P2M,Lucknow,Tablet,PhonePe,0,
TXN09498,2026-01-10 13:52:04,USR00379,USR00067,406.52,Food Delivery,P2P,Pune,iPhone,AmazonPay,1,new_device
TXN00049,2026-01-10 14:02:47,USR00379,USR00067,327.91,Education,P2P,Pune,Android_Phone,AmazonPay,0,
TXN00136,2026-01-10 14:07:52,USR00213,USR00137,1935.16,Grocery,P2M,Bengaluru,iPhone,GPay,0,
TXN00913,2026-01-10 14:20:10,USR00381,USR00464,7400.19,Fuel,P2M,Ahmedabad,iPhone,AmazonPay,0,
TXN03470,2026-01-10 14:34:46,USR00000,USR00379,165.2,Grocery,P2P,Nagpur,iPhone,AmazonPay,0,
TXN02797,2026-01-10 14:35:50,USR00018,USR00496,3721.63,Travel,P2P,Mumbai,Android_Phone,PhonePe,0,
TXN06139,2026-01-10 14:39:26,USR00212,USR00197,433.99,Education,P2M,Lucknow,Android_Phone,BHIM,0,
TXN07934,2026-01-10 14:47:08,USR00198,USR00117,540.41,Healthcare,P2M,Bengaluru,Web,AmazonPay,0,
TXN07341,2026-01-10 14:51:49,USR00097,USR00443,1453.14,Fuel,P2M,Bengaluru,Web,GPay,0,
TXN01984,2026-01-10 14:57:30,USR00350,USR00002,276.69,Grocery,P2P,Bengaluru,iPhone,PhonePe,0,
TXN03093,2026-01-10 15:00:08,USR00378,USR00406,521.56,Entertainment,P2M,Pune,iPhone,PhonePe,0,
TXN09850,2026-01-10 15:10:44,USR00153,USR00413,3146.86,Utilities,P2M,Surat,Android_Phone,BHIM,1,new_device
TXN04366,2026-01-10 15:27:20,USR00303,USR00457,167.74,Rent,P2P,Chennai,Web,GPay,0,
TXN07046,2026-01-10 15:35:28,USR00279,USR00491,2181.84,Education,P2M,Delhi,iPhone,BHIM,0,
TXN04360,2026-01-10 15:48:12,USR00106,USR00139,1732.77,P2P Transfer,P2M,Lucknow,Android_Phone,Paytm,0,
TXN07400,2026-01-10 16:07:22,USR00082,USR00462,770.62,Education,P2M,Ahmedabad,Android_Phone,GPay,0,
TXN07664,2026-01-10 16:22:56,USR00194,USR00389,4361.41,Shopping,P2P,Delhi,Android_Phone,AmazonPay,0,
TXN03526,2026-01-10 16:32:43,USR00470,USR00403,8348.2,Grocery,P2P,Lucknow,Web,AmazonPay,0,
TXN01781,2026-01-10 16:39:04,USR00140,USR00085,406.35,Education,P2M,Hyderabad,Web,BHIM,0,
TXN09332,2026-01-10 16:41:26,USR00240,USR00495,441.24,Food Delivery,P2M,Delhi,Web,BHIM,0,
TXN09318,2026-01-10 16:48:18,USR00216,USR00203,650.13,P2P Transfer,P2P,Chennai,Tablet,Paytm,0,
TXN02226,2026-01-10 16:50:57,USR00363,USR00371,2983.52,P2P Transfer,P2P,Hyderabad,Android_Phone,AmazonPay,0,
TXN04548,2026-01-10 16:54:03,USR00260,USR00449,6494.97,Utilities,P2P,Pune,iPhone,Paytm,0,
TXN08637,2026-01-10 17:00:35,USR00026,USR00175,2061.19,Healthcare,P2M,Lucknow,Web,Paytm,0,
TXN03507,2026-01-10 17:05:38,USR00422,USR00026,665.48,Fuel,P2P,Ahmedabad,Web,PhonePe,0,
TXN06320,2026-01-10 17:12:22,USR00098,USR00064,15223.47,Education,P2P,Mumbai,Web,BHIM,0,
TXN03739,2026-01-10 17:16:51,USR00103,USR00221,396.32,Entertainment,P2M,Delhi,Android_Phone,Paytm,0,
TXN04947,2026-01-10 17:17:12,USR00053,USR00221,15391.09,P2P Transfer,P2M,Mumbai,Web,Paytm,0,
TXN07966,2026-01-10 17:39:27,USR00275,USR00336,13134.98,Fuel,P2M,Bengaluru,iPhone,PhonePe,0,
TXN01699,2026-01-10 18:51:07,USR00159,USR00287,6070.09,Food Delivery,P2M,Kolkata,Android_Phone,PhonePe,0,
TXN09799,2026-01-10 19:06:23,USR00270,USR00433,355.19,Fuel,P2M,Pune,Tablet,Paytm,1,new_device
TXN07466,2026-01-10 19:29:47,USR00049,USR00035,1875.73,Education,P2M,Chennai,Android_Phone,GPay,0,
TXN01507,2026-01-10 19:38:18,USR00454,USR00334,235.56,Travel,P2M,Ahmedabad,Web,PhonePe,0,
TXN08849,2026-01-10 20:03:16,USR00114,USR00040,195.07,P2P Transfer,P2P,Kolkata,iPhone,Paytm,0,
TXN01662,2026-01-10 20:09:11,USR00267,USR00061,469.85,Travel,P2P,Hyderabad,Tablet,Paytm,0,
TXN06932,2026-01-10 20:31:56,USR00124,USR00432,1804.68,Grocery,P2P,Delhi,iPhone,AmazonPay,0,
TXN00834,2026-01-10 20:36:05,USR00218,USR00419,367.76,Travel,P2M,Nagpur,Web,BHIM,0,
TXN02024,2026-01-10 20:36:29,USR00232,USR00115,91.46,Grocery,P2P,Hyderabad,iPhone,AmazonPay,0,
TXN08946,2026-01-10 20:37:19,USR00337,USR00424,3349.84,Healthcare,P2P,Chennai,Android_Phone,Paytm,0,
TXN06187,2026-01-10 20:38:36,USR00092,USR00484,9125.4,Food Delivery,P2P,Bengaluru,Android_Phone,Paytm,0,
TXN06232,2026-01-10 20:45:37,USR00108,USR00189,9471.95,Rent,P2P,Chennai,Tablet,Paytm,0,
TXN08508,2026-01-10 21:00:08,USR00075,USR00260,4487.84,Rent,P2P,Ahmedabad,iPhone,BHIM,0,
TXN07922,2026-01-10 21:01:12,USR00337,USR00424,1532.6,Travel,P2M,Chennai,Android_Phone,Paytm,0,
TXN06826,2026-01-10 21:11:38,USR00414,USR00191,9638.12,Utilities,P2M,Hyderabad,Tablet,BHIM,0,
TXN08491,2026-01-10 21:37:29,USR00499,USR00195,662.07,Healthcare,P2P,Surat,Tablet,BHIM,0,
TXN05736,2026-01-10 21:38:57,USR00014,USR00036,2604.77,Grocery,P2P,Mumbai,Web,GPay,0,
TXN06064,2026-01-10 22:09:52,USR00026,USR00175,1790.04,Healthcare,P2M,Lucknow,Web,Paytm,0,
TXN09667,2026-01-10 22:26:43,USR00142,USR00120,13877.29,Food Delivery,P2M,Mumbai,Web,Paytm,1,new_device
TXN05077,2026-01-10 22:46:05,USR00438,USR00415,5651.6,Grocery,P2M,Chennai,Web,AmazonPay,0,
TXN10143,2026-01-10 22:47:00,USR00019,USR00474,11364.3,Utilities,P2M,Bengaluru,Android_Phone,BHIM,1,rapid_burst
TXN10144,2026-01-10 22:49:00,USR00019,USR00474,12869.65,Entertainment,P2M,Bengaluru,Android_Phone,BHIM,1,rapid_burst
TXN10146,2026-01-10 22:50:00,USR00019,USR00135,8049.58,Healthcare,P2M,Bengaluru,Android_Phone,BHIM,1,rapid_burst
TXN10147,2026-01-10 22:51:00,USR00019,USR00199,9735.52,Food Delivery,P2P,Bengaluru,Android_Phone,BHIM,1,rapid_burst
TXN02046,2026-01-10 22:51:27,USR00016,USR00442,170.61,Fuel,P2P,Surat,Android_Phone,GPay,0,
TXN10145,2026-01-10 22:53:00,USR00019,USR00135,7768.11,Travel,P2M,Bengaluru,Android_Phone,BHIM,1,rapid_burst
TXN10148,2026-01-10 22:57:00,USR00019,USR00474,8217.68,Healthcare,P2P,Bengaluru,Android_Phone,BHIM,1,rapid_burst
TXN09587,2026-01-10 22:57:09,USR00316,USR00355,90438.68,Education,P2M,Surat,Android_Phone,Paytm,1,"rapid_burst,high_amount"
TXN09612,2026-01-11 03:27:23,USR00195,USR00492,220.43,Fuel,P2M,Pune,Android_Phone,BHIM,1,odd_hour
TXN09285,2026-01-11 06:04:27,USR00176,USR00218,187.01,Grocery,P2P,Bengaluru,iPhone,AmazonPay,0,
TXN01418,2026-01-11 06:15:46,USR00278,USR00367,844.75,Education,P2M,Bengaluru,iPhone,Paytm,0,
TXN09015,2026-01-11 06:27:30,USR00072,USR00129,2255.81,Utilities,P2P,Delhi,Tablet,BHIM,0,
TXN08375,2026-01-11 06:30:54,USR00077,USR00278,1621.27,Grocery,P2P,Ahmedabad,iPhone,BHIM,0,
TXN03805,2026-01-11 06:37:39,USR00156,USR00416,7303.43,Fuel,P2M,Pune,Tablet,AmazonPay,0,
TXN01657,2026-01-11 07:20:10,USR00441,USR00113,68.57,Rent,P2P,Chennai,Android_Phone,PhonePe,0,
TXN03333,2026-01-11 07:30:42,USR00165,USR00077,293.83,Fuel,P2M,Mumbai,iPhone,PhonePe,0,
TXN08193,2026-01-11 07:38:29,USR00090,USR00046,480.92,Rent,P2P,Jaipur,Tablet,Paytm,0,
TXN04453,2026-01-11 07:44:26,USR00320,USR00334,9570.51,Fuel,P2M,Jaipur,Web,GPay,0,
TXN06141,2026-01-11 08:00:11,USR00139,USR00217,1717.98,Rent,P2M,Jaipur,Web,GPay,0,
TXN00802,2026-01-11 08:03:17,USR00429,USR00056,7681.86,Fuel,P2P,Kolkata,Web,GPay,0,
TXN07443,2026-01-11 08:05:20,USR00105,USR00058,399.18,Rent,P2M,Delhi,iPhone,Paytm,0,
TXN02546,2026-01-11 08:05:51,USR00281,USR00394,165.24,Grocery,P2P,Nagpur,Android_Phone,PhonePe,0,
TXN05789,2026-01-11 08:11:21,USR00107,USR00324,231.83,Education,P2M,Delhi,Tablet,GPay,0,
TXN04130,2026-01-11 08:42:14,USR00022,USR00160,4291.33,Utilities,P2M,Hyderabad,Web,PhonePe,0,
TXN09216,2026-01-11 09:00:04,USR00127,USR00393,756.12,Utilities,P2P,Surat,Web,AmazonPay,0,
TXN01293,2026-01-11 09:01:00,USR00402,USR00074,1683.22,Fuel,P2P,Kolkata,Tablet,PhonePe,0,
TXN00366,2026-01-11 09:03:58,USR00296,USR00196,304.17,Healthcare,P2M,Kolkata,Web,AmazonPay,0,
TXN08049,2026-01-11 09:05:46,USR00468,USR00003,13923.85,Rent,P2P,Delhi,Tablet,AmazonPay,0,
TXN07698,2026-01-11 09:10:08,USR00376,USR00011,17876.28,Shopping,P2P,Surat,iPhone,AmazonPay,0,
TXN02750,2026-01-11 09:11:00,USR00460,USR00201,946.73,Rent,P2P,Lucknow,Android_Phone,AmazonPay,0,
TXN08086,2026-01-11 09:15:06,USR00076,USR00212,4606.98,Grocery,P2M,Delhi,iPhone,Paytm,0,
TXN09132,2026-01-11 09:16:15,USR00360,USR00073,2708.5,Shopping,P2M,Jaipur,Tablet,Paytm,0,
TXN05729,2026-01-11 09:19:25,USR00059,USR00161,12326.18,Food Delivery,P2P,Nagpur,Android_Phone,AmazonPay,0,
TXN03704,2026-01-11 09:40:48,USR00346,USR00345,203.31,Shopping,P2P,Chennai,Android_Phone,AmazonPay,0,
TXN08259,2026-01-11 09:44:16,USR00496,USR00387,886.2,Food Delivery,P2M,Lucknow,iPhone,PhonePe,0,
TXN04305,2026-01-11 09:44:23,USR00346,USR00052,148.02,Shopping,P2P,Chennai,Android_Phone,AmazonPay,0,
TXN03819,2026-01-11 09:58:18,USR00055,USR00014,86.71,Food Delivery,P2P,Lucknow,Tablet,Paytm,0,
TXN00003,2026-01-11 10:08:41,USR00499,USR00195,729.05,Education,P2M,Surat,Tablet,BHIM,0,
TXN04567,2026-01-11 10:30:05,USR00150,USR00485,270.13,Fuel,P2M,Chennai,iPhone,AmazonPay,0,
TXN04241,2026-01-11 10:47:48,USR00150,USR00481,296.95,Education,P2M,Chennai,iPhone,AmazonPay,0,
TXN08593,2026-01-11 10:54:43,USR00083,USR00210,10499.69,Rent,P2P,Kolkata,Web,AmazonPay,0,
TXN05593,2026-01-11 11:09:14,USR00327,USR00047,11843.08,Travel,P2M,Lucknow,Tablet,Paytm,0,
TXN01692,2026-01-11 11:58:48,USR00370,USR00485,1012.91,Travel,P2M,Ahmedabad,iPhone,AmazonPay,0,
TXN03384,2026-01-11 12:15:28,USR00219,USR00205,929.16,Rent,P2P,Delhi,Tablet,AmazonPay,0,
TXN03014,2026-01-11 12:19:13,USR00494,USR00378,10051.81,Fuel,P2P,Bengaluru,iPhone,AmazonPay,0,
TXN03498,2026-01-11 12:19:38,USR00239,USR00167,10003.39,Fuel,P2P,Nagpur,Web,AmazonPay,0,
TXN03539,2026-01-11 12:21:56,USR00100,USR00041,1275.03,Fuel,P2P,Ahmedabad,Android_Phone,PhonePe,0,
TXN04356,2026-01-11 12:32:27,USR00272,USR00210,10528.72,Education,P2P,Lucknow,Android_Phone,AmazonPay,0,
TXN08557,2026-01-11 12:46:11,USR00462,USR00313,1192.65,Travel,P2P,Hyderabad,Web,GPay,0,
TXN08228,2026-01-11 12:53:44,USR00048,USR00167,2161.44,Fuel,P2M,Kolkata,Web,BHIM,0,
TXN07299,2026-01-11 13:05:59,USR00417,USR00144,9896.06,Education,P2M,Mumbai,iPhone,PhonePe,0,
TXN01011,2026-01-11 13:11:15,USR00154,USR00174,2518.95,Healthcare,P2P,Ahmedabad,Tablet,Paytm,0,
TXN08182,2026-01-11 13:25:30,USR00096,USR00445,2323.06,Utilities,P2M,Delhi,iPhone,Paytm,0,
TXN06878,2026-01-11 13:28:05,USR00423,USR00004,370.09,Grocery,P2M,Hyderabad,iPhone,GPay,0,
TXN08276,2026-01-11 13:45:54,USR00209,USR00192,699.66,P2P Transfer,P2M,Pune,Tablet,PhonePe,0,
TXN07823,2026-01-11 13:51:27,USR00269,USR00066,544.77,Fuel,P2M,Mumbai,Android_Phone,BHIM,0,
TXN08420,2026-01-11 13:52:35,USR00231,USR00287,835.68,Fuel,P2P,Pune,iPhone,BHIM,0,
TXN01302,2026-01-11 13:56:23,USR00453,USR00044,87.06,Utilities,P2P,Surat,Tablet,AmazonPay,0,
TXN07294,2026-01-11 13:58:57,USR00458,USR00242,2326.84,Fuel,P2M,Bengaluru,Web,PhonePe,0,
TXN09845,2026-01-11 13:58:58,USR00067,USR00278,275.0,Fuel,P2M,Kolkata,Android_Phone,PhonePe,1,new_device
TXN09899,2026-01-11 14:04:57,USR00057,USR00251,4773.19,Shopping,P2M,Nagpur,iPhone,GPay,1,high_amount
TXN06737,2026-01-11 14:08:04,USR00028,USR00483,13411.7,Education,P2P,Delhi,Android_Phone,PhonePe,0,
TXN08489,2026-01-11 14:09:08,USR00181,USR00462,1102.46,Food Delivery,P2M,Delhi,Web,PhonePe,0,
TXN06043,2026-01-11 14:21:50,USR00011,USR00078,13535.16,Education,P2P,Surat,Web,AmazonPay,0,
TXN04681,2026-01-11 14:28:41,USR00070,USR00223,2721.45,Travel,P2M,Hyderabad,Tablet,BHIM,0,
TXN05336,2026-01-11 14:40:05,USR00144,USR00134,117.21,Shopping,P2M,Jaipur,Tablet,Paytm,0,
TXN09534,2026-01-11 14:41:57,USR00055,USR00182,666.0,Food Delivery,P2P,Lucknow,Tablet,Paytm,1,"new_receiver,high_amount"
TXN02138,2026-01-11 14:42:38,USR00370,USR00485,1780.73,Rent,P2M,Ahmedabad,iPhone,AmazonPay,0,
TXN08394,2026-01-11 15:02:06,USR00279,USR00491,4134.95,Entertainment,P2P,Delhi,iPhone,BHIM,0,
TXN01741,2026-01-11 15:18:40,USR00313,USR00249,2038.65,Food Delivery,P2M,Chennai,iPhone,Paytm,0,
TXN05862,2026-01-11 15:42:34,USR00128,USR00190,243.97,Utilities,P2P,Surat,Android_Phone,AmazonPay,0,
TXN08643,2026-01-11 16:09:15,USR00038,USR00491,222.28,P2P Transfer,P2M,Jaipur,iPhone,PhonePe,0,
TXN00623,2026-01-11 16:12:08,USR00436,USR00000,10400.3,P2P Transfer,P2M,Chennai,Web,GPay,0,
TXN04425,2026-01-11 16:17:59,USR00007,USR00255,82.88,Fuel,P2P,Lucknow,iPhone,BHIM,0,
TXN09809,2026-01-11 16:20:58,USR00143,USR00293,3282.49,Fuel,P2P,Chennai,Web,Paytm,1,rapid_burst
TXN01567,2026-01-11 16:21:41,USR00007,USR00335,95.25,Education,P2P,Lucknow,iPhone,BHIM,0,
TXN01981,2026-01-11 16:28:28,USR00349,USR00263,15377.45,Shopping,P2P,Bengaluru,Android_Phone,BHIM,0,
TXN03692,2026-01-11 16:30:19,USR00122,USR00362,450.46,Entertainment,P2M,Hyderabad,Web,Paytm,0,
TXN07724,2026-01-11 16:38:46,USR00260,USR00205,5567.43,Grocery,P2M,Pune,iPhone,Paytm,0,
TXN07646,2026-01-11 16:40:12,USR00337,USR00424,2462.61,Rent,P2P,Chennai,Android_Phone,Paytm,0,
TXN09776,2026-01-11 16:46:01,USR00213,USR00440,21922.82,Utilities,P2P,Bengaluru,iPhone,GPay,1,"high_amount,new_receiver"
TXN08162,2026-01-11 16:50:37,USR00411,USR00445,1583.26,Education,P2M,Chennai,Web,Paytm,0,
TXN03090,2026-01-11 16:58:21,USR00038,USR00461,362.04,Fuel,P2P,Jaipur,iPhone,PhonePe,0,
TXN08008,2026-01-11 17:02:44,USR00417,USR00137,12317.76,Grocery,P2P,Mumbai,iPhone,PhonePe,0,
TXN01049,2026-01-11 17:13:47,USR00287,USR00049,3698.45,Entertainment,P2M,Surat,Web,BHIM,0,
TXN04483,2026-01-11 17:22:22,USR00497,USR00482,18073.41,Shopping,P2M,Hyderabad,Web,BHIM,0,
TXN04829,2026-01-11 17:34:17,USR00211,USR00044,9540.12,Fuel,P2P,Hyderabad,Web,PhonePe,0,
TXN08865,2026-01-11 17:45:40,USR00359,USR00144,9891.83,Food Delivery,P2M,Hyderabad,Android_Phone,BHIM,0,
TXN00042,2026-01-11 17:53:29,USR00187,USR00126,2757.35,Rent,P2P,Jaipur,Tablet,PhonePe,0,
TXN03866,2026-01-11 18:01:16,USR00003,USR00235,1807.82,Food Delivery,P2P,Lucknow,Web,AmazonPay,0,
TXN02472,2026-01-11 18:09:46,USR00109,USR00248,97.43,P2P Transfer,P2M,Ahmedabad,Web,PhonePe,0,
TXN07573,2026-01-11 18:13:09,USR00386,USR00402,464.64,Entertainment,P2P,Delhi,iPhone,Paytm,0,
TXN03650,2026-01-11 18:13:14,USR00138,USR00409,19305.08,Food Delivery,P2P,Surat,Android_Phone,BHIM,0,
TXN06445,2026-01-11 18:26:55,USR00493,USR00196,78.71,Rent,P2P,Jaipur,iPhone,GPay,0,
TXN06407,2026-01-11 18:37:26,USR00111,USR00254,883.76,Fuel,P2M,Hyderabad,iPhone,BHIM,0,
TXN06062,2026-01-11 18:45:19,USR00251,USR00020,13235.72,Healthcare,P2P,Mumbai,Android_Phone,BHIM,0,
TXN10193,2026-01-11 19:05:00,USR00016,USR00216,162.44,Food Delivery,P2P,Surat,Android_Phone,GPay,1,rapid_burst
TXN06518,2026-01-11 19:06:10,USR00450,USR00462,332.89,Travel,P2P,Kolkata,iPhone,AmazonPay,0,
TXN04259,2026-01-11 19:06:37,USR00364,USR00460,10406.65,Grocery,P2M,Lucknow,Web,Paytm,0,
TXN10194,2026-01-11 19:07:00,USR00016,USR00442,195.29,Fuel,P2P,Surat,Android_Phone,GPay,1,rapid_burst
TXN07105,2026-01-11 19:08:31,USR00195,USR00060,319.86,Entertainment,P2M,Pune,Android_Phone,BHIM,0,
TXN10195,2026-01-11 19:09:00,USR00016,USR00216,312.54,Rent,P2P,Surat,Android_Phone,GPay,1,rapid_burst
TXN10196,2026-01-11 19:14:00,USR00016,USR00210,159.92,Food Delivery,P2P,Surat,Android_Phone,GPay,1,rapid_burst
TXN09699,2026-01-11 19:22:30,USR00141,USR00343,14301.34,P2P Transfer,P2M,Hyderabad,iPhone,BHIM,1,new_device
TXN01094,2026-01-11 19:30:12,USR00059,USR00161,13052.54,Travel,P2P,Nagpur,Android_Phone,AmazonPay,0,
TXN06977,2026-01-11 19:51:19,USR00107,USR00379,207.82,Shopping,P2P,Delhi,Tablet,GPay,0,
TXN00952,2026-01-11 19:58:06,USR00263,USR00492,6711.99,Food Delivery,P2M,Pune,Android_Phone,PhonePe,0,
TXN02796,2026-01-11 20:17:22,USR00442,USR00075,2067.67,Shopping,P2M,Pune,Android_Phone,Paytm,0,
TXN01320,2026-01-11 20:24:20,USR00025,USR00449,2588.7,Travel,P2P,Surat,Android_Phone,PhonePe,0,
TXN08519,2026-01-11 20:29:56,USR00484,USR00052,872.77,Rent,P2P,Chennai,Android_Phone,Paytm,0,
TXN02675,2026-01-11 20:36:14,USR00025,USR00477,3263.67,Fuel,P2P,Surat,Android_Phone,PhonePe,0,
TXN06316,2026-01-11 20:41:40,USR00196,USR00183,455.95,Grocery,P2M,Hyderabad,Web,Paytm,0,
TXN05743,2026-01-11 20:42:19,USR00227,USR00134,7165.86,Fuel,P2M,Ahmedabad,iPhone,BHIM,0,
TXN08153,2026-01-11 20:49:11,USR00484,USR00023,683.22,Rent,P2M,Chennai,Android_Phone,Paytm,0,
TXN02599,2026-01-11 20:57:20,USR00295,USR00301,475.85,Education,P2M,Kolkata,Android_Phone,AmazonPay,0,
TXN06487,2026-01-11 20:58:34,USR00293,USR00216,320.66,Food Delivery,P2P,Bengaluru,iPhone,BHIM,0,
TXN03547,2026-01-11 20:59:39,USR00157,USR00046,2756.79,Grocery,P2M,Ahmedabad,Web,BHIM,0,
TXN01537,2026-01-11 21:02:39,USR00019,USR00001,5355.23,Shopping,P2P,Bengaluru,Android_Phone,BHIM,0,
TXN03847,2026-01-11 21:18:14,USR00015,USR00067,2135.24,Utilities,P2M,Hyderabad,iPhone,AmazonPay,0,
TXN05961,2026-01-11 21:20:02,USR00443,USR00256,1027.66,Education,P2M,Delhi,Web,PhonePe,0,
TXN01037,2026-01-11 21:21:59,USR00195,USR00060,298.03,Entertainment,P2M,Pune,Android_Phone,BHIM,0,
TXN03572,2026-01-11 21:48:36,USR00340,USR00088,612.34,Grocery,P2P,Jaipur,Tablet,PhonePe,0,
TXN04390,2026-01-11 22:07:48,USR00490,USR00114,291.41,Healthcare,P2P,Ahmedabad,Tablet,AmazonPay,0,
TXN07597,2026-01-11 22:20:27,USR00122,USR00043,497.52,Fuel,P2P,Hyderabad,Web,Paytm,0,
TXN07865,2026-01-11 22:22:01,USR00235,USR00323,953.85,Shopping,P2P,Pune,iPhone,BHIM,0,
TXN00207,2026-01-11 22:52:49,USR00140,USR00085,572.49,Education,P2M,Hyderabad,Web,BHIM,0,
TXN02242,2026-01-11 22:59:36,USR00497,USR00470,9913.03,Shopping,P2P,Hyderabad,Web,BHIM,0,
TXN10242,2026-01-12 01:32:00,USR00217,USR00349,22452.39,Rent,P2P,Delhi,Web,AmazonPay,1,rapid_burst
TXN10243,2026-01-12 01:33:00,USR00217,USR00092,16964.71,Rent,P2P,Delhi,Web,AmazonPay,1,rapid_burst
TXN10245,2026-01-12 01:35:00,USR00217,USR00303,15472.86,Entertainment,P2M,Delhi,Web,AmazonPay,1,rapid_burst
TXN10244,2026-01-12 01:38:00,USR00217,USR00349,17734.56,Healthcare,P2M,Delhi,Web,AmazonPay,1,rapid_burst
TXN10246,2026-01-12 01:40:00,USR00217,USR00102,15062.62,Fuel,P2M,Delhi,Web,AmazonPay,1,rapid_burst
TXN02274,2026-01-12 06:03:07,USR00066,USR00147,11467.64,Education,P2P,Nagpur,Tablet,Paytm,0,
TXN04229,2026-01-12 06:05:38,USR00118,USR00437,579.4,Rent,P2P,Chennai,Android_Phone,GPay,0,
TXN07327,2026-01-12 06:22:01,USR00130,USR00114,319.97,Shopping,P2M,Kolkata,iPhone,GPay,0,
TXN09035,2026-01-12 06:35:23,USR00066,USR00147,10753.68,Grocery,P2M,Nagpur,Tablet,Paytm,0,
TXN07843,2026-01-12 06:37:28,USR00389,USR00118,88.98,Travel,P2P,Mumbai,iPhone,GPay,0,
TXN04092,2026-01-12 06:44:03,USR00049,USR00399,3198.52,Travel,P2M,Chennai,Android_Phone,GPay,0,
TXN05903,2026-01-12 06:44:24,USR00050,USR00058,239.42,P2P Transfer,P2M,Pune,iPhone,AmazonPay,0,
TXN05676,2026-01-12 07:13:34,USR00368,USR00302,1424.72,Food Delivery,P2M,Lucknow,Android_Phone,AmazonPay,0,
TXN04184,2026-01-12 07:18:37,USR00114,USR00040,470.43,Travel,P2P,Kolkata,iPhone,Paytm,0,
TXN05853,2026-01-12 07:32:07,USR00378,USR00073,320.69,Rent,P2P,Pune,iPhone,PhonePe,0,
TXN06140,2026-01-12 07:46:21,USR00407,USR00162,1540.06,Entertainment,P2P,Pune,Web,Paytm,0,
TXN01187,2026-01-12 07:46:38,USR00267,USR00080,405.79,Fuel,P2P,Hyderabad,Tablet,Paytm,0,
TXN05999,2026-01-12 07:51:28,USR00239,USR00167,6559.08,Rent,P2M,Nagpur,Web,AmazonPay,0,
TXN00697,2026-01-12 07:51:53,USR00359,USR00310,11467.11,Food Delivery,P2P,Hyderabad,Android_Phone,BHIM,0,
TXN05930,2026-01-12 07:52:14,USR00431,USR00040,6952.08,Grocery,P2P,Pune,Android_Phone,GPay,0,
TXN04572,2026-01-12 08:06:23,USR00305,USR00482,481.65,Utilities,P2P,Hyderabad,iPhone,Paytm,0,
TXN09875,2026-01-12 08:09:30,USR00230,USR00490,5514.39,Education,P2P,Jaipur,iPhone,PhonePe,1,new_receiver
TXN08172,2026-01-12 08:13:50,USR00142,USR00120,13252.7,Entertainment,P2P,Mumbai,Tablet,Paytm,0,
TXN07347,2026-01-12 08:29:04,USR00020,USR00382,470.35,Grocery,P2P,Lucknow,Android_Phone,BHIM,0,
TXN05143,2026-01-12 08:32:18,USR00044,USR00070,9252.44,Healthcare,P2P,Chennai,Web,PhonePe,0,
TXN09480,2026-01-12 08:33:12,USR00380,USR00313,7457.13,Utilities,P2M,Jaipur,Android_Phone,AmazonPay,1,new_receiver
TXN06257,2026-01-12 08:40:53,USR00244,USR00067,7415.67,Fuel,P2M,Ahmedabad,iPhone,PhonePe,0,
TXN00480,2026-01-12 08:41:45,USR00006,USR00431,907.84,Healthcare,P2P,Hyderabad,Tablet,GPay,0,
TXN09377,2026-01-12 08:43:37,USR00495,USR00055,9469.02,Food Delivery,P2M,Kolkata,Web,AmazonPay,0,
TXN05787,2026-01-12 08:48:07,USR00201,USR00004,173.89,Rent,P2P,Delhi,iPhone,BHIM,0,
TXN03266,2026-01-12 08:58:03,USR00415,USR00040,12809.37,Grocery,P2P,Pune,Tablet,AmazonPay,0,
TXN02025,2026-01-12 09:08:27,USR00064,USR00194,528.66,Fuel,P2M,Lucknow,Tablet,BHIM,0,
TXN08279,2026-01-12 09:08:41,USR00170,USR00315,7766.44,Utilities,P2P,Bengaluru,Web,AmazonPay,0,
TXN08047,2026-01-12 09:14:15,USR00384,USR00289,220.48,Rent,P2P,Jaipur,Web,BHIM,0,
TXN07409,2026-01-12 09:19:15,USR00355,USR00497,2405.42,Grocery,P2M,Delhi,Android_Phone,AmazonPay,0,
TXN08325,2026-01-12 10:00:07,USR00088,USR00374,3187.1,Grocery,P2P,Lucknow,Android_Phone,Paytm,0,
TXN03980,2026-01-12 10:07:58,USR00023,USR00318,916.02,Utilities,P2M,Delhi,Web,AmazonPay,0,
TXN09965,2026-01-12 10:27:38,USR00214,USR00427,1648.7,Rent,P2M,Chennai,Android_Phone,BHIM,1,new_receiver
TXN04899,2026-01-12 10:32:28,USR00219,USR00273,847.54,Shopping,P2M,Delhi,Tablet,AmazonPay,0,
TXN04175,2026-01-12 10:52:35,USR00046,USR00409,13335.95,Fuel,P2P,Jaipur,Tablet,Paytm,0,
TXN07527,2026-01-12 10:57:30,USR00362,USR00343,355.75,Grocery,P2M,Pune,Web,AmazonPay,0,
TXN08237,2026-01-12 11:25:24,USR00495,USR00055,4814.41,Shopping,P2P,Kolkata,Web,AmazonPay,0,
TXN06783,2026-01-12 11:28:28,USR00121,USR00145,362.88,P2P Transfer,P2P,Delhi,Web,AmazonPay,0,
TXN02682,2026-01-12 11:28:52,USR00138,USR00188,15806.22,Rent,P2P,Surat,Android_Phone,BHIM,0,
TXN08028,2026-01-12 11:45:01,USR00281,USR00494,104.47,Fuel,P2M,Nagpur,Android_Phone,PhonePe,0,
TXN03611,2026-01-12 11:58:10,USR00281,USR00494,125.43,Utilities,P2M,Nagpur,Android_Phone,PhonePe,0,
TXN04319,2026-01-12 12:01:42,USR00027,USR00170,349.89,Education,P2P,Mumbai,Web,PhonePe,0,
TXN06060,2026-01-12 12:03:14,USR00457,USR00305,10125.24,Healthcare,P2M,Lucknow,Web,GPay,0,
TXN03009,2026-01-12 12:07:16,USR00076,USR00212,3028.41,Travel,P2M,Delhi,iPhone,Paytm,0,
TXN00330,2026-01-12 12:09:19,USR00093,USR00372,1196.23,Rent,P2P,Surat,Web,BHIM,0,
TXN04942,2026-01-12 12:16:15,USR00125,USR00425,89.27,Shopping,P2P,Bengaluru,iPhone,AmazonPay,0,
TXN07733,2026-01-12 12:24:10,USR00108,USR00189,6577.16,Grocery,P2M,Chennai,Tablet,Paytm,0,
TXN09179,2026-01-12 12:27:20,USR00421,USR00242,2959.95,P2P Transfer,P2P,Jaipur,Android_Phone,Paytm,0,
TXN01469,2026-01-12 12:36:47,USR00488,USR00353,135.44,Entertainment,P2M,Bengaluru,Tablet,BHIM,0,
TXN05785,2026-01-12 12:38:22,USR00218,USR00434,546.64,Grocery,P2M,Nagpur,Web,BHIM,0,
TXN09061,2026-01-12 12:43:04,USR00410,USR00145,2968.06,P2P Transfer,P2P,Delhi,iPhone,BHIM,0,
TXN03959,2026-01-12 12:43:45,USR00180,USR00390,1421.49,Grocery,P2M,Jaipur,Tablet,AmazonPay,0,
TXN09308,2026-01-12 13:08:46,USR00040,USR00453,2629.09,Healthcare,P2P,Ahmedabad,Android_Phone,BHIM,0,
TXN10010,2026-01-12 13:34:00,USR00088,USR00465,2186.77,Shopping,P2P,Lucknow,Android_Phone,Paytm,1,rapid_burst
TXN10011,2026-01-12 13:37:00,USR00088,USR00374,2987.12,P2P Transfer,P2M,Lucknow,Android_Phone,Paytm,1,rapid_burst
TXN10012,2026-01-12 13:38:00,USR00088,USR00374,3884.55,Education,P2M,Lucknow,Android_Phone,Paytm,1,rapid_burst
TXN07530,2026-01-12 13:39:25,USR00357,USR00027,12707.02,Utilities,P2M,Mumbai,Web,PhonePe,0,
TXN03065,2026-01-12 13:39:26,USR00290,USR00288,80.37,Rent,P2P,Ahmedabad,Tablet,GPay,0,
TXN04770,2026-01-12 13:43:02,USR00280,USR00355,465.23,Utilities,P2P,Bengaluru,Web,PhonePe,0,
TXN06426,2026-01-12 13:48:30,USR00417,USR00052,7991.39,Food Delivery,P2M,Mumbai,iPhone,PhonePe,0,
TXN07144,2026-01-12 13:48:44,USR00421,USR00242,2420.09,P2P Transfer,P2P,Jaipur,Android_Phone,Paytm,0,
TXN02511,2026-01-12 14:10:39,USR00004,USR00360,784.23,Travel,P2P,Lucknow,Web,PhonePe,0,
TXN03271,2026-01-12 14:15:49,USR00213,USR00074,1852.08,Healthcare,P2P,Bengaluru,iPhone,GPay,0,
TXN02112,2026-01-12 14:17:17,USR00030,USR00409,754.68,Entertainment,P2P,Pune,iPhone,PhonePe,0,
TXN02008,2026-01-12 14:18:03,USR00190,USR00031,1860.96,Travel,P2M,Kolkata,iPhone,AmazonPay,0,
TXN02975,2026-01-12 14:21:35,USR00069,USR00117,2735.34,Rent,P2M,Lucknow,Web,AmazonPay,0,
TXN05101,2026-01-12 14:23:25,USR00353,USR00058,339.93,Entertainment,P2M,Jaipur,Tablet,Paytm,0,
TXN04459,2026-01-12 14:31:16,USR00426,USR00178,163.56,Food Delivery,P2M,Jaipur,Web,Paytm,0,
TXN04277,2026-01-12 14:49:38,USR00346,USR00378,156.07,Utilities,P2P,Chennai,Android_Phone,AmazonPay,0,
TXN04621,2026-01-12 14:57:26,USR00103,USR00049,447.28,Fuel,P2P,Delhi,Android_Phone,Paytm,0,
TXN05826,2026-01-12 15:06:36,USR00109,USR00248,79.37,Healthcare,P2P,Ahmedabad,Web,PhonePe,0,
TXN00560,2026-01-12 15:10:36,USR00039,USR00115,7001.82,Food Delivery,P2M,Surat,iPhone,GPay,0,
TXN00077,2026-01-12 15:26:54,USR00295,USR00301,315.98,Education,P2P,Kolkata,Android_Phone,AmazonPay,0,
TXN06513,2026-01-12 15:27:13,USR00412,USR00276,1311.72,Utilities,P2M,Jaipur,Tablet,GPay,0,
TXN02951,2026-01-12 15:35:56,USR00323,USR00267,500.32,Food Delivery,P2P,Pune,Tablet,PhonePe,0,
TXN07632,2026-01-12 15:54:20,USR00442,USR00201,2963.94,Shopping,P2M,Pune,Android_Phone,Paytm,0,
TXN08145,2026-01-12 16:01:00,USR00085,USR00176,473.78,Utilities,P2M,Delhi,iPhone,BHIM,0,
TXN08246,2026-01-12 16:01:12,USR00363,USR00371,2207.53,Shopping,P2M,Hyderabad,Android_Phone,AmazonPay,0,
TXN05056,2026-01-12 16:14:07,USR00452,USR00141,2491.81,Healthcare,P2M,Pune,Web,BHIM,0,
TXN02670,2026-01-12 16:18:36,USR00472,USR00055,7191.74,Utilities,P2P,Nagpur,iPhone,AmazonPay,0,
TXN00724,2026-01-12 16:22:45,USR00246,USR00073,3515.51,Rent,P2M,Kolkata,iPhone,GPay,0,
TXN02215,2026-01-12 16:26:52,USR00472,USR00313,5526.2,Healthcare,P2M,Nagpur,iPhone,AmazonPay,0,
TXN06285,2026-01-12 16:28:26,USR00096,USR00300,2372.38,Utilities,P2P,Delhi,iPhone,Paytm,0,
TXN07502,2026-01-12 16:29:58,USR00149,USR00221,749.97,Entertainment,P2M,Jaipur,iPhone,GPay,0,
TXN02795,2026-01-12 16:30:44,USR00470,USR00403,13091.05,Rent,P2P,Lucknow,Web,AmazonPay,0,
TXN08088,2026-01-12 16:30:57,USR00121,USR00436,467.6,Entertainment,P2P,Delhi,Web,AmazonPay,0,
TXN07761,2026-01-12 16:31:08,USR00101,USR00271,47.61,Rent,P2P,Kolkata,Web,GPay,0,
TXN06827,2026-01-12 16:32:13,USR00177,USR00003,10100.53,Education,P2P,Chennai,Tablet,PhonePe,0,
TXN06840,2026-01-12 16:38:24,USR00252,USR00040,2049.32,Grocery,P2P,Hyderabad,iPhone,AmazonPay,0,
TXN02788,2026-01-12 16:48:36,USR00115,USR00372,2555.76,Utilities,P2P,Jaipur,Android_Phone,PhonePe,0,
TXN01805,2026-01-12 17:02:49,USR00145,USR00365,15727.63,Utilities,P2M,Ahmedabad,Android_Phone,GPay,0,
TXN00094,2026-01-12 17:05:25,USR00456,USR00226,12957.96,Entertainment,P2P,Kolkata,Web,Paytm,0,
TXN01319,2026-01-12 18:00:27,USR00046,USR00112,13716.32,Shopping,P2P,Jaipur,Tablet,Paytm,0,
TXN09737,2026-01-12 18:09:43,USR00370,USR00091,1384.99,Grocery,P2M,Ahmedabad,Web,AmazonPay,1,new_device
TXN06657,2026-01-12 18:17:43,USR00048,USR00232,2106.36,Fuel,P2P,Kolkata,Web,BHIM,0,
TXN05966,2026-01-12 18:38:46,USR00067,USR00278,453.84,Utilities,P2P,Kolkata,iPhone,PhonePe,0,
TXN08969,2026-01-12 18:47:49,USR00494,USR00378,8720.04,Fuel,P2P,Bengaluru,iPhone,AmazonPay,0,
TXN09026,2026-01-12 18:53:38,USR00434,USR00452,211.13,Utilities,P2P,Surat,Web,PhonePe,0,
TXN09616,2026-01-12 19:16:13,USR00428,USR00495,111.26,Fuel,P2P,Ahmedabad,iPhone,AmazonPay,1,"new_device,new_location"
TXN05586,2026-01-12 19:28:48,USR00310,USR00065,4130.67,Education,P2P,Hyderabad,iPhone,Paytm,0,
TXN03489,2026-01-12 19:30:45,USR00347,USR00474,1797.45,Education,P2P,Nagpur,Web,BHIM,0,
TXN01401,2026-01-12 19:38:16,USR00184,USR00478,6623.7,Fuel,P2M,Jaipur,Android_Phone,GPay,0,
TXN01594,2026-01-12 19:42:21,USR00470,USR00287,8363.48,Grocery,P2P,Lucknow,Web,AmazonPay,0,
TXN04179,2026-01-12 19:50:07,USR00283,USR00055,13985.35,Entertainment,P2P,Chennai,Android_Phone,GPay,0,
TXN09437,2026-01-12 20:00:36,USR00288,USR00013,15457.23,Entertainment,P2M,Pune,Tablet,PhonePe,1,rapid_burst
TXN01853,2026-01-12 20:01:49,USR00446,USR00350,6035.47,Rent,P2P,Pune,Android_Phone,GPay,0,
TXN05792,2026-01-12 20:12:17,USR00490,USR00485,401.37,Education,P2M,Ahmedabad,Tablet,AmazonPay,0,
TXN06243,2026-01-12 20:35:56,USR00085,USR00327,645.36,Food Delivery,P2P,Delhi,iPhone,BHIM,0,
TXN03346,2026-01-12 20:42:18,USR00257,USR00052,120.58,Utilities,P2P,Ahmedabad,Android_Phone,AmazonPay,0,
TXN01450,2026-01-12 20:44:31,USR00240,USR00495,348.69,Travel,P2P,Delhi,Web,BHIM,0,
TXN05699,2026-01-12 20:55:20,USR00133,USR00149,872.63,Food Delivery,P2P,Surat,Android_Phone,GPay,0,
TXN07636,2026-01-12 20:56:38,USR00218,USR00434,249.9,Entertainment,P2P,Nagpur,Web,BHIM,0,
TXN08118,2026-01-12 21:48:53,USR00340,USR00296,628.57,Travel,P2P,Jaipur,Tablet,PhonePe,0,
TXN01998,2026-01-12 21:55:46,USR00018,USR00474,3393.17,Travel,P2M,Mumbai,Android_Phone,PhonePe,0,
TXN02178,2026-01-12 21:58:03,USR00240,USR00422,413.51,Education,P2P,Delhi,Web,BHIM,0,
TXN00120,2026-01-12 22:00:26,USR00477,USR00408,305.98,Healthcare,P2P,Surat,Web,PhonePe,0,
TXN09329,2026-01-12 22:06:41,USR00060,USR00116,1570.93,Grocery,P2P,Delhi,Web,PhonePe,0,
TXN09444,2026-01-12 22:06:50,USR00229,USR00261,11242.98,Utilities,P2M,Mumbai,Web,AmazonPay,1,new_location
TXN08042,2026-01-12 22:24:42,USR00480,USR00211,178.15,Food Delivery,P2M,Nagpur,Web,GPay,0,
TXN00799,2026-01-12 22:48:08,USR00490,USR00073,272.43,Entertainment,P2P,Ahmedabad,Tablet,AmazonPay,0,
TXN09558,2026-01-13 01:18:54,USR00155,USR00062,168.35,Entertainment,P2P,Chennai,Android_Phone,BHIM,1,odd_hour
TXN09866,2026-01-13 03:35:44,USR00101,USR00309,24.09,Fuel,P2P,Kolkata,Web,GPay,1,odd_hour
TXN06975,2026-01-13 06:04:09,USR00065,USR00338,510.56,Grocery,P2M,Pune,Android_Phone,PhonePe,0,
TXN04727,2026-01-13 06:12:03,USR00456,USR00420,13158.16,Fuel,P2P,Kolkata,Web,Paytm,0,
TXN06287,2026-01-13 06:24:15,USR00136,USR00069,512.94,P2P Transfer,P2P,Nagpur,Tablet,BHIM,0,
TXN09750,2026-01-13 06:30:52,USR00345,USR00146,15133.37,Travel,P2M,Pune,Android_Phone,Paytm,1,high_amount
TXN05935,2026-01-13 06:42:56,USR00430,USR00016,13572.1,P2P Transfer,P2P,Delhi,iPhone,BHIM,0,
TXN07326,2026-01-13 06:49:47,USR00094,USR00120,5160.92,Entertainment,P2P,Pune,Web,GPay,0,
TXN07284,2026-01-13 06:51:38,USR00270,USR00433,275.25,Entertainment,P2P,Pune,Android_Phone,Paytm,0,
TXN00147,2026-01-13 06:59:13,USR00461,USR00198,1597.38,Fuel,P2P,Nagpur,Tablet,AmazonPay,0,
TXN01590,2026-01-13 07:16:49,USR00185,USR00469,19438.02,Fuel,P2P,Chennai,Tablet,BHIM,0,
TXN07508,2026-01-13 07:17:48,USR00133,USR00123,1306.25,Grocery,P2M,Surat,Android_Phone,GPay,0,
TXN00551,2026-01-13 07:24:14,USR00140,USR00085,508.8,Food Delivery,P2P,Hyderabad,Web,BHIM,0,
TXN02463,2026-01-13 07:31:15,USR00015,USR00276,3781.18,Fuel,P2P,Hyderabad,iPhone,AmazonPay,0,
TXN02652,2026-01-13 07:37:40,USR00368,USR00207,1530.06,Entertainment,P2P,Lucknow,Android_Phone,AmazonPay,0,
TXN05858,2026-01-13 07:40:02,USR00449,USR00483,851.1,Utilities,P2P,Mumbai,Web,Paytm,0,
TXN06103,2026-01-13 07:42:32,USR00326,USR00218,598.02,Fuel,P2M,Chennai,Web,GPay,0,
TXN09039,2026-01-13 07:43:36,USR00063,USR00288,6538.95,P2P Transfer,P2P,Bengaluru,Android_Phone,Paytm,0,
TXN01158,2026-01-13 07:45:25,USR00115,USR00397,1716.98,P2P Transfer,P2P,Jaipur,Android_Phone,PhonePe,0,
TXN05058,2026-01-13 07:47:48,USR00252,USR00158,2388.69,Healthcare,P2M,Hyderabad,iPhone,AmazonPay,0,
TXN03372,2026-01-13 08:15:34,USR00076,USR00404,4018.61,Fuel,P2P,Delhi,iPhone,Paytm,0,
TXN07626,2026-01-13 08:16:23,USR00003,USR00022,2462.87,Shopping,P2M,Lucknow,Web,AmazonPay,0,
TXN08733,2026-01-13 08:23:23,USR00103,USR00221,449.22,Rent,P2P,Delhi,Android_Phone,Paytm,0,
TXN05229,2026-01-13 08:41:59,USR00363,USR00101,2585.32,Travel,P2P,Hyderabad,Android_Phone,AmazonPay,0,
TXN01533,2026-01-13 09:05:05,USR00436,USR00229,8585.57,Utilities,P2M,Chennai,Web,GPay,0,
TXN08113,2026-01-13 09:30:09,USR00317,USR00152,401.6,Shopping,P2P,Delhi,iPhone,Paytm,0,
TXN05726,2026-01-13 09:40:56,USR00404,USR00133,3962.03,Shopping,P2M,Ahmedabad,Android_Phone,AmazonPay,0,
TXN02064,2026-01-13 10:05:06,USR00455,USR00272,3251.56,Travel,P2M,Chennai,iPhone,GPay,0,
TXN09299,2026-01-13 10:17:01,USR00487,USR00462,441.88,Rent,P2P,Bengaluru,Android_Phone,GPay,0,
TXN03410,2026-01-13 10:26:12,USR00441,USR00289,120.46,Utilities,P2M,Chennai,Android_Phone,PhonePe,0,
TXN05423,2026-01-13 10:26:43,USR00061,USR00444,17543.1,Education,P2M,Nagpur,Web,BHIM,0,
TXN08227,2026-01-13 10:27:48,USR00067,USR00278,559.64,Education,P2P,Kolkata,iPhone,PhonePe,0,
TXN07157,2026-01-13 10:40:54,USR00280,USR00402,391.08,Utilities,P2P,Bengaluru,Web,PhonePe,0,
TXN07826,2026-01-13 10:49:03,USR00350,USR00130,353.12,P2P Transfer,P2P,Bengaluru,iPhone,PhonePe,0,
TXN03426,2026-01-13 10:52:13,USR00183,USR00111,13945.39,Fuel,P2P,Hyderabad,Tablet,AmazonPay,0,
TXN02445,2026-01-13 11:14:45,USR00424,USR00173,874.28,P2P Transfer,P2P,Surat,Android_Phone,GPay,0,
TXN02181,2026-01-13 11:22:41,USR00079,USR00269,463.12,Travel,P2P,Ahmedabad,Android_Phone,BHIM,0,
TXN02685,2026-01-13 11:24:22,USR00480,USR00139,269.98,Entertainment,P2P,Nagpur,Web,GPay,0,
TXN09484,2026-01-13 11:58:38,USR00033,USR00347,1122.54,Rent,P2P,Hyderabad,Tablet,AmazonPay,1,new_device
TXN08496,2026-01-13 11:59:08,USR00280,USR00455,455.21,Shopping,P2P,Bengaluru,Web,PhonePe,0,
TXN09058,2026-01-13 12:01:34,USR00213,USR00137,2772.88,Grocery,P2P,Bengaluru,iPhone,GPay,0,
TXN09273,2026-01-13 12:01:57,USR00415,USR00216,18663.36,Healthcare,P2M,Pune,Tablet,AmazonPay,0,
TXN02889,2026-01-13 12:08:06,USR00457,USR00118,7975.89,Travel,P2P,Lucknow,Web,GPay,0,
TXN08216,2026-01-13 12:12:21,USR00405,USR00145,2299.86,Entertainment,P2P,Lucknow,iPhone,Paytm,0,
TXN05033,2026-01-13 12:34:15,USR00356,USR00379,14614.15,Grocery,P2P,Pune,Android_Phone,BHIM,0,
TXN03082,2026-01-13 12:37:43,USR00104,USR00369,169.71,Grocery,P2P,Surat,Web,Paytm,0,
TXN07283,2026-01-13 12:46:03,USR00409,USR00449,320.68,Travel,P2P,Delhi,Android_Phone,BHIM,0,
TXN07977,2026-01-13 12:51:00,USR00262,USR00325,2560.23,Grocery,P2P,Mumbai,Tablet,GPay,0,
TXN07086,2026-01-13 12:54:11,USR00092,USR00019,4964.77,Utilities,P2P,Bengaluru,Android_Phone,Paytm,0,
TXN09698,2026-01-13 13:07:40,USR00218,USR00419,6022.03,Rent,P2P,Nagpur,Web,BHIM,1,high_amount
TXN05838,2026-01-13 13:36:38,USR00005,USR00107,10889.24,Travel,P2M,Surat,Tablet,Paytm,0,
TXN05298,2026-01-13 13:44:47,USR00357,USR00027,12065.89,Fuel,P2P,Mumbai,Web,PhonePe,0,
TXN06937,2026-01-13 13:59:09,USR00139,USR00217,2446.24,Grocery,P2P,Jaipur,Web,GPay,0,
TXN08883,2026-01-13 14:08:33,USR00368,USR00207,1155.13,Healthcare,P2M,Lucknow,Android_Phone,AmazonPay,0,
TXN09129,2026-01-13 14:19:24,USR00375,USR00418,2717.04,Healthcare,P2M,Bengaluru,iPhone,PhonePe,0,
TXN09411,2026-01-13 14:20:40,USR00409,USR00479,141.94,Fuel,P2P,Delhi,Web,BHIM,1,new_device
TXN08197,2026-01-13 14:34:01,USR00451,USR00381,8980.42,Travel,P2M,Jaipur,iPhone,PhonePe,0,
TXN01583,2026-01-13 14:38:33,USR00043,USR00392,1846.79,P2P Transfer,P2P,Pune,Web,PhonePe,0,
TXN03145,2026-01-13 15:31:18,USR00226,USR00199,7248.07,P2P Transfer,P2P,Ahmedabad,iPhone,Paytm,0,
TXN02960,2026-01-13 15:49:10,USR00226,USR00105,5660.74,Shopping,P2P,Ahmedabad,iPhone,Paytm,0,
TXN01473,2026-01-13 15:54:05,USR00109,USR00212,98.65,Education,P2M,Ahmedabad,Web,PhonePe,0,
TXN01201,2026-01-13 15:58:46,USR00162,USR00378,1039.91,Rent,P2M,Kolkata,iPhone,AmazonPay,0,
TXN04635,2026-01-13 16:03:38,USR00398,USR00384,11786.81,Shopping,P2M,Kolkata,Web,GPay,0,
TXN09220,2026-01-13 16:04:15,USR00121,USR00436,349.85,P2P Transfer,P2M,Delhi,Web,AmazonPay,0,
TXN09884,2026-01-13 16:31:56,USR00337,USR00409,2878.05,Fuel,P2P,Nagpur,Android_Phone,Paytm,1,new_location
TXN07464,2026-01-13 16:32:37,USR00041,USR00356,9727.57,Shopping,P2P,Pune,Tablet,AmazonPay,0,
TXN05406,2026-01-13 16:46:44,USR00013,USR00353,73.62,Rent,P2M,Pune,Tablet,BHIM,0,
TXN00162,2026-01-13 16:48:04,USR00318,USR00470,453.09,Travel,P2M,Pune,Web,BHIM,0,
TXN05907,2026-01-13 17:05:41,USR00302,USR00348,2731.66,Grocery,P2P,Surat,Tablet,PhonePe,0,
TXN05410,2026-01-13 17:17:47,USR00130,USR00114,371.1,Grocery,P2P,Kolkata,iPhone,GPay,0,
TXN02377,2026-01-13 17:25:07,USR00071,USR00082,192.4,Education,P2M,Surat,Web,Paytm,0,
TXN01299,2026-01-13 17:48:02,USR00465,USR00022,1644.58,Healthcare,P2M,Kolkata,iPhone,AmazonPay,0,
TXN07509,2026-01-13 17:51:14,USR00208,USR00223,400.23,Fuel,P2P,Mumbai,Web,GPay,0,
TXN03081,2026-01-13 17:54:44,USR00165,USR00160,225.38,Education,P2P,Mumbai,iPhone,PhonePe,0,
TXN03017,2026-01-13 18:02:39,USR00280,USR00182,592.67,Healthcare,P2M,Bengaluru,Web,PhonePe,0,
TXN01907,2026-01-13 18:09:13,USR00210,USR00078,2062.56,Entertainment,P2P,Bengaluru,Web,BHIM,0,
TXN09773,2026-01-13 18:24:55,USR00424,USR00162,913.4,Travel,P2M,Surat,Android_Phone,GPay,1,new_receiver
TXN05860,2026-01-13 18:26:32,USR00493,USR00246,65.64,Entertainment,P2M,Jaipur,iPhone,GPay,0,
TXN01013,2026-01-13 18:30:35,USR00081,USR00035,8464.82,Shopping,P2M,Jaipur,Tablet,PhonePe,0,
TXN01231,2026-01-13 18:33:16,USR00173,USR00467,406.74,P2P Transfer,P2P,Jaipur,iPhone,PhonePe,0,
TXN04359,2026-01-13 18:38:27,USR00251,USR00110,10357.44,Utilities,P2P,Mumbai,Android_Phone,BHIM,0,
TXN02315,2026-01-13 18:41:10,USR00294,USR00438,421.73,Shopping,P2P,Delhi,Android_Phone,Paytm,0,
TXN06102,2026-01-13 18:50:04,USR00037,USR00207,490.37,Healthcare,P2M,Lucknow,iPhone,Paytm,0,
TXN04917,2026-01-13 18:53:17,USR00480,USR00016,272.04,Shopping,P2M,Nagpur,Web,GPay,0,
TXN00248,2026-01-13 18:53:23,USR00183,USR00381,14745.06,Education,P2M,Hyderabad,Tablet,AmazonPay,0,
TXN00830,2026-01-13 19:13:02,USR00322,USR00261,536.78,Grocery,P2M,Kolkata,iPhone,AmazonPay,0,
TXN03080,2026-01-13 19:13:58,USR00428,USR00495,118.35,Grocery,P2P,Nagpur,Web,AmazonPay,0,
TXN09844,2026-01-13 19:14:06,USR00329,USR00247,3620.57,Grocery,P2M,Kolkata,Android_Phone,AmazonPay,1,rapid_burst
TXN07272,2026-01-13 19:14:49,USR00121,USR00129,422.13,P2P Transfer,P2M,Delhi,Web,AmazonPay,0,
TXN05733,2026-01-13 19:18:03,USR00059,USR00380,9711.11,Utilities,P2P,Nagpur,Android_Phone,AmazonPay,0,
TXN03645,2026-01-13 19:25:57,USR00160,USR00191,9153.92,Utilities,P2P,Lucknow,Web,Paytm,0,
TXN08389,2026-01-13 19:40:02,USR00107,USR00324,100.42,Utilities,P2P,Delhi,Tablet,GPay,0,
TXN03378,2026-01-13 19:49:03,USR00131,USR00361,10611.36,Grocery,P2M,Ahmedabad,Web,BHIM,0,
TXN08043,2026-01-13 20:07:00,USR00231,USR00287,1936.43,Entertainment,P2P,Pune,iPhone,BHIM,0,
TXN04980,2026-01-13 20:13:56,USR00478,USR00266,2479.04,Shopping,P2P,Nagpur,Tablet,Paytm,0,
TXN07242,2026-01-13 21:09:31,USR00006,USR00393,561.48,Education,P2M,Hyderabad,Tablet,GPay,0,
TXN06255,2026-01-13 21:13:14,USR00414,USR00096,10514.89,Utilities,P2P,Hyderabad,Tablet,BHIM,0,
TXN06339,2026-01-13 21:13:56,USR00284,USR00442,13292.25,Education,P2P,Delhi,Tablet,PhonePe,0,
TXN08767,2026-01-13 21:32:22,USR00014,USR00036,3171.28,Entertainment,P2P,Mumbai,Web,GPay,0,
TXN06306,2026-01-13 21:37:29,USR00006,USR00112,1453.46,P2P Transfer,P2M,Hyderabad,Tablet,GPay,0,
TXN05704,2026-01-13 21:50:49,USR00492,USR00166,60.48,Fuel,P2P,Kolkata,Android_Phone,GPay,0,
TXN00177,2026-01-13 21:51:31,USR00165,USR00160,358.78,Rent,P2P,Mumbai,iPhone,PhonePe,0,
TXN04466,2026-01-13 21:51:59,USR00001,USR00101,4366.45,Entertainment,P2M,Pune,iPhone,AmazonPay,0,
TXN03796,2026-01-13 21:57:14,USR00127,USR00236,804.78,Grocery,P2M,Surat,Web,AmazonPay,0,
TXN07276,2026-01-13 22:11:18,USR00140,USR00085,450.73,Utilities,P2P,Hyderabad,Web,BHIM,0,
TXN03105,2026-01-13 22:31:08,USR00497,USR00470,22992.75,Utilities,P2P,Hyderabad,Web,BHIM,0,
TXN08428,2026-01-13 22:55:10,USR00014,USR00301,3092.32,Utilities,P2P,Mumbai,Web,GPay,0,
TXN06424,2026-01-14 06:12:36,USR00183,USR00381,14239.74,P2P Transfer,P2P,Hyderabad,Tablet,AmazonPay,0,
TXN07467,2026-01-14 06:32:02,USR00381,USR00464,7506.17,Healthcare,P2M,Ahmedabad,iPhone,AmazonPay,0,
TXN06911,2026-01-14 06:48:05,USR00215,USR00417,1190.52,Rent,P2P,Chennai,Tablet,AmazonPay,0,
TXN02304,2026-01-14 06:48:37,USR00457,USR00313,8339.81,Travel,P2M,Lucknow,Web,GPay,0,
TXN04944,2026-01-14 06:58:07,USR00459,USR00033,10793.39,Entertainment,P2P,Pune,Tablet,PhonePe,0,
TXN04121,2026-01-14 07:08:40,USR00441,USR00289,106.31,Shopping,P2P,Chennai,Android_Phone,PhonePe,0,
TXN09611,2026-01-14 07:10:07,USR00368,USR00053,1329.1,Travel,P2M,Lucknow,Android_Phone,AmazonPay,1,new_receiver
TXN07261,2026-01-14 07:15:17,USR00022,USR00366,4875.36,P2P Transfer,P2M,Hyderabad,Web,PhonePe,0,
TXN09127,2026-01-14 08:05:08,USR00006,USR00393,848.36,Fuel,P2P,Hyderabad,Tablet,GPay,0,
TXN06732,2026-01-14 08:07:47,USR00482,USR00472,87.37,Education,P2M,Jaipur,Tablet,BHIM,0,
TXN09991,2026-01-14 08:11:39,USR00136,USR00093,3608.89,Grocery,P2M,Nagpur,Tablet,BHIM,1,high_amount
TXN03219,2026-01-14 08:23:33,USR00223,USR00247,439.22,Healthcare,P2M,Ahmedabad,Web,BHIM,0,
TXN03607,2026-01-14 08:38:44,USR00319,USR00301,1172.72,Travel,P2M,Nagpur,iPhone,PhonePe,0,
TXN04800,2026-01-14 08:48:59,USR00329,USR00247,3047.14,Grocery,P2M,Kolkata,Android_Phone,AmazonPay,0,
TXN07308,2026-01-14 09:11:37,USR00474,USR00060,145.41,Travel,P2P,Pune,Web,BHIM,0,
TXN05652,2026-01-14 09:19:00,USR00431,USR00239,17806.78,Healthcare,P2P,Pune,Android_Phone,GPay,0,
TXN03073,2026-01-14 09:25:00,USR00128,USR00283,109.48,P2P Transfer,P2P,Surat,Android_Phone,AmazonPay,0,
TXN04856,2026-01-14 09:31:45,USR00371,USR00189,553.66,Rent,P2P,Pune,Tablet,PhonePe,0,
TXN08467,2026-01-14 09:36:35,USR00168,USR00407,397.84,Travel,P2M,Chennai,Tablet,Paytm,0,
TXN01967,2026-01-14 10:05:11,USR00199,USR00407,1640.28,Food Delivery,P2P,Ahmedabad,Tablet,PhonePe,0,
TXN08912,2026-01-14 10:10:04,USR00155,USR00062,197.11,Travel,P2M,Chennai,Android_Phone,BHIM,0,
TXN09381,2026-01-14 10:40:52,USR00059,USR00380,10212.68,Education,P2M,Nagpur,Android_Phone,AmazonPay,0,
TXN05571,2026-01-14 10:48:00,USR00459,USR00387,11081.34,Travel,P2M,Pune,Tablet,PhonePe,0,
TXN07375,2026-01-14 10:49:33,USR00007,USR00202,72.03,Education,P2M,Lucknow,iPhone,BHIM,0,
TXN04404,2026-01-14 10:50:52,USR00455,USR00272,2903.8,Rent,P2P,Chennai,iPhone,GPay,0,
TXN03424,2026-01-14 10:52:45,USR00459,USR00387,11967.51,Shopping,P2M,Pune,Tablet,PhonePe,0,
TXN08499,2026-01-14 11:19:06,USR00231,USR00334,1094.18,Entertainment,P2M,Pune,iPhone,BHIM,0,
TXN02607,2026-01-14 11:27:10,USR00495,USR00306,11789.88,Entertainment,P2P,Kolkata,Web,AmazonPay,0,
TXN06372,2026-01-14 11:46:00,USR00467,USR00437,7254.76,Education,P2M,Mumbai,Web,GPay,0,
TXN02842,2026-01-14 11:51:26,USR00120,USR00081,80.37,Entertainment,P2M,Jaipur,Tablet,BHIM,0,
TXN07366,2026-01-14 12:04:57,USR00228,USR00344,805.97,Grocery,P2P,Lucknow,Tablet,Paytm,0,
TXN01684,2026-01-14 12:23:15,USR00395,USR00181,1231.64,Travel,P2P,Delhi,Web,AmazonPay,0,
TXN09145,2026-01-14 12:29:08,USR00050,USR00242,329.78,Grocery,P2M,Pune,iPhone,AmazonPay,0,
TXN06465,2026-01-14 12:36:22,USR00399,USR00235,11434.77,Education,P2M,Delhi,Tablet,PhonePe,0,
TXN05774,2026-01-14 12:44:43,USR00007,USR00255,94.11,Rent,P2M,Lucknow,iPhone,BHIM,0,
TXN06396,2026-01-14 13:08:51,USR00133,USR00219,846.22,Healthcare,P2P,Surat,Android_Phone,GPay,0,
TXN01237,2026-01-14 13:22:43,USR00478,USR00427,3719.41,P2P Transfer,P2P,Nagpur,Tablet,Paytm,0,
TXN02736,2026-01-14 13:24:41,USR00175,USR00098,1400.86,P2P Transfer,P2P,Bengaluru,Tablet,PhonePe,0,
TXN05947,2026-01-14 13:47:33,USR00436,USR00491,6932.61,Education,P2M,Chennai,Web,GPay,0,
TXN05217,2026-01-14 13:48:38,USR00199,USR00375,957.03,P2P Transfer,P2M,Ahmedabad,Tablet,PhonePe,0,
TXN04329,2026-01-14 14:00:18,USR00326,USR00059,338.37,Education,P2P,Chennai,Web,GPay,0,
TXN03840,2026-01-14 14:23:18,USR00429,USR00337,5276.07,Rent,P2P,Kolkata,Web,GPay,0,
TXN04859,2026-01-14 14:29:26,USR00243,USR00202,14776.43,Grocery,P2M,Chennai,Android_Phone,Paytm,0,
TXN08991,2026-01-14 14:34:50,USR00151,USR00314,141.25,Rent,P2M,Surat,iPhone,PhonePe,0,
TXN01525,2026-01-14 14:52:09,USR00410,USR00145,1564.06,Shopping,P2P,Delhi,iPhone,BHIM,0,
TXN04994,2026-01-14 15:03:38,USR00342,USR00160,1200.78,Shopping,P2M,Nagpur,Web,PhonePe,0,
TXN07668,2026-01-14 15:19:37,USR00462,USR00150,2068.2,Food Delivery,P2M,Hyderabad,Web,GPay,0,
TXN07633,2026-01-14 15:35:40,USR00232,USR00140,95.39,Education,P2M,Hyderabad,iPhone,AmazonPay,0,
TXN10096,2026-01-14 15:38:00,USR00319,USR00258,1488.15,Travel,P2P,Nagpur,iPhone,PhonePe,1,rapid_burst
TXN10097,2026-01-14 15:40:00,USR00319,USR00301,1567.54,Education,P2M,Nagpur,iPhone,PhonePe,1,rapid_burst
TXN05703,2026-01-14 15:40:50,USR00074,USR00007,64.2,Utilities,P2M,Nagpur,iPhone,AmazonPay,0,
TXN10098,2026-01-14 15:44:00,USR00319,USR00301,1286.51,Food Delivery,P2M,Nagpur,iPhone,PhonePe,1,rapid_burst
TXN04375,2026-01-14 15:44:56,USR00207,USR00288,12528.21,Grocery,P2M,Nagpur,iPhone,PhonePe,0,
TXN00965,2026-01-14 15:46:13,USR00039,USR00101,6939.14,Utilities,P2M,Surat,iPhone,GPay,0,
TXN10099,2026-01-14 15:47:00,USR00319,USR00301,1520.93,Education,P2M,Nagpur,iPhone,PhonePe,1,rapid_burst
TXN10101,2026-01-14 15:48:00,USR00319,USR00301,1415.74,Shopping,P2P,Nagpur,iPhone,PhonePe,1,rapid_burst
TXN10100,2026-01-14 15:50:00,USR00319,USR00301,1978.94,Education,P2P,Nagpur,iPhone,PhonePe,1,rapid_burst
TXN04725,2026-01-14 15:58:26,USR00486,USR00163,159.04,Entertainment,P2P,Pune,Android_Phone,Paytm,0,
TXN02512,2026-01-14 16:35:07,USR00282,USR00453,3761.67,Food Delivery,P2P,Pune,Android_Phone,GPay,0,
TXN00585,2026-01-14 16:44:46,USR00101,USR00309,70.02,P2P Transfer,P2P,Kolkata,Web,GPay,0,
TXN07084,2026-01-14 16:54:26,USR00151,USR00273,293.96,Healthcare,P2P,Surat,iPhone,PhonePe,0,
TXN09345,2026-01-14 16:58:12,USR00151,USR00273,142.76,Fuel,P2P,Surat,iPhone,PhonePe,0,
TXN08840,2026-01-14 17:05:56,USR00295,USR00075,427.9,P2P Transfer,P2M,Kolkata,Android_Phone,AmazonPay,0,
TXN07000,2026-01-14 17:09:30,USR00397,USR00434,2213.77,Fuel,P2P,Jaipur,Android_Phone,Paytm,0,
TXN07713,2026-01-14 17:21:41,USR00465,USR00194,1372.42,Entertainment,P2M,Kolkata,iPhone,AmazonPay,0,
TXN09838,2026-01-14 17:31:53,USR00028,USR00160,10389.52,Healthcare,P2M,Delhi,Android_Phone,PhonePe,1,new_receiver
TXN06563,2026-01-14 17:51:16,USR00159,USR00291,9673.68,Food Delivery,P2P,Kolkata,Android_Phone,PhonePe,0,
TXN01217,2026-01-14 17:51:52,USR00274,USR00112,8772.45,Fuel,P2P,Mumbai,iPhone,Paytm,0,
TXN04831,2026-01-14 18:17:54,USR00030,USR00415,1671.18,P2P Transfer,P2M,Pune,iPhone,PhonePe,0,
TXN07744,2026-01-14 18:18:00,USR00408,USR00437,416.69,Grocery,P2M,Kolkata,Tablet,PhonePe,0,
TXN07462,2026-01-14 18:24:40,USR00003,USR00022,2593.28,Travel,P2P,Lucknow,Web,AmazonPay,0,
TXN04707,2026-01-14 18:25:12,USR00295,USR00290,462.28,Utilities,P2P,Kolkata,Android_Phone,AmazonPay,0,
TXN03422,2026-01-14 18:28:51,USR00397,USR00246,1048.44,Food Delivery,P2P,Jaipur,Android_Phone,Paytm,0,
TXN00765,2026-01-14 18:43:03,USR00265,USR00133,284.55,Shopping,P2P,Surat,Tablet,Paytm,0,
TXN06521,2026-01-14 18:44:25,USR00068,USR00239,173.05,Grocery,P2P,Ahmedabad,Web,Paytm,0,
TXN04100,2026-01-14 18:45:39,USR00471,USR00281,6982.82,Food Delivery,P2M,Delhi,Tablet,PhonePe,0,
TXN01208,2026-01-14 18:54:47,USR00068,USR00352,1273.64,P2P Transfer,P2P,Ahmedabad,Web,Paytm,0,
TXN01358,2026-01-14 18:59:17,USR00388,USR00419,813.71,Entertainment,P2P,Nagpur,Web,BHIM,0,
TXN09423,2026-01-14 19:08:46,USR00127,USR00398,8899.12,Travel,P2P,Surat,iPhone,AmazonPay,1,"new_device,high_amount"
TXN01860,2026-01-14 19:08:58,USR00195,USR00492,143.78,Grocery,P2P,Pune,Android_Phone,BHIM,0,
TXN03854,2026-01-14 19:11:23,USR00436,USR00229,8766.17,Rent,P2M,Chennai,Web,GPay,0,
TXN07588,2026-01-14 19:16:22,USR00459,USR00387,11886.28,Travel,P2M,Pune,Tablet,PhonePe,0,
TXN03898,2026-01-14 19:30:49,USR00117,USR00323,637.67,Shopping,P2P,Ahmedabad,Android_Phone,GPay,0,
TXN00946,2026-01-14 19:41:19,USR00244,USR00303,12881.49,Utilities,P2P,Ahmedabad,iPhone,PhonePe,0,
TXN04187,2026-01-14 19:43:36,USR00422,USR00101,955.48,Travel,P2P,Ahmedabad,Web,PhonePe,0,
TXN03508,2026-01-14 19:43:56,USR00044,USR00077,11946.42,Travel,P2P,Chennai,Web,PhonePe,0,
TXN03067,2026-01-14 20:10:22,USR00053,USR00491,17156.17,Grocery,P2P,Mumbai,Web,Paytm,0,
TXN00698,2026-01-14 20:31:47,USR00315,USR00273,533.21,Rent,P2M,Mumbai,Tablet,Paytm,0,
TXN05960,2026-01-14 20:43:03,USR00200,USR00433,1049.04,Entertainment,P2P,Jaipur,Android_Phone,GPay,0,
TXN04203,2026-01-14 20:47:43,USR00014,USR00301,1746.3,Travel,P2P,Mumbai,Web,GPay,0,
TXN03016,2026-01-14 20:51:00,USR00087,USR00325,114.86,Travel,P2P,Pune,Web,Paytm,0,
TXN03990,2026-01-14 21:05:24,USR00392,USR00411,275.45,Travel,P2M,Chennai,Web,Paytm,0,
TXN01264,2026-01-14 21:07:14,USR00240,USR00203,426.83,Healthcare,P2P,Delhi,Web,BHIM,0,
TXN08303,2026-01-14 21:16:55,USR00382,USR00306,984.66,Healthcare,P2P,Delhi,iPhone,Paytm,0,
TXN00674,2026-01-14 21:18:24,USR00079,USR00269,486.21,P2P Transfer,P2M,Ahmedabad,Android_Phone,BHIM,0,
TXN00626,2026-01-14 21:32:56,USR00278,USR00410,583.96,Utilities,P2P,Bengaluru,iPhone,Paytm,0,
TXN00744,2026-01-14 22:01:14,USR00480,USR00363,221.91,Grocery,P2P,Nagpur,Web,GPay,0,
TXN06872,2026-01-14 22:25:53,USR00021,USR00061,15499.59,Food Delivery,P2M,Surat,Android_Phone,AmazonPay,0,
TXN09448,2026-01-14 22:33:06,USR00116,USR00073,1984.81,Grocery,P2M,Jaipur,iPhone,BHIM,1,"new_receiver,new_location"
TXN07062,2026-01-14 22:40:58,USR00313,USR00249,1558.66,Healthcare,P2P,Chennai,iPhone,Paytm,0,
TXN09702,2026-01-15 02:01:37,USR00261,USR00318,5699.57,Healthcare,P2P,Hyderabad,iPhone,Paytm,1,odd_hour
TXN09481,2026-01-15 02:19:01,USR00166,USR00166,280.02,Rent,P2P,Jaipur,iPhone,BHIM,1,odd_hour
TXN09431,2026-01-15 02:56:41,USR00414,USR00280,94582.38,Healthcare,P2M,Hyderabad,Tablet,BHIM,1,"odd_hour,high_amount"
TXN00329,2026-01-15 06:06:34,USR00131,USR00388,16198.29,Entertainment,P2P,Ahmedabad,Web,BHIM,0,
TXN04679,2026-01-15 06:11:35,USR00258,USR00241,497.31,Healthcare,P2P,Pune,Android_Phone,BHIM,0,
TXN07419,2026-01-15 06:19:40,USR00010,USR00080,9063.64,Food Delivery,P2P,Surat,Web,BHIM,0,
TXN05049,2026-01-15 06:29:40,USR00316,USR00115,16208.33,Travel,P2M,Surat,Android_Phone,Paytm,0,
TXN06716,2026-01-15 06:47:42,USR00456,USR00155,10529.9,Fuel,P2M,Kolkata,Web,Paytm,0,
TXN03414,2026-01-15 06:48:13,USR00357,USR00037,8234.93,Education,P2P,Mumbai,Web,PhonePe,0,
TXN05059,2026-01-15 06:51:27,USR00258,USR00186,407.69,Travel,P2M,Pune,Android_Phone,BHIM,0,
TXN08887,2026-01-15 06:53:08,USR00137,USR00158,98.18,Rent,P2P,Mumbai,iPhone,AmazonPay,0,
TXN03893,2026-01-15 06:59:56,USR00270,USR00414,667.54,Education,P2P,Pune,Android_Phone,Paytm,0,
TXN00629,2026-01-15 07:14:06,USR00251,USR00472,17794.72,Fuel,P2P,Mumbai,Android_Phone,BHIM,0,
TXN04243,2026-01-15 07:26:59,USR00495,USR00306,12547.05,Rent,P2M,Kolkata,Web,AmazonPay,0,
TXN07495,2026-01-15 07:33:11,USR00461,USR00285,884.25,Grocery,P2P,Nagpur,Tablet,AmazonPay,0,
TXN05780,2026-01-15 07:33:20,USR00009,USR00195,1038.51,Travel,P2M,Lucknow,Tablet,AmazonPay,0,
TXN09982,2026-01-15 07:43:36,USR00016,USR00216,1588.57,Education,P2M,Surat,Android_Phone,GPay,1,high_amount
TXN06663,2026-01-15 08:14:39,USR00458,USR00251,1132.16,Grocery,P2M,Bengaluru,Web,PhonePe,0,
TXN01713,2026-01-15 08:15:19,USR00148,USR00037,1001.56,Grocery,P2M,Jaipur,Tablet,PhonePe,0,
TXN00088,2026-01-15 08:24:23,USR00454,USR00070,200.41,P2P Transfer,P2P,Ahmedabad,Web,PhonePe,0,
TXN04807,2026-01-15 08:51:01,USR00240,USR00203,351.64,Travel,P2M,Delhi,Web,BHIM,0,
TXN00075,2026-01-15 08:54:29,USR00143,USR00070,3446.9,Healthcare,P2P,Chennai,Web,Paytm,0,
TXN02219,2026-01-15 08:56:40,USR00225,USR00408,74.14,Rent,P2M,Chennai,iPhone,PhonePe,0,
TXN03200,2026-01-15 09:04:08,USR00102,USR00212,1069.81,Grocery,P2P,Chennai,Tablet,BHIM,0,
TXN03708,2026-01-15 09:34:05,USR00371,USR00189,227.38,Healthcare,P2P,Pune,Tablet,PhonePe,0,
TXN02989,2026-01-15 09:35:57,USR00362,USR00092,209.94,Healthcare,P2M,Pune,Web,AmazonPay,0,
TXN07515,2026-01-15 09:40:54,USR00192,USR00495,1387.72,Fuel,P2M,Mumbai,Tablet,BHIM,0,
TXN02928,2026-01-15 09:42:19,USR00312,USR00211,499.69,Travel,P2M,Jaipur,Tablet,PhonePe,0,
TXN08077,2026-01-15 09:45:28,USR00249,USR00330,6181.37,Entertainment,P2M,Nagpur,iPhone,PhonePe,0,
TXN00257,2026-01-15 09:47:42,USR00393,USR00059,7818.63,Utilities,P2P,Lucknow,Tablet,Paytm,0,
TXN06814,2026-01-15 09:48:52,USR00404,USR00286,4204.25,Education,P2M,Ahmedabad,Android_Phone,AmazonPay,0,
TXN05828,2026-01-15 09:53:12,USR00250,USR00440,1412.57,Rent,P2P,Chennai,Android_Phone,AmazonPay,0,
TXN01936,2026-01-15 10:37:57,USR00037,USR00155,743.1,Shopping,P2M,Lucknow,iPhone,Paytm,0,
TXN08221,2026-01-15 10:48:04,USR00112,USR00021,470.34,Healthcare,P2M,Delhi,Web,BHIM,0,
TXN00190,2026-01-15 11:09:12,USR00207,USR00475,5552.78,Shopping,P2M,Nagpur,iPhone,PhonePe,0,
TXN05748,2026-01-15 11:10:18,USR00083,USR00210,9543.54,Travel,P2M,Kolkata,Web,AmazonPay,0,
TXN07275,2026-01-15 11:10:20,USR00083,USR00125,7963.92,Shopping,P2P,Kolkata,Web,AmazonPay,0,
TXN04433,2026-01-15 12:23:36,USR00027,USR00170,259.89,Education,P2M,Mumbai,Web,PhonePe,0,
TXN07729,2026-01-15 12:31:54,USR00185,USR00469,6168.39,Travel,P2M,Chennai,Tablet,BHIM,0,
TXN01185,2026-01-15 12:40:29,USR00195,USR00379,280.92,P2P Transfer,P2P,Pune,Android_Phone,BHIM,0,
TXN00261,2026-01-15 13:00:10,USR00002,USR00390,1918.22,Education,P2M,Chennai,Tablet,Paytm,0,
TXN03327,2026-01-15 13:09:15,USR00040,USR00294,3683.67,P2P Transfer,P2P,Ahmedabad,Android_Phone,BHIM,0,
TXN05185,2026-01-15 13:10:23,USR00232,USR00140,84.38,Travel,P2M,Hyderabad,iPhone,AmazonPay,0,
TXN03741,2026-01-15 13:27:00,USR00158,USR00274,471.61,Shopping,P2P,Lucknow,Tablet,BHIM,0,
TXN06283,2026-01-15 13:31:03,USR00225,USR00118,47.62,Grocery,P2P,Chennai,iPhone,PhonePe,0,
TXN07861,2026-01-15 14:05:52,USR00171,USR00211,3788.3,Utilities,P2P,Mumbai,iPhone,BHIM,0,
TXN01695,2026-01-15 14:35:08,USR00171,USR00211,2747.88,Shopping,P2M,Mumbai,iPhone,BHIM,0,
TXN07246,2026-01-15 14:38:31,USR00441,USR00357,75.29,Travel,P2P,Chennai,Android_Phone,PhonePe,0,
TXN06687,2026-01-15 14:40:31,USR00498,USR00027,19169.41,Utilities,P2M,Mumbai,Web,GPay,0,
TXN09249,2026-01-15 14:44:16,USR00286,USR00015,450.36,Healthcare,P2M,Chennai,Android_Phone,PhonePe,0,
TXN00065,2026-01-15 14:50:09,USR00027,USR00394,410.26,Education,P2P,Mumbai,Web,PhonePe,0,
TXN07647,2026-01-15 14:52:06,USR00176,USR00207,140.74,Grocery,P2P,Bengaluru,iPhone,AmazonPay,0,
TXN09581,2026-01-15 14:52:44,USR00055,USR00435,43.9,Education,P2P,Lucknow,iPhone,Paytm,1,"new_device,rapid_burst"
TXN02233,2026-01-15 14:55:30,USR00353,USR00058,275.28,Education,P2M,Jaipur,Tablet,Paytm,0,
TXN05636,2026-01-15 15:01:50,USR00078,USR00361,2664.82,Food Delivery,P2M,Mumbai,Tablet,BHIM,0,
TXN08993,2026-01-15 15:05:51,USR00395,USR00160,1454.81,Fuel,P2M,Delhi,Web,AmazonPay,0,
TXN06558,2026-01-15 15:14:34,USR00265,USR00133,220.65,Shopping,P2P,Surat,Tablet,Paytm,0,
TXN08111,2026-01-15 15:26:31,USR00137,USR00477,106.93,Education,P2M,Mumbai,iPhone,AmazonPay,0,
TXN05876,2026-01-15 15:28:27,USR00295,USR00301,534.35,Education,P2P,Kolkata,Android_Phone,AmazonPay,0,
TXN01852,2026-01-15 15:29:04,USR00417,USR00497,13908.83,Utilities,P2P,Mumbai,iPhone,PhonePe,0,
TXN09804,2026-01-15 15:58:56,USR00476,USR00291,14413.98,Healthcare,P2P,Delhi,Android_Phone,AmazonPay,1,rapid_burst
TXN00954,2026-01-15 16:02:56,USR00101,USR00258,72.86,Education,P2P,Kolkata,Web,GPay,0,
TXN00020,2026-01-15 16:03:10,USR00027,USR00394,227.84,Healthcare,P2M,Mumbai,Web,PhonePe,0,
TXN01842,2026-01-15 16:11:57,USR00312,USR00437,340.95,P2P Transfer,P2M,Jaipur,Tablet,PhonePe,0,
TXN09940,2026-01-15 16:40:40,USR00149,USR00494,577.35,Food Delivery,P2M,Jaipur,iPhone,GPay,1,rapid_burst
TXN03857,2026-01-15 16:54:11,USR00022,USR00342,3643.62,P2P Transfer,P2P,Hyderabad,Web,PhonePe,0,
TXN08084,2026-01-15 17:00:17,USR00060,USR00116,846.27,P2P Transfer,P2P,Delhi,Web,PhonePe,0,
TXN08168,2026-01-15 17:04:21,USR00028,USR00452,16439.71,Utilities,P2P,Delhi,Android_Phone,PhonePe,0,
TXN02734,2026-01-15 17:26:30,USR00238,USR00137,919.12,Grocery,P2M,Ahmedabad,Tablet,BHIM,0,
TXN08495,2026-01-15 17:31:47,USR00135,USR00336,228.19,Grocery,P2M,Chennai,Android_Phone,GPay,0,
TXN07482,2026-01-15 17:32:54,USR00275,USR00336,15634.46,Shopping,P2P,Bengaluru,iPhone,PhonePe,0,
TXN01910,2026-01-15 17:39:28,USR00298,USR00497,397.98,Food Delivery,P2M,Ahmedabad,Web,PhonePe,0,
TXN03293,2026-01-15 17:53:19,USR00041,USR00356,7128.58,Healthcare,P2P,Pune,Tablet,AmazonPay,0,
TXN05880,2026-01-15 18:17:02,USR00494,USR00476,6857.07,Education,P2M,Bengaluru,iPhone,AmazonPay,0,
TXN07854,2026-01-15 18:30:47,USR00299,USR00330,172.23,Shopping,P2P,Nagpur,Web,PhonePe,0,
TXN06524,2026-01-15 19:04:00,USR00423,USR00124,333.75,Grocery,P2M,Hyderabad,iPhone,GPay,0,
TXN09413,2026-01-15 19:14:59,USR00027,USR00170,3301.51,Grocery,P2P,Mumbai,Web,PhonePe,1,high_amount
TXN00334,2026-01-15 19:17:03,USR00252,USR00040,3271.54,Education,P2M,Hyderabad,iPhone,AmazonPay,0,
TXN04023,2026-01-15 19:30:16,USR00020,USR00031,316.35,Shopping,P2M,Lucknow,Android_Phone,BHIM,0,
TXN02468,2026-01-15 19:31:07,USR00380,USR00337,15225.34,Utilities,P2P,Jaipur,Android_Phone,AmazonPay,0,
TXN06337,2026-01-15 19:41:05,USR00141,USR00343,12855.17,Entertainment,P2M,Hyderabad,Tablet,BHIM,0,
TXN04984,2026-01-15 19:44:38,USR00113,USR00207,93.26,Utilities,P2M,Hyderabad,Tablet,Paytm,0,
TXN09286,2026-01-15 19:53:35,USR00080,USR00400,16343.65,Food Delivery,P2M,Delhi,iPhone,BHIM,0,
TXN00584,2026-01-15 19:55:16,USR00127,USR00195,1383.13,Shopping,P2M,Surat,Web,AmazonPay,0,
TXN00353,2026-01-15 19:55:17,USR00420,USR00499,2189.97,Travel,P2M,Nagpur,Android_Phone,BHIM,0,
TXN05207,2026-01-15 19:55:58,USR00356,USR00424,8958.33,Shopping,P2P,Pune,Android_Phone,BHIM,0,
TXN02100,2026-01-15 20:05:51,USR00000,USR00379,169.95,Utilities,P2P,Nagpur,iPhone,AmazonPay,0,
TXN05174,2026-01-15 20:06:57,USR00183,USR00381,18572.49,Utilities,P2M,Hyderabad,Tablet,AmazonPay,0,
TXN08002,2026-01-15 20:13:48,USR00428,USR00495,176.43,Entertainment,P2P,Nagpur,Web,AmazonPay,0,
TXN02966,2026-01-15 20:20:40,USR00205,USR00087,886.39,Travel,P2P,Mumbai,Tablet,GPay,0,
TXN04882,2026-01-15 20:29:23,USR00484,USR00266,848.93,P2P Transfer,P2P,Chennai,Android_Phone,Paytm,0,
TXN09761,2026-01-15 20:34:01,USR00169,USR00464,16040.14,Entertainment,P2M,Mumbai,Web,BHIM,1,"rapid_burst,new_receiver"
TXN05203,2026-01-15 20:44:20,USR00380,USR00047,15233.51,Healthcare,P2M,Jaipur,Android_Phone,AmazonPay,0,
TXN01169,2026-01-15 21:07:35,USR00499,USR00207,480.11,Utilities,P2M,Surat,Tablet,BHIM,0,
TXN03235,2026-01-15 21:07:56,USR00240,USR00422,483.63,Entertainment,P2P,Delhi,Web,BHIM,0,
TXN03360,2026-01-15 21:49:01,USR00398,USR00295,16786.7,Utilities,P2M,Kolkata,Web,GPay,0,
TXN03763,2026-01-15 21:50:19,USR00154,USR00174,3130.6,Entertainment,P2M,Ahmedabad,Tablet,Paytm,0,
TXN02567,2026-01-15 21:53:26,USR00028,USR00452,11000.26,Utilities,P2M,Delhi,Android_Phone,PhonePe,0,
TXN01612,2026-01-15 21:56:18,USR00104,USR00468,211.87,Entertainment,P2M,Surat,Web,Paytm,0,
TXN08313,2026-01-15 21:59:41,USR00068,USR00239,1114.53,Education,P2P,Ahmedabad,Web,Paytm,0,
TXN06553,2026-01-15 22:26:37,USR00481,USR00191,1307.2,Food Delivery,P2M,Bengaluru,Web,GPay,0,
TXN04673,2026-01-15 22:36:05,USR00414,USR00191,9737.89,Healthcare,P2P,Hyderabad,Tablet,BHIM,0,
TXN01799,2026-01-15 22:58:30,USR00474,USR00012,147.94,Utilities,P2P,Pune,Web,BHIM,0,
TXN07887,2026-01-15 22:58:36,USR00115,USR00463,2785.06,Travel,P2M,Jaipur,Android_Phone,PhonePe,0,
TXN09937,2026-01-16 04:01:15,USR00248,USR00043,16705.96,P2P Transfer,P2P,Pune,Web,AmazonPay,1,"new_device,odd_hour"
TXN05082,2026-01-16 06:06:48,USR00295,USR00290,347.5,Fuel,P2M,Kolkata,Android_Phone,AmazonPay,0,
TXN07427,2026-01-16 06:14:06,USR00413,USR00240,231.65,Food Delivery,P2P,Jaipur,Android_Phone,AmazonPay,0,
TXN02492,2026-01-16 06:16:07,USR00001,USR00101,3526.98,Grocery,P2P,Pune,iPhone,AmazonPay,0,
TXN06944,2026-01-16 06:26:29,USR00356,USR00379,10258.44,Healthcare,P2M,Pune,Android_Phone,BHIM,0,
TXN09741,2026-01-16 06:37:44,USR00041,USR00200,15760.09,Travel,P2M,Pune,Tablet,AmazonPay,1,new_receiver
TXN04764,2026-01-16 07:04:57,USR00449,USR00483,1075.86,Education,P2M,Mumbai,Web,Paytm,0,
TXN02641,2026-01-16 07:09:15,USR00487,USR00462,357.32,Healthcare,P2P,Bengaluru,Android_Phone,GPay,0,
TXN00528,2026-01-16 07:15:25,USR00125,USR00354,65.39,Entertainment,P2P,Bengaluru,iPhone,AmazonPay,0,
TXN07824,2026-01-16 07:26:18,USR00264,USR00048,119.77,Healthcare,P2M,Ahmedabad,Web,AmazonPay,0,
TXN04367,2026-01-16 07:35:27,USR00086,USR00183,3102.21,Rent,P2P,Kolkata,iPhone,BHIM,0,
TXN08529,2026-01-16 07:44:59,USR00053,USR00421,11578.18,Entertainment,P2M,Mumbai,Web,Paytm,0,
TXN03084,2026-01-16 08:08:53,USR00148,USR00037,1184.9,Education,P2M,Jaipur,Tablet,PhonePe,0,
TXN03974,2026-01-16 08:22:00,USR00151,USR00047,236.09,Grocery,P2M,Surat,iPhone,PhonePe,0,
TXN01688,2026-01-16 08:25:46,USR00300,USR00069,2809.04,Utilities,P2P,Nagpur,Web,AmazonPay,0,
TXN07775,2026-01-16 08:42:38,USR00177,USR00133,7260.37,Grocery,P2M,Chennai,Tablet,PhonePe,0,
TXN04368,2026-01-16 08:42:46,USR00277,USR00046,20266.86,Rent,P2P,Bengaluru,Web,PhonePe,0,
TXN03425,2026-01-16 08:44:34,USR00415,USR00122,10842.06,Shopping,P2M,Pune,Tablet,AmazonPay,0,
TXN06170,2026-01-16 08:56:41,USR00407,USR00162,2409.08,Fuel,P2P,Pune,Web,Paytm,0,
TXN08635,2026-01-16 08:56:55,USR00205,USR00359,797.24,Travel,P2M,Mumbai,Tablet,GPay,0,
TXN05109,2026-01-16 08:58:26,USR00319,USR00258,1419.99,Education,P2P,Nagpur,iPhone,PhonePe,0,
TXN05412,2026-01-16 09:03:46,USR00076,USR00212,3151.74,Entertainment,P2P,Delhi,iPhone,Paytm,0,
TXN02210,2026-01-16 09:09:02,USR00093,USR00300,1757.41,Food Delivery,P2P,Surat,Web,BHIM,0,
TXN09111,2026-01-16 09:32:50,USR00018,USR00474,4283.38,Entertainment,P2M,Mumbai,Android_Phone,PhonePe,0,
TXN00439,2026-01-16 09:34:47,USR00090,USR00007,401.9,Utilities,P2P,Jaipur,Tablet,Paytm,0,
TXN08796,2026-01-16 09:44:47,USR00095,USR00305,46.92,Education,P2M,Delhi,Tablet,GPay,0,
TXN07986,2026-01-16 09:56:59,USR00037,USR00000,854.83,Education,P2P,Lucknow,iPhone,Paytm,0,
TXN06905,2026-01-16 09:58:22,USR00376,USR00022,12145.36,P2P Transfer,P2M,Surat,iPhone,AmazonPay,0,
TXN00143,2026-01-16 09:58:38,USR00386,USR00260,358.56,P2P Transfer,P2P,Delhi,iPhone,Paytm,0,
TXN01432,2026-01-16 10:01:10,USR00464,USR00046,1790.13,P2P Transfer,P2P,Nagpur,iPhone,BHIM,0,
TXN03791,2026-01-16 10:25:39,USR00328,USR00453,13408.72,P2P Transfer,P2P,Nagpur,Tablet,PhonePe,0,
TXN00894,2026-01-16 10:26:16,USR00007,USR00202,100.31,Food Delivery,P2P,Lucknow,iPhone,BHIM,0,
TXN05487,2026-01-16 10:34:13,USR00118,USR00442,731.94,Fuel,P2M,Chennai,Android_Phone,GPay,0,
TXN07451,2026-01-16 10:41:56,USR00471,USR00033,5601.95,Healthcare,P2M,Delhi,Tablet,PhonePe,0,
TXN04802,2026-01-16 10:50:11,USR00253,USR00433,470.57,Healthcare,P2P,Hyderabad,Android_Phone,PhonePe,0,
TXN05012,2026-01-16 11:01:39,USR00091,USR00345,103.39,Fuel,P2P,Surat,Tablet,GPay,0,
TXN05402,2026-01-16 11:02:16,USR00157,USR00483,1602.7,Education,P2M,Ahmedabad,Web,BHIM,0,
TXN01411,2026-01-16 11:13:11,USR00015,USR00109,1353.07,Food Delivery,P2M,Hyderabad,iPhone,AmazonPay,0,
TXN07250,2026-01-16 11:34:51,USR00255,USR00383,4836.48,Rent,P2P,Bengaluru,Web,Paytm,0,
TXN06623,2026-01-16 11:44:44,USR00003,USR00373,2998.61,Fuel,P2P,Lucknow,Web,AmazonPay,0,
TXN07657,2026-01-16 12:05:32,USR00076,USR00395,5556.1,P2P Transfer,P2M,Delhi,iPhone,Paytm,0,
TXN05810,2026-01-16 12:14:07,USR00316,USR00355,13313.69,Travel,P2P,Surat,Android_Phone,Paytm,0,
TXN02126,2026-01-16 12:26:31,USR00410,USR00158,2291.12,Travel,P2P,Delhi,iPhone,BHIM,0,
TXN04680,2026-01-16 12:28:14,USR00148,USR00037,1259.83,Utilities,P2P,Jaipur,Tablet,PhonePe,0,
TXN06501,2026-01-16 12:34:07,USR00037,USR00154,627.04,Grocery,P2M,Lucknow,iPhone,Paytm,0,
TXN00815,2026-01-16 12:36:24,USR00145,USR00460,12853.36,P2P Transfer,P2M,Ahmedabad,Android_Phone,GPay,0,
TXN03301,2026-01-16 12:40:35,USR00309,USR00351,11036.06,Healthcare,P2P,Chennai,iPhone,BHIM,0,
TXN06864,2026-01-16 12:53:56,USR00174,USR00290,271.0,Utilities,P2P,Mumbai,Web,AmazonPay,0,
TXN00761,2026-01-16 12:59:35,USR00180,USR00390,902.64,Fuel,P2M,Jaipur,Tablet,AmazonPay,0,
TXN04827,2026-01-16 13:07:53,USR00396,USR00103,4599.98,Food Delivery,P2M,Hyderabad,iPhone,PhonePe,0,
TXN07652,2026-01-16 13:13:40,USR00338,USR00096,193.17,Rent,P2M,Delhi,Tablet,BHIM,0,
TXN06000,2026-01-16 13:13:55,USR00006,USR00393,1569.56,Food Delivery,P2M,Hyderabad,Tablet,GPay,0,
TXN00567,2026-01-16 13:18:19,USR00425,USR00352,1227.15,Entertainment,P2M,Ahmedabad,Web,Paytm,0,
TXN02980,2026-01-16 13:22:47,USR00199,USR00180,3172.58,P2P Transfer,P2M,Ahmedabad,Tablet,PhonePe,0,
TXN00784,2026-01-16 13:27:50,USR00427,USR00326,614.11,P2P Transfer,P2M,Jaipur,Web,AmazonPay,0,
TXN07155,2026-01-16 13:31:43,USR00447,USR00156,909.06,Rent,P2P,Mumbai,Web,BHIM,0,
TXN02990,2026-01-16 13:38:47,USR00231,USR00334,1154.3,Healthcare,P2M,Pune,iPhone,BHIM,0,
TXN07676,2026-01-16 13:43:39,USR00133,USR00149,1378.52,Grocery,P2P,Surat,Android_Phone,GPay,0,
TXN05548,2026-01-16 13:50:03,USR00199,USR00407,1658.58,Rent,P2P,Ahmedabad,Tablet,PhonePe,0,
TXN08649,2026-01-16 14:17:24,USR00130,USR00114,319.58,Travel,P2P,Kolkata,iPhone,GPay,0,
TXN00956,2026-01-16 14:27:18,USR00004,USR00023,1425.47,Rent,P2M,Lucknow,Web,PhonePe,0,
TXN03926,2026-01-16 14:30:24,USR00420,USR00197,2532.22,Rent,P2P,Nagpur,Android_Phone,BHIM,0,
TXN05604,2026-01-16 14:38:25,USR00257,USR00085,161.93,Travel,P2M,Ahmedabad,Android_Phone,AmazonPay,0,
TXN08400,2026-01-16 14:44:17,USR00123,USR00185,5401.65,Entertainment,P2P,Surat,Android_Phone,PhonePe,0,
TXN01735,2026-01-16 15:16:53,USR00292,USR00264,348.5,Entertainment,P2M,Jaipur,Android_Phone,PhonePe,0,
TXN01530,2026-01-16 15:19:15,USR00480,USR00211,360.28,Education,P2M,Nagpur,Web,GPay,0,
TXN07822,2026-01-16 15:45:20,USR00307,USR00364,9603.46,Fuel,P2P,Hyderabad,Web,Paytm,0,
TXN06903,2026-01-16 15:52:55,USR00040,USR00294,2081.4,Shopping,P2P,Ahmedabad,Android_Phone,BHIM,0,
TXN01571,2026-01-16 15:54:59,USR00039,USR00115,9589.29,Shopping,P2P,Surat,iPhone,GPay,0,
TXN01858,2026-01-16 15:55:43,USR00106,USR00359,2075.65,Healthcare,P2M,Lucknow,Android_Phone,Paytm,0,
TXN00738,2026-01-16 16:07:28,USR00140,USR00367,356.0,P2P Transfer,P2M,Hyderabad,Web,BHIM,0,
TXN01871,2026-01-16 16:09:17,USR00496,USR00387,887.08,Healthcare,P2M,Lucknow,iPhone,PhonePe,0,
TXN05289,2026-01-16 16:14:14,USR00282,USR00163,2362.86,Food Delivery,P2M,Pune,Android_Phone,GPay,0,
TXN05967,2026-01-16 16:16:13,USR00153,USR00247,2127.28,Rent,P2P,Surat,Web,BHIM,0,
TXN00240,2026-01-16 16:25:23,USR00348,USR00386,208.66,Fuel,P2P,Pune,Tablet,AmazonPay,0,
TXN08323,2026-01-16 16:27:33,USR00036,USR00209,220.91,Entertainment,P2M,Nagpur,Android_Phone,Paytm,0,
TXN00549,2026-01-16 16:34:07,USR00039,USR00075,8599.08,Food Delivery,P2M,Surat,iPhone,GPay,0,
TXN02838,2026-01-16 16:45:35,USR00322,USR00368,344.53,Fuel,P2M,Kolkata,iPhone,AmazonPay,0,
TXN09383,2026-01-16 16:54:32,USR00200,USR00429,1316.83,Education,P2P,Jaipur,Android_Phone,GPay,0,
TXN02007,2026-01-16 17:00:35,USR00366,USR00347,17434.9,Entertainment,P2P,Chennai,Web,BHIM,0,
TXN03761,2026-01-16 17:04:27,USR00468,USR00003,8944.49,P2P Transfer,P2M,Delhi,Tablet,AmazonPay,0,
TXN02996,2026-01-16 17:17:18,USR00141,USR00038,20844.85,P2P Transfer,P2P,Hyderabad,Tablet,BHIM,0,
TXN00715,2026-01-16 18:06:09,USR00474,USR00012,138.35,Entertainment,P2P,Pune,Web,BHIM,0,
TXN00721,2026-01-16 18:12:38,USR00081,USR00316,8101.39,Travel,P2P,Jaipur,Tablet,PhonePe,0,
TXN09973,2026-01-16 18:15:15,USR00466,USR00373,235.32,Healthcare,P2P,Pune,Android_Phone,BHIM,1,new_location
TXN09559,2026-01-16 18:15:46,USR00346,USR00466,254.44,Education,P2P,Chennai,Android_Phone,AmazonPay,1,new_receiver
TXN05791,2026-01-16 18:27:11,USR00482,USR00472,41.32,Education,P2P,Jaipur,Tablet,BHIM,0,
TXN06414,2026-01-16 18:34:44,USR00488,USR00303,164.22,Fuel,P2P,Bengaluru,Tablet,BHIM,0,
TXN07099,2026-01-16 18:43:35,USR00177,USR00133,7667.24,P2P Transfer,P2P,Chennai,Tablet,PhonePe,0,
TXN06781,2026-01-16 18:48:40,USR00047,USR00013,1380.72,Food Delivery,P2M,Ahmedabad,iPhone,BHIM,0,
TXN07232,2026-01-16 19:01:00,USR00254,USR00061,1736.36,Shopping,P2M,Hyderabad,Android_Phone,PhonePe,0,
TXN09516,2026-01-16 19:03:30,USR00268,USR00133,1641.13,Grocery,P2M,Kolkata,Web,GPay,1,rapid_burst
TXN00788,2026-01-16 19:03:31,USR00422,USR00454,1221.15,Grocery,P2M,Ahmedabad,Web,PhonePe,0,
TXN08108,2026-01-16 19:07:44,USR00184,USR00478,6488.28,Entertainment,P2P,Jaipur,Android_Phone,GPay,0,
TXN04551,2026-01-16 19:08:13,USR00450,USR00248,595.22,Education,P2P,Kolkata,iPhone,AmazonPay,0,
TXN04239,2026-01-16 19:19:51,USR00448,USR00373,9844.1,P2P Transfer,P2M,Jaipur,Web,GPay,0,
TXN00630,2026-01-16 19:23:59,USR00315,USR00273,349.1,Grocery,P2P,Mumbai,Tablet,Paytm,0,
TXN04638,2026-01-16 19:25:49,USR00001,USR00287,4068.15,Shopping,P2M,Pune,iPhone,AmazonPay,0,
TXN01766,2026-01-16 19:29:30,USR00206,USR00350,8218.52,Grocery,P2M,Pune,iPhone,Paytm,0,
TXN07446,2026-01-16 19:35:20,USR00350,USR00130,308.37,Utilities,P2P,Bengaluru,iPhone,PhonePe,0,
TXN10233,2026-01-16 19:46:00,USR00296,USR00196,562.33,P2P Transfer,P2M,Kolkata,Web,AmazonPay,1,rapid_burst
TXN05104,2026-01-16 19:47:58,USR00185,USR00469,17137.23,Shopping,P2M,Chennai,Tablet,BHIM,0,
TXN10235,2026-01-16 19:48:00,USR00296,USR00335,550.95,Utilities,P2M,Kolkata,Web,AmazonPay,1,rapid_burst
TXN10234,2026-01-16 19:49:00,USR00296,USR00196,465.09,Fuel,P2M,Kolkata,Web,AmazonPay,1,rapid_burst
TXN10237,2026-01-16 19:50:00,USR00296,USR00335,737.55,Food Delivery,P2M,Kolkata,Web,AmazonPay,1,rapid_burst
TXN09080,2026-01-16 19:50:27,USR00005,USR00189,9566.44,Food Delivery,P2M,Surat,Tablet,Paytm,0,
TXN10236,2026-01-16 19:52:00,USR00296,USR00335,401.85,Fuel,P2P,Kolkata,Web,AmazonPay,1,rapid_burst
TXN07428,2026-01-16 20:31:15,USR00227,USR00134,6047.9,Fuel,P2P,Ahmedabad,iPhone,BHIM,0,
TXN08382,2026-01-16 20:49:20,USR00459,USR00033,9114.23,Fuel,P2P,Pune,Tablet,PhonePe,0,
TXN09811,2026-01-16 20:58:03,USR00097,USR00011,1197.5,Food Delivery,P2P,Bengaluru,iPhone,GPay,1,"new_device,new_receiver"
TXN04814,2026-01-16 21:06:59,USR00437,USR00395,531.1,Grocery,P2P,Pune,iPhone,Paytm,0,
TXN05112,2026-01-16 21:23:15,USR00191,USR00356,151.08,Grocery,P2M,Jaipur,Tablet,Paytm,0,
TXN02851,2026-01-16 21:36:59,USR00163,USR00407,1210.71,Rent,P2M,Lucknow,Tablet,GPay,0,
TXN08379,2026-01-16 21:44:25,USR00402,USR00409,2082.7,Rent,P2M,Kolkata,Tablet,PhonePe,0,
TXN01602,2026-01-16 21:45:26,USR00127,USR00393,1194.83,Rent,P2M,Surat,Web,AmazonPay,0,
TXN02075,2026-01-16 22:00:17,USR00104,USR00369,243.76,Utilities,P2P,Surat,Web,Paytm,0,
TXN06868,2026-01-16 22:27:10,USR00212,USR00442,451.73,Rent,P2M,Lucknow,Android_Phone,BHIM,0,
TXN00911,2026-01-16 22:28:56,USR00366,USR00375,14192.83,Education,P2M,Chennai,Web,BHIM,0,
TXN09372,2026-01-16 22:36:46,USR00235,USR00323,1721.52,Fuel,P2P,Pune,iPhone,BHIM,0,
TXN08775,2026-01-16 22:57:16,USR00148,USR00393,1260.02,Rent,P2M,Jaipur,Tablet,PhonePe,0,
TXN09714,2026-01-17 02:43:52,USR00330,USR00335,9169.31,Food Delivery,P2P,Delhi,Tablet,Paytm,1,odd_hour
TXN08236,2026-01-17 06:11:18,USR00002,USR00110,1809.88,Utilities,P2P,Chennai,Tablet,Paytm,0,
TXN02828,2026-01-17 06:46:33,USR00189,USR00119,10402.27,Food Delivery,P2M,Mumbai,iPhone,AmazonPay,0,
TXN05980,2026-01-17 06:49:23,USR00438,USR00119,12364.65,Healthcare,P2M,Chennai,Web,AmazonPay,0,
TXN08281,2026-01-17 07:03:22,USR00104,USR00495,129.66,Shopping,P2P,Surat,Web,Paytm,0,
TXN08597,2026-01-17 07:06:20,USR00406,USR00074,334.24,Shopping,P2P,Lucknow,Tablet,PhonePe,0,
TXN03806,2026-01-17 07:20:14,USR00438,USR00153,4961.94,Grocery,P2M,Chennai,Web,AmazonPay,0,
TXN08524,2026-01-17 07:21:03,USR00390,USR00265,65.13,Shopping,P2M,Surat,Web,GPay,0,
TXN06684,2026-01-17 07:28:33,USR00049,USR00399,1368.04,Utilities,P2P,Chennai,Android_Phone,GPay,0,
TXN06846,2026-01-17 07:34:41,USR00337,USR00324,3060.85,Healthcare,P2M,Chennai,Android_Phone,Paytm,0,
TXN04525,2026-01-17 07:38:38,USR00105,USR00058,389.94,Healthcare,P2P,Delhi,iPhone,Paytm,0,
TXN06681,2026-01-17 07:40:18,USR00138,USR00409,14818.7,Entertainment,P2P,Surat,Android_Phone,BHIM,0,
TXN03994,2026-01-17 07:42:32,USR00221,USR00265,454.17,P2P Transfer,P2P,Hyderabad,Android_Phone,AmazonPay,0,
TXN04117,2026-01-17 07:45:08,USR00193,USR00370,279.99,Rent,P2M,Chennai,Tablet,PhonePe,0,
TXN01034,2026-01-17 07:46:09,USR00273,USR00183,10058.58,Education,P2M,Surat,iPhone,BHIM,0,
TXN00966,2026-01-17 07:51:33,USR00288,USR00105,17195.67,Fuel,P2M,Pune,Tablet,PhonePe,0,
TXN06857,2026-01-17 07:52:37,USR00115,USR00179,2281.86,Rent,P2M,Jaipur,Android_Phone,PhonePe,0,
TXN05145,2026-01-17 07:54:17,USR00269,USR00101,445.79,P2P Transfer,P2M,Mumbai,Android_Phone,BHIM,0,
TXN04653,2026-01-17 07:59:53,USR00210,USR00078,4547.07,Food Delivery,P2P,Bengaluru,Web,BHIM,0,
TXN00367,2026-01-17 08:03:58,USR00455,USR00272,3110.28,Grocery,P2M,Chennai,iPhone,GPay,0,
TXN06692,2026-01-17 08:31:12,USR00192,USR00211,1001.61,Fuel,P2M,Mumbai,Tablet,BHIM,0,
TXN04862,2026-01-17 08:34:45,USR00003,USR00022,2462.06,Grocery,P2M,Lucknow,Web,AmazonPay,0,
TXN09745,2026-01-17 08:35:10,USR00403,USR00287,469.28,Rent,P2P,Lucknow,Web,GPay,1,new_location
TXN04611,2026-01-17 08:38:05,USR00186,USR00427,6065.97,Entertainment,P2M,Jaipur,Tablet,GPay,0,
TXN07997,2026-01-17 08:47:29,USR00201,USR00004,213.14,Rent,P2M,Delhi,iPhone,BHIM,0,
TXN05476,2026-01-17 08:54:14,USR00097,USR00338,2045.14,Education,P2P,Bengaluru,Web,GPay,0,
TXN09718,2026-01-17 09:05:30,USR00182,USR00161,1142.66,Rent,P2M,Delhi,Tablet,BHIM,1,new_receiver
TXN06433,2026-01-17 09:06:41,USR00147,USR00239,169.66,Healthcare,P2P,Mumbai,Tablet,AmazonPay,0,
TXN06779,2026-01-17 09:16:13,USR00396,USR00103,6378.09,Food Delivery,P2M,Hyderabad,iPhone,PhonePe,0,
TXN09079,2026-01-17 09:17:30,USR00188,USR00304,1122.25,Food Delivery,P2P,Pune,Android_Phone,GPay,0,
TXN08564,2026-01-17 09:21:28,USR00400,USR00313,700.54,P2P Transfer,P2P,Pune,Web,Paytm,0,
TXN05802,2026-01-17 09:37:09,USR00216,USR00493,522.91,Shopping,P2M,Chennai,Tablet,Paytm,0,
TXN07208,2026-01-17 09:43:38,USR00161,USR00170,100.5,Entertainment,P2M,Mumbai,Android_Phone,BHIM,0,
TXN04141,2026-01-17 09:49:29,USR00111,USR00061,1183.9,Rent,P2P,Hyderabad,iPhone,BHIM,0,
TXN01877,2026-01-17 09:55:18,USR00116,USR00090,2811.46,Fuel,P2M,Surat,iPhone,BHIM,0,
TXN09008,2026-01-17 09:55:47,USR00076,USR00395,4898.78,Grocery,P2M,Delhi,iPhone,Paytm,0,
TXN06406,2026-01-17 10:17:55,USR00380,USR00337,13897.69,Healthcare,P2M,Jaipur,Android_Phone,AmazonPay,0,
TXN03961,2026-01-17 10:27:56,USR00363,USR00101,1565.8,Shopping,P2P,Hyderabad,Android_Phone,AmazonPay,0,
TXN08455,2026-01-17 10:34:14,USR00292,USR00409,202.76,Healthcare,P2P,Jaipur,Android_Phone,PhonePe,0,
TXN06817,2026-01-17 10:47:23,USR00361,USR00107,2166.63,Fuel,P2P,Jaipur,Tablet,Paytm,0,
TXN06891,2026-01-17 10:50:26,USR00476,USR00291,10571.05,Shopping,P2P,Delhi,Android_Phone,AmazonPay,0,
TXN00636,2026-01-17 11:11:49,USR00046,USR00112,14852.78,Fuel,P2M,Jaipur,Tablet,Paytm,0,
TXN05239,2026-01-17 11:44:54,USR00233,USR00396,7812.57,Fuel,P2P,Lucknow,Android_Phone,AmazonPay,0,
TXN01774,2026-01-17 11:57:58,USR00487,USR00241,378.45,Fuel,P2P,Bengaluru,Android_Phone,GPay,0,
TXN08579,2026-01-17 12:10:28,USR00027,USR00394,323.58,Healthcare,P2P,Mumbai,Web,PhonePe,0,
TXN07118,2026-01-17 12:22:59,USR00045,USR00105,12052.53,P2P Transfer,P2M,Kolkata,Tablet,BHIM,0,
TXN05883,2026-01-17 12:23:24,USR00234,USR00230,128.95,Education,P2M,Hyderabad,iPhone,Paytm,0,
TXN07354,2026-01-17 12:23:40,USR00262,USR00325,2144.34,Healthcare,P2M,Mumbai,Tablet,GPay,0,
TXN07387,2026-01-17 12:31:55,USR00387,USR00113,2017.16,P2P Transfer,P2M,Delhi,Tablet,Paytm,0,
TXN00931,2026-01-17 12:38:34,USR00485,USR00272,1453.66,Grocery,P2M,Hyderabad,iPhone,GPay,0,
TXN03914,2026-01-17 12:38:53,USR00185,USR00229,12713.54,Fuel,P2P,Chennai,Tablet,BHIM,0,
TXN09901,2026-01-17 12:40:49,USR00499,USR00195,582.62,Grocery,P2M,Kolkata,Tablet,BHIM,1,new_location
TXN02116,2026-01-17 12:45:28,USR00436,USR00000,7358.21,Fuel,P2P,Chennai,Web,GPay,0,
TXN01808,2026-01-17 13:15:54,USR00139,USR00372,1920.09,Healthcare,P2P,Jaipur,Web,GPay,0,
TXN06369,2026-01-17 13:17:17,USR00019,USR00135,8791.15,Grocery,P2P,Bengaluru,Android_Phone,BHIM,0,
TXN06574,2026-01-17 13:33:00,USR00284,USR00442,15903.86,Shopping,P2M,Delhi,Tablet,PhonePe,0,
TXN05455,2026-01-17 13:54:43,USR00077,USR00170,1375.97,Education,P2P,Ahmedabad,iPhone,BHIM,0,
TXN08510,2026-01-17 14:04:09,USR00011,USR00311,10735.38,Grocery,P2P,Surat,Web,AmazonPay,0,
TXN04609,2026-01-17 14:13:13,USR00399,USR00006,9030.16,Food Delivery,P2P,Delhi,Tablet,PhonePe,0,
TXN08476,2026-01-17 14:28:51,USR00420,USR00499,3130.83,Utilities,P2P,Nagpur,Android_Phone,BHIM,0,
TXN05368,2026-01-17 14:37:41,USR00335,USR00493,694.08,Travel,P2M,Delhi,Android_Phone,AmazonPay,0,
TXN05225,2026-01-17 14:43:46,USR00383,USR00352,233.74,Fuel,P2M,Kolkata,Android_Phone,BHIM,0,
TXN04365,2026-01-17 14:46:02,USR00403,USR00287,749.63,Grocery,P2M,Ahmedabad,Web,GPay,0,
TXN05763,2026-01-17 14:47:04,USR00458,USR00251,2379.93,Healthcare,P2M,Bengaluru,Web,PhonePe,0,
TXN00393,2026-01-17 14:54:32,USR00322,USR00368,259.42,Shopping,P2P,Kolkata,iPhone,AmazonPay,0,
TXN09400,2026-01-17 15:04:56,USR00332,USR00434,96508.47,Fuel,P2M,Surat,Android_Phone,BHIM,1,high_amount
TXN05210,2026-01-17 15:05:09,USR00034,USR00222,1471.5,P2P Transfer,P2M,Mumbai,Web,Paytm,0,
TXN09709,2026-01-17 15:27:41,USR00395,USR00476,1212.07,Grocery,P2P,Delhi,Web,AmazonPay,1,rapid_burst
TXN08763,2026-01-17 15:30:03,USR00391,USR00232,132.6,P2P Transfer,P2M,Pune,Web,GPay,0,
TXN03175,2026-01-17 15:30:48,USR00194,USR00300,4881.57,Entertainment,P2P,Delhi,Android_Phone,AmazonPay,0,
TXN03578,2026-01-17 15:42:46,USR00373,USR00128,408.72,Education,P2P,Lucknow,Web,BHIM,0,
TXN05732,2026-01-17 15:48:24,USR00380,USR00246,9759.73,Shopping,P2P,Jaipur,Android_Phone,AmazonPay,0,
TXN08735,2026-01-17 15:52:59,USR00253,USR00029,311.24,Healthcare,P2P,Hyderabad,Android_Phone,PhonePe,0,
TXN03757,2026-01-17 16:02:07,USR00037,USR00000,329.34,Utilities,P2M,Lucknow,iPhone,Paytm,0,
TXN01598,2026-01-17 16:10:47,USR00240,USR00108,476.26,Travel,P2P,Delhi,Web,BHIM,0,
TXN03028,2026-01-17 16:11:42,USR00444,USR00136,437.49,Grocery,P2M,Pune,iPhone,BHIM,0,
TXN03018,2026-01-17 16:21:48,USR00216,USR00203,954.12,Grocery,P2M,Chennai,Tablet,Paytm,0,
TXN09738,2026-01-17 16:25:37,USR00452,USR00131,2394.16,Utilities,P2P,Ahmedabad,Web,BHIM,1,new_location
TXN02235,2026-01-17 16:54:49,USR00241,USR00023,4848.93,Grocery,P2P,Chennai,Tablet,BHIM,0,
TXN07712,2026-01-17 17:07:18,USR00211,USR00044,8721.25,Fuel,P2P,Hyderabad,Web,PhonePe,0,
TXN05500,2026-01-17 17:08:16,USR00481,USR00191,1117.32,Fuel,P2M,Bengaluru,Web,GPay,0,
TXN02184,2026-01-17 17:09:13,USR00226,USR00199,8014.85,Utilities,P2P,Ahmedabad,iPhone,Paytm,0,
TXN05268,2026-01-17 17:20:17,USR00216,USR00203,447.71,Travel,P2P,Chennai,Tablet,Paytm,0,
TXN02447,2026-01-17 17:25:08,USR00095,USR00327,63.3,Entertainment,P2P,Delhi,Tablet,GPay,0,
TXN06801,2026-01-17 17:27:06,USR00353,USR00058,304.14,Fuel,P2M,Jaipur,Tablet,Paytm,0,
TXN07659,2026-01-17 17:32:27,USR00053,USR00250,18380.5,Entertainment,P2M,Mumbai,Web,Paytm,0,
TXN04842,2026-01-17 17:47:42,USR00279,USR00037,2866.07,Fuel,P2M,Delhi,iPhone,BHIM,0,
TXN00580,2026-01-17 18:07:06,USR00256,USR00134,939.46,Utilities,P2P,Jaipur,Web,AmazonPay,0,
TXN04413,2026-01-17 18:26:13,USR00397,USR00246,1091.07,Travel,P2P,Jaipur,Android_Phone,Paytm,0,
TXN09695,2026-01-17 18:26:54,USR00167,USR00490,10952.46,Entertainment,P2M,Bengaluru,Web,Paytm,1,new_location
TXN04242,2026-01-17 18:30:21,USR00432,USR00375,173.1,Travel,P2P,Jaipur,Web,Paytm,0,
TXN07691,2026-01-17 18:34:48,USR00021,USR00482,12168.61,P2P Transfer,P2P,Surat,Android_Phone,AmazonPay,0,
TXN00312,2026-01-17 18:45:32,USR00248,USR00330,15959.5,Shopping,P2M,Pune,iPhone,AmazonPay,0,
TXN07116,2026-01-17 18:54:24,USR00308,USR00013,3210.25,Fuel,P2M,Surat,Tablet,BHIM,0,
TXN09155,2026-01-17 18:56:18,USR00280,USR00455,438.48,Grocery,P2M,Bengaluru,Web,PhonePe,0,
TXN05705,2026-01-17 19:04:03,USR00489,USR00470,2049.97,Entertainment,P2P,Ahmedabad,Android_Phone,BHIM,0,
TXN07468,2026-01-17 19:08:26,USR00350,USR00130,367.36,Entertainment,P2P,Bengaluru,iPhone,PhonePe,0,
TXN00555,2026-01-17 19:16:00,USR00244,USR00067,17367.33,Rent,P2P,Ahmedabad,iPhone,PhonePe,0,
TXN02680,2026-01-17 19:25:18,USR00499,USR00195,726.98,Travel,P2M,Surat,Tablet,BHIM,0,
TXN06093,2026-01-17 19:27:22,USR00065,USR00041,563.28,Fuel,P2M,Pune,Android_Phone,PhonePe,0,
TXN02664,2026-01-17 19:42:37,USR00203,USR00123,267.65,Fuel,P2M,Delhi,Android_Phone,Paytm,0,
TXN00938,2026-01-17 19:52:47,USR00335,USR00326,524.56,Food Delivery,P2P,Delhi,Android_Phone,AmazonPay,0,
TXN05806,2026-01-17 20:11:14,USR00108,USR00189,12998.15,Grocery,P2M,Chennai,Tablet,Paytm,0,
TXN03558,2026-01-17 20:16:51,USR00315,USR00273,290.47,Travel,P2M,Mumbai,Tablet,Paytm,0,
TXN06602,2026-01-17 20:21:22,USR00336,USR00317,6879.34,Rent,P2M,Ahmedabad,iPhone,BHIM,0,
TXN00801,2026-01-17 20:25:42,USR00027,USR00170,258.43,Education,P2M,Mumbai,Web,PhonePe,0,
TXN04619,2026-01-17 20:28:18,USR00042,USR00304,6559.49,Food Delivery,P2P,Surat,Tablet,BHIM,0,
TXN04332,2026-01-17 20:32:36,USR00381,USR00179,5761.32,Rent,P2M,Ahmedabad,iPhone,AmazonPay,0,
TXN03747,2026-01-17 20:55:29,USR00207,USR00153,9397.89,Rent,P2P,Nagpur,iPhone,PhonePe,0,
TXN02309,2026-01-17 21:13:18,USR00305,USR00363,284.49,Utilities,P2P,Hyderabad,iPhone,Paytm,0,
TXN03137,2026-01-17 21:19:07,USR00040,USR00294,2961.4,Fuel,P2P,Ahmedabad,Android_Phone,BHIM,0,
TXN09654,2026-01-17 21:25:49,USR00492,USR00038,753.13,Entertainment,P2M,Kolkata,Android_Phone,GPay,1,"high_amount,new_receiver"
TXN08720,2026-01-17 21:38:09,USR00001,USR00287,5628.96,Travel,P2P,Pune,iPhone,AmazonPay,0,
TXN02776,2026-01-17 22:02:37,USR00461,USR00198,1215.02,Rent,P2M,Nagpur,Tablet,AmazonPay,0,
TXN05973,2026-01-17 22:03:34,USR00175,USR00139,2882.79,Healthcare,P2P,Bengaluru,Tablet,PhonePe,0,
TXN04461,2026-01-17 22:12:12,USR00221,USR00265,166.92,P2P Transfer,P2P,Hyderabad,Android_Phone,AmazonPay,0,
TXN09304,2026-01-17 22:20:44,USR00065,USR00338,346.14,Food Delivery,P2M,Pune,Android_Phone,PhonePe,0,
TXN08218,2026-01-17 22:41:40,USR00330,USR00225,14611.59,Grocery,P2P,Delhi,Tablet,Paytm,0,
TXN01259,2026-01-17 22:42:44,USR00021,USR00206,13853.04,Food Delivery,P2P,Surat,Android_Phone,AmazonPay,0,
TXN09451,2026-01-17 22:53:17,USR00208,USR00454,341.37,P2P Transfer,P2M,Kolkata,Web,GPay,1,"new_receiver,new_location"
TXN01648,2026-01-17 22:57:03,USR00407,USR00334,1163.18,Travel,P2P,Pune,Web,Paytm,0,
TXN07483,2026-01-17 22:57:21,USR00054,USR00303,2208.21,Travel,P2M,Ahmedabad,Tablet,PhonePe,0,
TXN09784,2026-01-18 01:16:47,USR00322,USR00261,390.73,Rent,P2M,Kolkata,iPhone,AmazonPay,1,odd_hour
TXN07798,2026-01-18 06:30:13,USR00094,USR00227,3214.72,Rent,P2P,Pune,Web,GPay,0,
TXN05925,2026-01-18 06:38:49,USR00290,USR00137,97.93,Shopping,P2P,Ahmedabad,Tablet,GPay,0,
TXN04389,2026-01-18 06:50:43,USR00298,USR00444,902.68,Utilities,P2M,Ahmedabad,Web,PhonePe,0,
TXN01883,2026-01-18 06:53:51,USR00430,USR00016,13416.38,Education,P2M,Delhi,iPhone,BHIM,0,
TXN05435,2026-01-18 07:09:50,USR00115,USR00372,1700.76,Grocery,P2M,Jaipur,Android_Phone,PhonePe,0,
TXN01535,2026-01-18 07:18:53,USR00090,USR00202,190.71,Rent,P2M,Jaipur,Tablet,Paytm,0,
TXN05881,2026-01-18 07:23:47,USR00483,USR00235,12903.09,Food Delivery,P2M,Nagpur,iPhone,AmazonPay,0,
TXN00577,2026-01-18 07:25:26,USR00145,USR00227,20241.38,Fuel,P2P,Ahmedabad,Android_Phone,GPay,0,
TXN07405,2026-01-18 07:29:31,USR00007,USR00335,57.05,Utilities,P2P,Lucknow,iPhone,BHIM,0,
TXN04772,2026-01-18 07:33:16,USR00229,USR00198,11563.86,Food Delivery,P2M,Nagpur,Web,AmazonPay,0,
TXN04712,2026-01-18 07:33:21,USR00184,USR00478,5271.3,Fuel,P2M,Jaipur,Android_Phone,GPay,0,
TXN08724,2026-01-18 08:00:40,USR00438,USR00153,10667.99,Grocery,P2M,Chennai,Web,AmazonPay,0,
TXN09251,2026-01-18 08:12:06,USR00148,USR00209,1499.52,Entertainment,P2P,Jaipur,Tablet,PhonePe,0,
TXN05361,2026-01-18 08:17:47,USR00377,USR00472,807.8,Shopping,P2M,Bengaluru,Android_Phone,BHIM,0,
TXN02371,2026-01-18 08:18:21,USR00425,USR00193,2860.7,Fuel,P2P,Ahmedabad,Web,Paytm,0,
TXN09673,2026-01-18 08:18:35,USR00373,USR00457,225.71,Fuel,P2P,Lucknow,Web,BHIM,1,new_receiver
TXN07600,2026-01-18 08:33:54,USR00333,USR00193,2227.58,Entertainment,P2P,Mumbai,Web,PhonePe,0,
TXN02992,2026-01-18 08:50:54,USR00089,USR00139,9222.49,Utilities,P2P,Jaipur,Web,BHIM,0,
TXN08229,2026-01-18 08:51:48,USR00134,USR00402,2132.44,Food Delivery,P2P,Delhi,Web,BHIM,0,
TXN10178,2026-01-18 09:14:00,USR00215,USR00171,1414.64,Education,P2P,Chennai,Tablet,AmazonPay,1,rapid_burst
TXN10179,2026-01-18 09:16:00,USR00215,USR00440,1884.23,Rent,P2P,Chennai,Tablet,AmazonPay,1,rapid_burst
TXN10180,2026-01-18 09:20:00,USR00215,USR00440,1503.07,Healthcare,P2M,Chennai,Tablet,AmazonPay,1,rapid_burst
TXN10182,2026-01-18 09:22:00,USR00215,USR00421,1628.53,P2P Transfer,P2P,Chennai,Tablet,AmazonPay,1,rapid_burst
TXN10181,2026-01-18 09:23:00,USR00215,USR00440,1649.75,Healthcare,P2P,Chennai,Tablet,AmazonPay,1,rapid_burst
TXN10183,2026-01-18 09:29:00,USR00215,USR00171,1638.75,Food Delivery,P2P,Chennai,Tablet,AmazonPay,1,rapid_burst
TXN04762,2026-01-18 09:33:05,USR00110,USR00306,240.96,Food Delivery,P2P,Jaipur,Tablet,GPay,0,
TXN01120,2026-01-18 09:49:49,USR00353,USR00058,274.09,Fuel,P2M,Jaipur,Tablet,Paytm,0,
TXN00374,2026-01-18 09:51:02,USR00095,USR00328,77.95,Utilities,P2M,Delhi,Tablet,GPay,0,
TXN09029,2026-01-18 09:51:06,USR00020,USR00029,439.12,Fuel,P2P,Lucknow,Android_Phone,BHIM,0,
TXN02592,2026-01-18 10:00:28,USR00219,USR00205,1148.33,Rent,P2P,Delhi,Tablet,AmazonPay,0,
TXN09042,2026-01-18 10:03:56,USR00355,USR00395,1875.91,Education,P2M,Delhi,Android_Phone,AmazonPay,0,
TXN03027,2026-01-18 10:17:02,USR00065,USR00135,500.31,Fuel,P2P,Pune,Android_Phone,PhonePe,0,
TXN07967,2026-01-18 10:17:13,USR00279,USR00440,2939.41,Utilities,P2P,Delhi,iPhone,BHIM,0,
TXN06545,2026-01-18 10:25:33,USR00308,USR00071,3008.9,Entertainment,P2M,Surat,Tablet,BHIM,0,
TXN08247,2026-01-18 10:29:49,USR00351,USR00162,278.32,Travel,P2P,Ahmedabad,Web,AmazonPay,0,
TXN04202,2026-01-18 10:49:15,USR00351,USR00183,464.1,Education,P2P,Ahmedabad,Web,AmazonPay,0,
TXN06291,2026-01-18 10:51:03,USR00487,USR00462,307.96,Entertainment,P2M,Bengaluru,Android_Phone,GPay,0,
TXN08456,2026-01-18 10:53:37,USR00363,USR00101,2701.95,Fuel,P2P,Hyderabad,Android_Phone,AmazonPay,0,
TXN00723,2026-01-18 11:14:05,USR00015,USR00276,1862.84,Entertainment,P2M,Hyderabad,iPhone,AmazonPay,0,
TXN02152,2026-01-18 11:15:23,USR00445,USR00176,1622.09,Entertainment,P2P,Pune,Web,Paytm,0,
TXN01956,2026-01-18 11:19:33,USR00012,USR00248,703.61,Entertainment,P2P,Pune,Android_Phone,GPay,0,
TXN08778,2026-01-18 11:34:40,USR00212,USR00442,403.12,Food Delivery,P2M,Lucknow,Android_Phone,BHIM,0,
TXN04733,2026-01-18 11:39:58,USR00015,USR00276,2034.38,Rent,P2M,Hyderabad,iPhone,AmazonPay,0,
TXN04497,2026-01-18 11:57:31,USR00126,USR00385,523.49,P2P Transfer,P2M,Ahmedabad,iPhone,AmazonPay,0,
TXN02461,2026-01-18 12:04:36,USR00457,USR00305,7216.87,Shopping,P2M,Lucknow,Web,GPay,0,
TXN09496,2026-01-18 12:13:44,USR00343,USR00277,2352.83,Healthcare,P2M,Nagpur,iPhone,Paytm,1,rapid_burst
TXN01934,2026-01-18 12:16:25,USR00450,USR00161,456.36,Utilities,P2M,Kolkata,iPhone,AmazonPay,0,
TXN09990,2026-01-18 12:39:05,USR00381,USR00379,9181.63,Education,P2P,Ahmedabad,iPhone,AmazonPay,1,rapid_burst
TXN01060,2026-01-18 12:39:39,USR00316,USR00449,13407.68,Food Delivery,P2M,Surat,Android_Phone,Paytm,0,
TXN03245,2026-01-18 12:43:24,USR00082,USR00462,1078.98,Fuel,P2P,Ahmedabad,Android_Phone,GPay,0,
TXN09294,2026-01-18 12:51:31,USR00405,USR00145,1972.06,Shopping,P2P,Lucknow,iPhone,Paytm,0,
TXN00045,2026-01-18 13:02:12,USR00376,USR00011,15550.67,P2P Transfer,P2P,Surat,iPhone,AmazonPay,0,
TXN05245,2026-01-18 13:45:51,USR00070,USR00223,1398.92,Food Delivery,P2M,Hyderabad,Tablet,BHIM,0,
TXN05300,2026-01-18 13:46:26,USR00438,USR00047,6853.3,P2P Transfer,P2P,Chennai,Web,AmazonPay,0,
TXN07416,2026-01-18 13:50:32,USR00250,USR00429,1003.33,Utilities,P2M,Chennai,Android_Phone,AmazonPay,0,
TXN02892,2026-01-18 13:58:12,USR00379,USR00103,308.91,Travel,P2M,Pune,Android_Phone,AmazonPay,0,
TXN09489,2026-01-18 14:02:08,USR00011,USR00245,16634.66,Fuel,P2M,Surat,Web,AmazonPay,1,new_receiver
TXN04604,2026-01-18 14:03:15,USR00443,USR00396,1471.42,Food Delivery,P2P,Delhi,Web,PhonePe,0,
TXN00608,2026-01-18 14:17:55,USR00482,USR00097,80.63,Rent,P2P,Jaipur,Tablet,BHIM,0,
TXN04956,2026-01-18 14:27:33,USR00410,USR00126,2025.53,Food Delivery,P2M,Delhi,iPhone,BHIM,0,
TXN09412,2026-01-18 14:28:51,USR00427,USR00232,1091.58,Rent,P2P,Jaipur,Tablet,AmazonPay,1,new_device
TXN06054,2026-01-18 14:45:26,USR00237,USR00443,153.12,P2P Transfer,P2M,Bengaluru,Android_Phone,PhonePe,0,
TXN06941,2026-01-18 14:59:43,USR00383,USR00411,282.22,Food Delivery,P2P,Kolkata,Android_Phone,BHIM,0,
TXN02831,2026-01-18 15:01:38,USR00073,USR00104,335.29,Fuel,P2P,Surat,Tablet,PhonePe,0,
TXN04370,2026-01-18 15:03:27,USR00297,USR00450,16877.23,Shopping,P2P,Mumbai,Tablet,GPay,0,
TXN04864,2026-01-18 15:28:49,USR00086,USR00358,2900.28,Education,P2M,Kolkata,iPhone,BHIM,0,
TXN02998,2026-01-18 15:55:51,USR00222,USR00053,202.73,Grocery,P2P,Chennai,iPhone,Paytm,0,
TXN07258,2026-01-18 16:06:52,USR00022,USR00342,4175.04,Entertainment,P2P,Hyderabad,Web,PhonePe,0,
TXN06956,2026-01-18 16:08:06,USR00320,USR00338,8638.06,Shopping,P2P,Jaipur,Web,GPay,0,
TXN06792,2026-01-18 16:31:00,USR00103,USR00221,658.3,Utilities,P2P,Delhi,Android_Phone,Paytm,0,
TXN10206,2026-01-18 16:34:00,USR00159,USR00287,6543.49,Entertainment,P2M,Kolkata,Android_Phone,PhonePe,1,rapid_burst
TXN10209,2026-01-18 16:37:00,USR00159,USR00287,11768.4,Grocery,P2M,Kolkata,Android_Phone,PhonePe,1,rapid_burst
TXN10207,2026-01-18 16:37:00,USR00159,USR00291,9857.68,P2P Transfer,P2P,Kolkata,Android_Phone,PhonePe,1,rapid_burst
TXN05952,2026-01-18 16:39:59,USR00463,USR00211,2644.0,Utilities,P2M,Lucknow,iPhone,PhonePe,0,
TXN10208,2026-01-18 16:40:00,USR00159,USR00287,12101.15,P2P Transfer,P2M,Kolkata,Android_Phone,PhonePe,1,rapid_burst
TXN10210,2026-01-18 16:46:00,USR00159,USR00291,9082.25,Travel,P2M,Kolkata,Android_Phone,PhonePe,1,rapid_burst
TXN01178,2026-01-18 17:09:30,USR00030,USR00499,995.21,Shopping,P2M,Pune,iPhone,PhonePe,0,
TXN02676,2026-01-18 17:10:19,USR00275,USR00336,9837.64,Food Delivery,P2P,Bengaluru,iPhone,PhonePe,0,
TXN05309,2026-01-18 17:17:49,USR00319,USR00258,1128.24,Education,P2P,Nagpur,iPhone,PhonePe,0,
TXN07066,2026-01-18 17:24:31,USR00184,USR00478,12841.28,Utilities,P2M,Jaipur,Android_Phone,GPay,0,
TXN09757,2026-01-18 17:38:58,USR00120,USR00312,123.49,Grocery,P2M,Jaipur,iPhone,BHIM,1,new_device
TXN01729,2026-01-18 17:42:57,USR00460,USR00480,561.67,Grocery,P2M,Lucknow,Android_Phone,AmazonPay,0,
TXN04946,2026-01-18 17:44:18,USR00163,USR00371,1038.59,Utilities,P2M,Lucknow,Tablet,GPay,0,
TXN00955,2026-01-18 17:47:55,USR00320,USR00055,4530.87,Healthcare,P2M,Jaipur,Web,GPay,0,
TXN07505,2026-01-18 17:48:31,USR00275,USR00336,19224.32,Healthcare,P2M,Bengaluru,iPhone,PhonePe,0,
TXN03550,2026-01-18 17:51:47,USR00340,USR00354,557.11,Healthcare,P2P,Jaipur,Tablet,PhonePe,0,
TXN01867,2026-01-18 18:09:38,USR00295,USR00290,454.51,Healthcare,P2P,Kolkata,Android_Phone,AmazonPay,0,
TXN04941,2026-01-18 18:19:26,USR00194,USR00389,4746.41,Shopping,P2P,Delhi,Android_Phone,AmazonPay,0,
TXN01222,2026-01-18 18:25:13,USR00220,USR00181,82.39,Education,P2M,Delhi,Android_Phone,PhonePe,0,
TXN04164,2026-01-18 18:36:45,USR00352,USR00109,379.62,Food Delivery,P2M,Jaipur,Tablet,Paytm,0,
TXN01745,2026-01-18 18:46:25,USR00029,USR00183,411.01,Rent,P2P,Chennai,Web,PhonePe,0,
TXN06439,2026-01-18 18:51:19,USR00402,USR00074,2132.78,Entertainment,P2P,Kolkata,Tablet,PhonePe,0,
TXN08146,2026-01-18 18:54:23,USR00306,USR00261,1324.38,P2P Transfer,P2P,Lucknow,Tablet,Paytm,0,
TXN01117,2026-01-18 18:56:47,USR00056,USR00359,9616.14,Fuel,P2M,Hyderabad,Web,PhonePe,0,
TXN08595,2026-01-18 18:59:03,USR00109,USR00310,96.87,Shopping,P2M,Ahmedabad,Web,PhonePe,0,
TXN06026,2026-01-18 19:06:00,USR00050,USR00058,578.86,Travel,P2M,Pune,iPhone,AmazonPay,0,
TXN03924,2026-01-18 19:08:04,USR00035,USR00275,5887.16,Travel,P2P,Nagpur,Android_Phone,PhonePe,0,
TXN07570,2026-01-18 19:24:07,USR00080,USR00400,15732.05,Shopping,P2P,Delhi,iPhone,BHIM,0,
TXN08800,2026-01-18 19:29:25,USR00356,USR00359,15787.1,Entertainment,P2P,Pune,Android_Phone,BHIM,0,
TXN05072,2026-01-18 19:35:11,USR00476,USR00174,12310.94,Food Delivery,P2P,Delhi,Android_Phone,AmazonPay,0,
TXN07414,2026-01-18 19:44:34,USR00153,USR00412,2573.48,Entertainment,P2P,Surat,Web,BHIM,0,
TXN00641,2026-01-18 19:58:07,USR00285,USR00133,5643.02,Fuel,P2M,Mumbai,Web,Paytm,0,
TXN00129,2026-01-18 20:22:10,USR00449,USR00335,1474.54,Entertainment,P2M,Mumbai,Web,Paytm,0,
TXN06622,2026-01-18 20:37:16,USR00227,USR00343,6305.9,Entertainment,P2M,Ahmedabad,iPhone,BHIM,0,
TXN02433,2026-01-18 20:59:54,USR00106,USR00014,1937.74,Entertainment,P2M,Lucknow,Android_Phone,Paytm,0,
TXN00150,2026-01-18 21:31:48,USR00056,USR00141,8454.86,Entertainment,P2P,Hyderabad,Web,PhonePe,0,
TXN05228,2026-01-18 21:42:04,USR00258,USR00186,433.13,Shopping,P2P,Pune,Android_Phone,BHIM,0,
TXN06458,2026-01-18 21:42:16,USR00191,USR00356,134.37,Fuel,P2M,Jaipur,Tablet,Paytm,0,
TXN08577,2026-01-18 21:49:01,USR00398,USR00295,12925.17,Travel,P2M,Kolkata,Web,GPay,0,
TXN02439,2026-01-18 21:54:31,USR00275,USR00126,16174.26,Education,P2M,Bengaluru,iPhone,PhonePe,0,
TXN00160,2026-01-18 22:01:06,USR00118,USR00039,691.72,Food Delivery,P2M,Chennai,Android_Phone,GPay,0,
TXN01639,2026-01-18 22:02:07,USR00115,USR00372,3662.71,Shopping,P2M,Jaipur,Android_Phone,PhonePe,0,
TXN09842,2026-01-18 22:08:36,USR00268,USR00134,4699.01,Education,P2M,Kolkata,Web,GPay,1,new_receiver
TXN07883,2026-01-18 22:16:20,USR00049,USR00332,2408.29,Education,P2M,Chennai,Android_Phone,GPay,0,
TXN04738,2026-01-18 22:22:17,USR00408,USR00094,577.07,Healthcare,P2M,Kolkata,Tablet,PhonePe,0,
TXN04623,2026-01-18 22:57:03,USR00215,USR00220,937.39,Healthcare,P2M,Chennai,Tablet,AmazonPay,0,
TXN09931,2026-01-19 02:36:52,USR00052,USR00435,10725.38,Education,P2P,Nagpur,Android_Phone,GPay,1,odd_hour
TXN09881,2026-01-19 03:18:54,USR00494,USR00088,5580.92,Utilities,P2P,Bengaluru,iPhone,AmazonPay,1,"odd_hour,new_receiver"
TXN03861,2026-01-19 06:10:51,USR00079,USR00466,419.26,Travel,P2P,Ahmedabad,Android_Phone,BHIM,0,
TXN02065,2026-01-19 06:21:51,USR00048,USR00167,1687.16,Education,P2M,Kolkata,Web,BHIM,0,
TXN00779,2026-01-19 06:26:54,USR00351,USR00183,354.1,Rent,P2P,Ahmedabad,Web,AmazonPay,0,
TXN07302,2026-01-19 06:29:28,USR00498,USR00027,13367.29,Grocery,P2P,Mumbai,Web,GPay,0,
TXN02237,2026-01-19 06:46:39,USR00475,USR00326,6007.5,P2P Transfer,P2P,Chennai,Web,Paytm,0,
TXN08894,2026-01-19 06:50:24,USR00202,USR00271,9418.53,P2P Transfer,P2M,Mumbai,Tablet,Paytm,0,
TXN08488,2026-01-19 06:55:46,USR00176,USR00423,115.87,Entertainment,P2P,Bengaluru,iPhone,AmazonPay,0,
TXN04403,2026-01-19 06:58:56,USR00309,USR00326,14645.24,Entertainment,P2M,Chennai,iPhone,BHIM,0,
TXN04494,2026-01-19 07:26:23,USR00052,USR00350,13363.45,Travel,P2M,Nagpur,Android_Phone,GPay,0,
TXN04267,2026-01-19 07:34:27,USR00210,USR00324,2783.2,Shopping,P2P,Bengaluru,Web,BHIM,0,
TXN03559,2026-01-19 07:39:22,USR00480,USR00363,421.12,Entertainment,P2M,Nagpur,Web,GPay,0,
TXN01509,2026-01-19 07:47:45,USR00005,USR00181,7653.73,Grocery,P2P,Surat,Tablet,Paytm,0,
TXN01333,2026-01-19 07:47:48,USR00231,USR00334,2096.58,Healthcare,P2P,Pune,iPhone,BHIM,0,
TXN00316,2026-01-19 07:50:37,USR00405,USR00089,3073.2,Grocery,P2M,Lucknow,iPhone,Paytm,0,
TXN02238,2026-01-19 07:57:47,USR00421,USR00199,2839.34,Food Delivery,P2P,Jaipur,Android_Phone,Paytm,0,
TXN08759,2026-01-19 07:58:31,USR00251,USR00110,12419.97,Entertainment,P2M,Mumbai,Android_Phone,BHIM,0,
TXN06960,2026-01-19 08:02:19,USR00368,USR00018,760.97,Fuel,P2M,Lucknow,Android_Phone,AmazonPay,0,
TXN03841,2026-01-19 08:16:42,USR00006,USR00112,1486.22,Utilities,P2M,Hyderabad,Tablet,GPay,0,
TXN01435,2026-01-19 08:19:08,USR00118,USR00437,548.75,Grocery,P2M,Chennai,Android_Phone,GPay,0,
TXN05403,2026-01-19 08:24:20,USR00230,USR00147,10282.41,Utilities,P2P,Jaipur,iPhone,PhonePe,0,
TXN03263,2026-01-19 08:31:56,USR00143,USR00390,2964.96,Healthcare,P2P,Chennai,Web,Paytm,0,
TXN01888,2026-01-19 08:37:01,USR00229,USR00214,12993.98,Food Delivery,P2M,Nagpur,Web,AmazonPay,0,
TXN08777,2026-01-19 08:48:42,USR00289,USR00328,18290.19,P2P Transfer,P2M,Ahmedabad,Tablet,PhonePe,0,
TXN03187,2026-01-19 08:52:43,USR00439,USR00419,10905.32,Healthcare,P2P,Nagpur,Tablet,GPay,0,
TXN03658,2026-01-19 08:56:32,USR00362,USR00343,296.65,Healthcare,P2P,Pune,Web,AmazonPay,0,
TXN08860,2026-01-19 08:59:00,USR00482,USR00097,34.25,Rent,P2M,Jaipur,Tablet,BHIM,0,
TXN09959,2026-01-19 09:15:28,USR00402,USR00409,1168.22,Education,P2M,Kolkata,Web,PhonePe,1,new_device
TXN05702,2026-01-19 09:19:55,USR00210,USR00078,3301.47,Travel,P2P,Bengaluru,Web,BHIM,0,
TXN08158,2026-01-19 09:20:38,USR00386,USR00402,532.83,Healthcare,P2M,Delhi,iPhone,Paytm,0,
TXN03297,2026-01-19 09:37:12,USR00328,USR00409,8876.81,Food Delivery,P2P,Nagpur,Tablet,PhonePe,0,
TXN06086,2026-01-19 09:37:44,USR00116,USR00487,3221.57,Fuel,P2M,Surat,iPhone,BHIM,0,
TXN08750,2026-01-19 09:38:01,USR00322,USR00261,451.01,Grocery,P2P,Kolkata,iPhone,AmazonPay,0,
TXN07584,2026-01-19 09:44:27,USR00076,USR00437,4513.6,Healthcare,P2P,Delhi,iPhone,Paytm,0,
TXN04910,2026-01-19 09:45:19,USR00188,USR00034,2113.61,Fuel,P2M,Pune,Android_Phone,GPay,0,
TXN07680,2026-01-19 09:58:41,USR00425,USR00352,1384.06,Grocery,P2M,Ahmedabad,Web,Paytm,0,
TXN08771,2026-01-19 10:18:48,USR00369,USR00256,397.83,Healthcare,P2P,Bengaluru,Web,AmazonPay,0,
TXN09471,2026-01-19 10:28:38,USR00459,USR00368,9732.6,Fuel,P2P,Delhi,Tablet,PhonePe,1,"new_location,new_receiver"
TXN04624,2026-01-19 10:29:46,USR00382,USR00278,1357.41,Food Delivery,P2P,Delhi,iPhone,Paytm,0,
TXN00759,2026-01-19 10:29:56,USR00487,USR00241,392.2,Food Delivery,P2P,Bengaluru,Android_Phone,GPay,0,
TXN08289,2026-01-19 11:05:13,USR00374,USR00451,11888.22,Fuel,P2P,Ahmedabad,Tablet,PhonePe,0,
TXN07067,2026-01-19 11:06:51,USR00091,USR00119,116.88,Fuel,P2P,Surat,Tablet,GPay,0,
TXN01081,2026-01-19 11:37:00,USR00298,USR00444,435.04,Fuel,P2M,Ahmedabad,Web,PhonePe,0,
TXN03357,2026-01-19 11:43:39,USR00431,USR00475,7626.11,Grocery,P2M,Pune,Android_Phone,GPay,0,
TXN05327,2026-01-19 11:49:47,USR00047,USR00273,1337.24,Grocery,P2M,Ahmedabad,iPhone,BHIM,0,
TXN05797,2026-01-19 12:21:03,USR00033,USR00204,620.76,P2P Transfer,P2P,Hyderabad,Android_Phone,AmazonPay,0,
TXN09592,2026-01-19 12:25:48,USR00147,USR00283,1700.12,Food Delivery,P2M,Mumbai,Tablet,AmazonPay,1,high_amount
TXN04134,2026-01-19 12:33:29,USR00095,USR00305,66.05,Healthcare,P2P,Delhi,Tablet,GPay,0,
TXN05566,2026-01-19 12:35:49,USR00401,USR00230,1830.08,P2P Transfer,P2P,Chennai,Web,AmazonPay,0,
TXN09057,2026-01-19 12:46:18,USR00027,USR00170,232.23,Grocery,P2P,Mumbai,Web,PhonePe,0,
TXN05010,2026-01-19 12:59:27,USR00035,USR00473,4708.94,Shopping,P2P,Nagpur,Android_Phone,PhonePe,0,
TXN07167,2026-01-19 13:03:14,USR00495,USR00306,13028.54,Education,P2M,Kolkata,Web,AmazonPay,0,
TXN08051,2026-01-19 13:17:18,USR00238,USR00295,879.49,Rent,P2M,Ahmedabad,Tablet,BHIM,0,
TXN03482,2026-01-19 13:28:35,USR00394,USR00004,9787.83,Healthcare,P2M,Chennai,iPhone,Paytm,0,
TXN01207,2026-01-19 13:45:21,USR00436,USR00371,9213.47,Fuel,P2M,Chennai,Web,GPay,0,
TXN07605,2026-01-19 14:04:32,USR00028,USR00452,6829.06,Grocery,P2M,Delhi,Android_Phone,PhonePe,0,
TXN05499,2026-01-19 14:08:20,USR00443,USR00222,1083.42,P2P Transfer,P2P,Delhi,Web,PhonePe,0,
TXN07045,2026-01-19 14:08:56,USR00483,USR00235,15794.25,Fuel,P2P,Nagpur,iPhone,AmazonPay,0,
TXN07985,2026-01-19 14:12:37,USR00176,USR00459,202.36,Grocery,P2P,Bengaluru,iPhone,AmazonPay,0,
TXN09980,2026-01-19 14:16:58,USR00079,USR00269,405.83,Travel,P2M,Ahmedabad,Android_Phone,BHIM,1,rapid_burst
TXN05339,2026-01-19 14:33:17,USR00220,USR00340,35.54,Fuel,P2M,Delhi,Android_Phone,PhonePe,0,
TXN03631,2026-01-19 14:34:23,USR00077,USR00170,912.75,Fuel,P2P,Ahmedabad,iPhone,BHIM,0,
TXN02773,2026-01-19 14:53:39,USR00476,USR00174,9090.26,Entertainment,P2P,Delhi,Android_Phone,AmazonPay,0,
TXN00501,2026-01-19 14:55:33,USR00310,USR00241,3000.83,Utilities,P2M,Hyderabad,iPhone,Paytm,0,
TXN07506,2026-01-19 15:01:01,USR00277,USR00046,16832.27,Utilities,P2M,Bengaluru,Web,PhonePe,0,
TXN03666,2026-01-19 15:03:13,USR00351,USR00362,285.76,Rent,P2P,Ahmedabad,Web,AmazonPay,0,
TXN05105,2026-01-19 15:05:04,USR00446,USR00350,5269.18,Education,P2M,Pune,Android_Phone,GPay,0,
TXN04938,2026-01-19 15:10:00,USR00379,USR00008,332.94,Food Delivery,P2M,Pune,Android_Phone,AmazonPay,0,
TXN02968,2026-01-19 15:14:40,USR00275,USR00336,13770.98,Rent,P2M,Bengaluru,iPhone,PhonePe,0,
TXN07017,2026-01-19 15:15:11,USR00485,USR00272,1439.06,Fuel,P2P,Hyderabad,iPhone,GPay,0,
TXN06957,2026-01-19 15:16:49,USR00282,USR00453,2681.7,Rent,P2P,Pune,Android_Phone,GPay,0,
TXN00201,2026-01-19 15:23:30,USR00493,USR00196,124.05,Fuel,P2M,Jaipur,iPhone,GPay,0,
TXN09891,2026-01-19 15:50:57,USR00145,USR00365,19019.35,Rent,P2M,Ahmedabad,Tablet,GPay,1,new_device
TXN07551,2026-01-19 15:51:42,USR00216,USR00203,1340.18,Education,P2M,Chennai,Tablet,Paytm,0,
TXN06543,2026-01-19 16:06:51,USR00237,USR00335,217.26,Education,P2M,Bengaluru,Android_Phone,PhonePe,0,
TXN09314,2026-01-19 16:10:07,USR00085,USR00153,482.6,Entertainment,P2M,Delhi,iPhone,BHIM,0,
TXN04760,2026-01-19 16:15:16,USR00452,USR00415,1615.23,Healthcare,P2M,Pune,Web,BHIM,0,
TXN08693,2026-01-19 16:22:02,USR00435,USR00432,7649.1,P2P Transfer,P2M,Chennai,Tablet,BHIM,0,
TXN04097,2026-01-19 16:42:54,USR00452,USR00320,2836.28,Entertainment,P2P,Pune,Web,BHIM,0,
TXN09421,2026-01-19 16:55:18,USR00115,USR00463,21297.76,Healthcare,P2P,Jaipur,Android_Phone,PhonePe,1,high_amount
TXN08388,2026-01-19 16:58:33,USR00318,USR00485,337.2,Rent,P2M,Pune,Web,BHIM,0,
TXN00187,2026-01-19 17:15:09,USR00186,USR00427,4180.39,Rent,P2M,Jaipur,Tablet,GPay,0,
TXN06694,2026-01-19 17:18:20,USR00095,USR00305,28.31,Rent,P2M,Delhi,Tablet,GPay,0,
TXN08151,2026-01-19 17:18:24,USR00277,USR00019,12264.51,Travel,P2M,Bengaluru,Web,PhonePe,0,
TXN08805,2026-01-19 17:24:41,USR00379,USR00103,316.19,Travel,P2M,Pune,Android_Phone,AmazonPay,0,
TXN02955,2026-01-19 17:37:35,USR00112,USR00379,447.54,Healthcare,P2P,Delhi,Web,BHIM,0,
TXN05194,2026-01-19 17:48:41,USR00216,USR00203,1183.82,Grocery,P2P,Chennai,Tablet,Paytm,0,
TXN01440,2026-01-19 17:55:48,USR00439,USR00419,9004.02,Education,P2P,Nagpur,Tablet,GPay,0,
TXN01609,2026-01-19 18:13:24,USR00439,USR00048,8213.16,Shopping,P2P,Nagpur,Tablet,GPay,0,
TXN02939,2026-01-19 18:14:41,USR00068,USR00352,1050.44,Food Delivery,P2M,Ahmedabad,Web,Paytm,0,
TXN00483,2026-01-19 18:17:47,USR00325,USR00463,1028.54,Healthcare,P2M,Nagpur,Android_Phone,PhonePe,0,
TXN07135,2026-01-19 18:19:58,USR00236,USR00143,278.02,Travel,P2M,Lucknow,Android_Phone,PhonePe,0,
TXN07457,2026-01-19 18:27:05,USR00009,USR00197,3129.41,Healthcare,P2M,Lucknow,Tablet,AmazonPay,0,
TXN02603,2026-01-19 18:54:11,USR00123,USR00185,7492.09,Shopping,P2M,Surat,Android_Phone,PhonePe,0,
TXN09895,2026-01-19 18:55:22,USR00442,USR00148,2451.65,Healthcare,P2M,Chennai,Web,Paytm,1,"new_location,new_device"
TXN09912,2026-01-19 19:12:26,USR00473,USR00066,9631.95,Fuel,P2M,Surat,Web,AmazonPay,1,new_location
TXN09941,2026-01-19 19:17:51,USR00423,USR00061,484.38,Rent,P2M,Jaipur,iPhone,GPay,1,new_location
TXN02605,2026-01-19 19:30:06,USR00089,USR00467,7774.41,Food Delivery,P2M,Jaipur,Web,BHIM,0,
TXN00546,2026-01-19 19:34:13,USR00481,USR00191,1405.43,Rent,P2M,Bengaluru,Web,GPay,0,
TXN06261,2026-01-19 19:43:24,USR00052,USR00412,11530.59,Fuel,P2P,Nagpur,Android_Phone,GPay,0,
TXN00986,2026-01-19 19:46:17,USR00422,USR00101,724.73,Utilities,P2M,Ahmedabad,Web,PhonePe,0,
TXN01447,2026-01-19 19:49:41,USR00360,USR00491,3053.62,Fuel,P2M,Jaipur,Tablet,Paytm,0,
TXN08353,2026-01-19 20:14:19,USR00085,USR00300,516.88,Utilities,P2M,Delhi,iPhone,BHIM,0,
TXN06018,2026-01-19 20:20:01,USR00002,USR00110,2318.06,Education,P2P,Chennai,Tablet,Paytm,0,
TXN04395,2026-01-19 20:20:09,USR00044,USR00077,5825.66,Utilities,P2P,Chennai,Web,PhonePe,0,
TXN08645,2026-01-19 20:29:09,USR00361,USR00043,1686.14,Fuel,P2P,Jaipur,Tablet,Paytm,0,
TXN05485,2026-01-19 20:29:27,USR00340,USR00088,325.32,Utilities,P2P,Jaipur,Tablet,PhonePe,0,
TXN09097,2026-01-19 20:29:54,USR00257,USR00085,192.4,Healthcare,P2M,Ahmedabad,Android_Phone,AmazonPay,0,
TXN00688,2026-01-19 20:31:55,USR00459,USR00104,13614.76,Food Delivery,P2M,Pune,Tablet,PhonePe,0,
TXN04284,2026-01-19 20:41:09,USR00221,USR00382,618.51,Education,P2M,Hyderabad,Android_Phone,AmazonPay,0,
TXN03966,2026-01-19 20:54:35,USR00392,USR00411,180.9,P2P Transfer,P2P,Chennai,Web,Paytm,0,
TXN00107,2026-01-19 21:29:59,USR00207,USR00153,7997.01,Utilities,P2P,Nagpur,iPhone,PhonePe,0,
TXN01286,2026-01-19 21:30:06,USR00109,USR00139,101.58,Rent,P2M,Ahmedabad,Web,PhonePe,0,
TXN03348,2026-01-19 21:35:11,USR00023,USR00234,1309.46,Food Delivery,P2P,Delhi,Web,AmazonPay,0,
TXN04292,2026-01-19 21:41:13,USR00278,USR00470,801.08,Grocery,P2P,Bengaluru,iPhone,Paytm,0,
TXN01979,2026-01-19 21:55:12,USR00173,USR00467,573.51,Food Delivery,P2P,Jaipur,iPhone,PhonePe,0,
TXN08518,2026-01-19 22:45:15,USR00128,USR00283,248.38,Travel,P2P,Surat,Android_Phone,AmazonPay,0,
TXN06660,2026-01-19 22:52:46,USR00026,USR00367,2411.21,Fuel,P2M,Lucknow,Web,Paytm,0,
TXN09617,2026-01-20 03:23:29,USR00353,USR00445,237.39,Entertainment,P2P,Jaipur,Tablet,Paytm,1,"new_receiver,odd_hour"
TXN04721,2026-01-20 06:03:39,USR00154,USR00160,3201.83,Rent,P2M,Ahmedabad,Tablet,Paytm,0,
TXN08430,2026-01-20 06:18:30,USR00256,USR00364,1127.79,Rent,P2M,Jaipur,Web,AmazonPay,0,
TXN01659,2026-01-20 06:22:20,USR00029,USR00183,104.37,Rent,P2P,Chennai,Web,PhonePe,0,
TXN05467,2026-01-20 06:45:43,USR00258,USR00186,451.01,P2P Transfer,P2P,Pune,Android_Phone,BHIM,0,
TXN03634,2026-01-20 06:50:57,USR00206,USR00038,4018.76,Entertainment,P2P,Pune,iPhone,Paytm,0,
TXN04908,2026-01-20 06:54:15,USR00094,USR00227,1779.01,Grocery,P2M,Pune,Web,GPay,0,
TXN03927,2026-01-20 07:12:26,USR00424,USR00496,1538.95,Food Delivery,P2M,Surat,Android_Phone,GPay,0,
TXN02167,2026-01-20 07:30:54,USR00018,USR00385,2874.4,Utilities,P2P,Mumbai,Android_Phone,PhonePe,0,
TXN07710,2026-01-20 07:35:22,USR00069,USR00117,3272.07,Food Delivery,P2M,Lucknow,Web,AmazonPay,0,
TXN08867,2026-01-20 08:07:46,USR00143,USR00271,4335.88,Education,P2P,Chennai,Web,Paytm,0,
TXN04559,2026-01-20 08:31:09,USR00063,USR00485,5654.32,Education,P2M,Bengaluru,Android_Phone,Paytm,0,
TXN00288,2026-01-20 08:41:23,USR00375,USR00418,1859.37,Utilities,P2P,Bengaluru,iPhone,PhonePe,0,
TXN05740,2026-01-20 08:45:11,USR00333,USR00206,2859.94,Healthcare,P2M,Mumbai,Web,PhonePe,0,
TXN07357,2026-01-20 08:48:08,USR00051,USR00296,14644.19,Food Delivery,P2P,Bengaluru,Android_Phone,Paytm,0,
TXN02940,2026-01-20 08:56:10,USR00319,USR00301,1058.94,Education,P2P,Nagpur,iPhone,PhonePe,0,
TXN02533,2026-01-20 09:05:21,USR00485,USR00225,1518.83,Entertainment,P2M,Hyderabad,iPhone,GPay,0,
TXN02771,2026-01-20 09:08:25,USR00499,USR00364,755.68,Grocery,P2P,Surat,Tablet,BHIM,0,
TXN04178,2026-01-20 09:20:19,USR00409,USR00449,266.6,Grocery,P2P,Delhi,Android_Phone,BHIM,0,
TXN02053,2026-01-20 09:22:49,USR00170,USR00379,14418.59,Shopping,P2P,Bengaluru,Web,AmazonPay,0,
TXN01545,2026-01-20 09:46:04,USR00229,USR00198,17048.88,Fuel,P2M,Nagpur,Web,AmazonPay,0,
TXN03963,2026-01-20 09:47:41,USR00164,USR00317,185.48,Shopping,P2P,Lucknow,Android_Phone,BHIM,0,
TXN04135,2026-01-20 10:00:32,USR00369,USR00203,411.55,Education,P2P,Bengaluru,Web,AmazonPay,0,
TXN03078,2026-01-20 10:03:13,USR00283,USR00368,9102.67,Shopping,P2P,Chennai,Android_Phone,GPay,0,
TXN04036,2026-01-20 10:03:36,USR00094,USR00437,3400.3,Fuel,P2M,Pune,Web,GPay,0,
TXN07941,2026-01-20 10:35:11,USR00351,USR00183,409.76,P2P Transfer,P2P,Ahmedabad,Web,AmazonPay,0,
TXN08298,2026-01-20 10:35:32,USR00236,USR00305,360.36,P2P Transfer,P2P,Lucknow,Android_Phone,PhonePe,0,
TXN06335,2026-01-20 10:37:47,USR00466,USR00373,276.03,Travel,P2P,Kolkata,Android_Phone,BHIM,0,
TXN07121,2026-01-20 10:39:39,USR00059,USR00061,8207.84,Education,P2P,Nagpur,Android_Phone,AmazonPay,0,
TXN02655,2026-01-20 11:05:32,USR00440,USR00434,4761.19,Shopping,P2M,Delhi,Tablet,AmazonPay,0,
TXN08981,2026-01-20 11:06:30,USR00430,USR00016,12800.61,Fuel,P2M,Delhi,iPhone,BHIM,0,
TXN03166,2026-01-20 11:08:15,USR00408,USR00094,356.73,Rent,P2P,Kolkata,Tablet,PhonePe,0,
TXN02281,2026-01-20 11:09:07,USR00438,USR00415,11867.42,Utilities,P2M,Chennai,Web,AmazonPay,0,
TXN02752,2026-01-20 11:14:29,USR00299,USR00045,470.67,Shopping,P2P,Nagpur,Web,PhonePe,0,
TXN04480,2026-01-20 11:31:25,USR00195,USR00379,283.5,Rent,P2M,Pune,Android_Phone,BHIM,0,
TXN02577,2026-01-20 11:31:32,USR00215,USR00440,1367.47,Healthcare,P2P,Chennai,Tablet,AmazonPay,0,
TXN00917,2026-01-20 11:31:52,USR00135,USR00375,211.61,Education,P2M,Chennai,Android_Phone,GPay,0,
TXN01118,2026-01-20 11:37:19,USR00422,USR00184,1170.94,Travel,P2P,Ahmedabad,Web,PhonePe,0,
TXN00291,2026-01-20 11:48:48,USR00184,USR00457,10291.74,Shopping,P2P,Jaipur,Android_Phone,GPay,0,
TXN00900,2026-01-20 11:57:00,USR00370,USR00485,1429.91,P2P Transfer,P2M,Ahmedabad,iPhone,AmazonPay,0,
TXN03804,2026-01-20 11:57:41,USR00139,USR00372,2096.53,Fuel,P2M,Jaipur,Web,GPay,0,
TXN06721,2026-01-20 12:01:27,USR00388,USR00396,1095.43,Entertainment,P2P,Nagpur,Web,BHIM,0,
TXN10203,2026-01-20 12:05:00,USR00183,USR00111,15903.32,Entertainment,P2P,Hyderabad,Tablet,AmazonPay,1,rapid_burst
TXN10204,2026-01-20 12:07:00,USR00183,USR00111,26651.27,Rent,P2P,Hyderabad,Tablet,AmazonPay,1,rapid_burst
TXN10205,2026-01-20 12:11:00,USR00183,USR00111,19048.86,Food Delivery,P2P,Hyderabad,Tablet,AmazonPay,1,rapid_burst
TXN04014,2026-01-20 12:12:12,USR00198,USR00194,501.79,Travel,P2M,Bengaluru,Web,AmazonPay,0,
TXN01965,2026-01-20 12:18:11,USR00060,USR00116,1087.11,Healthcare,P2M,Delhi,Web,PhonePe,0,
TXN09422,2026-01-20 12:18:41,USR00179,USR00314,1850.56,Food Delivery,P2P,Surat,Android_Phone,PhonePe,1,rapid_burst
TXN04852,2026-01-20 12:29:35,USR00485,USR00395,1632.07,Utilities,P2P,Hyderabad,iPhone,GPay,0,
TXN08360,2026-01-20 12:30:01,USR00228,USR00361,712.42,Grocery,P2M,Lucknow,Tablet,Paytm,0,
TXN08561,2026-01-20 12:54:25,USR00126,USR00229,377.55,Utilities,P2P,Ahmedabad,iPhone,AmazonPay,0,
TXN05089,2026-01-20 13:03:39,USR00165,USR00077,218.15,Rent,P2P,Mumbai,iPhone,PhonePe,0,
TXN09259,2026-01-20 13:22:49,USR00463,USR00230,1649.53,Fuel,P2P,Lucknow,iPhone,PhonePe,0,
TXN01012,2026-01-20 13:43:35,USR00370,USR00289,1732.17,Grocery,P2M,Ahmedabad,iPhone,AmazonPay,0,
TXN07346,2026-01-20 13:45:46,USR00198,USR00194,548.68,Travel,P2M,Bengaluru,Web,AmazonPay,0,
TXN00234,2026-01-20 14:03:14,USR00027,USR00170,268.76,Grocery,P2M,Mumbai,Web,PhonePe,0,
TXN05414,2026-01-20 14:29:59,USR00383,USR00352,266.69,Entertainment,P2M,Kolkata,Android_Phone,BHIM,0,
TXN03109,2026-01-20 14:33:12,USR00241,USR00050,3894.34,P2P Transfer,P2M,Chennai,Tablet,BHIM,0,
TXN01375,2026-01-20 14:34:00,USR00203,USR00129,336.99,P2P Transfer,P2M,Delhi,Android_Phone,Paytm,0,
TXN06213,2026-01-20 14:41:50,USR00408,USR00094,539.49,Rent,P2M,Kolkata,Tablet,PhonePe,0,
TXN06016,2026-01-20 14:51:52,USR00004,USR00360,767.58,Shopping,P2P,Lucknow,Web,PhonePe,0,
TXN08830,2026-01-20 15:03:48,USR00153,USR00125,1625.1,Healthcare,P2M,Surat,Web,BHIM,0,
TXN00218,2026-01-20 15:05:23,USR00307,USR00364,9713.06,P2P Transfer,P2P,Hyderabad,Web,Paytm,0,
TXN03851,2026-01-20 15:28:49,USR00074,USR00282,51.74,Rent,P2M,Nagpur,iPhone,AmazonPay,0,
TXN09882,2026-01-20 15:32:41,USR00462,USR00313,1858.69,Shopping,P2P,Pune,Web,GPay,1,new_location
TXN01980,2026-01-20 15:59:45,USR00483,USR00198,14557.6,Entertainment,P2M,Nagpur,iPhone,AmazonPay,0,
TXN04694,2026-01-20 16:07:58,USR00142,USR00034,9254.12,Food Delivery,P2P,Mumbai,Tablet,Paytm,0,
TXN08613,2026-01-20 16:09:45,USR00171,USR00211,2826.56,Grocery,P2M,Mumbai,iPhone,BHIM,0,
TXN08534,2026-01-20 16:10:22,USR00167,USR00490,5301.93,Education,P2M,Lucknow,Web,Paytm,0,
TXN08618,2026-01-20 16:23:43,USR00260,USR00488,6479.21,P2P Transfer,P2P,Pune,iPhone,Paytm,0,
TXN00135,2026-01-20 16:32:14,USR00052,USR00350,10907.13,Travel,P2P,Nagpur,Android_Phone,GPay,0,
TXN05454,2026-01-20 16:44:51,USR00039,USR00075,12551.61,Fuel,P2P,Surat,iPhone,GPay,0,
TXN09781,2026-01-20 16:53:20,USR00113,USR00207,1014.38,Utilities,P2M,Hyderabad,Tablet,Paytm,1,high_amount
TXN01408,2026-01-20 16:53:44,USR00115,USR00463,1967.36,Grocery,P2P,Jaipur,Android_Phone,PhonePe,0,
TXN02926,2026-01-20 17:02:14,USR00432,USR00375,236.25,P2P Transfer,P2M,Jaipur,Web,Paytm,0,
TXN03300,2026-01-20 18:11:10,USR00205,USR00359,1150.27,Shopping,P2M,Mumbai,Tablet,GPay,0,
TXN07027,2026-01-20 18:13:33,USR00088,USR00067,2682.16,Fuel,P2P,Lucknow,Android_Phone,Paytm,0,
TXN09607,2026-01-20 18:28:58,USR00341,USR00486,11463.71,P2P Transfer,P2M,Lucknow,Tablet,Paytm,1,new_receiver
TXN01923,2026-01-20 18:29:46,USR00286,USR00360,384.89,P2P Transfer,P2M,Chennai,Android_Phone,PhonePe,0,
TXN08283,2026-01-20 18:45:02,USR00334,USR00161,4151.11,Entertainment,P2P,Delhi,Tablet,GPay,0,
TXN06164,2026-01-20 18:46:42,USR00196,USR00238,438.66,Food Delivery,P2M,Hyderabad,Web,Paytm,0,
TXN08299,2026-01-20 18:50:46,USR00491,USR00179,97.52,Rent,P2M,Ahmedabad,Web,BHIM,0,
TXN02314,2026-01-20 18:52:48,USR00441,USR00257,67.48,P2P Transfer,P2M,Chennai,Android_Phone,PhonePe,0,
TXN03903,2026-01-20 18:59:58,USR00367,USR00430,1101.25,Travel,P2M,Surat,iPhone,AmazonPay,0,
TXN03197,2026-01-20 19:44:03,USR00330,USR00335,17528.59,Entertainment,P2M,Delhi,Tablet,Paytm,0,
TXN04649,2026-01-20 19:47:21,USR00475,USR00327,9027.39,Shopping,P2M,Chennai,Web,Paytm,0,
TXN09186,2026-01-20 19:55:01,USR00292,USR00461,299.03,Shopping,P2P,Jaipur,Android_Phone,PhonePe,0,
TXN06661,2026-01-20 19:56:10,USR00335,USR00326,436.8,Grocery,P2M,Delhi,Android_Phone,AmazonPay,0,
TXN01184,2026-01-20 20:04:56,USR00277,USR00028,17417.85,Entertainment,P2P,Bengaluru,Web,PhonePe,0,
TXN00722,2026-01-20 20:13:55,USR00265,USR00149,283.48,Food Delivery,P2P,Surat,Tablet,Paytm,0,
TXN07802,2026-01-20 20:14:14,USR00376,USR00293,12721.66,Travel,P2M,Surat,iPhone,AmazonPay,0,
TXN04230,2026-01-20 20:14:33,USR00077,USR00282,756.69,P2P Transfer,P2M,Ahmedabad,iPhone,BHIM,0,
TXN01269,2026-01-20 20:18:32,USR00200,USR00429,785.23,Shopping,P2P,Jaipur,Android_Phone,GPay,0,
TXN07005,2026-01-20 20:32:47,USR00224,USR00011,138.03,Utilities,P2P,Mumbai,Web,Paytm,0,
TXN01172,2026-01-20 20:36:55,USR00269,USR00421,294.98,Travel,P2P,Mumbai,Android_Phone,BHIM,0,
TXN07808,2026-01-20 20:52:01,USR00459,USR00104,16294.58,Travel,P2P,Pune,Tablet,PhonePe,0,
TXN01783,2026-01-20 20:53:53,USR00367,USR00430,1654.62,Fuel,P2P,Surat,iPhone,AmazonPay,0,
TXN01782,2026-01-20 20:54:39,USR00196,USR00157,479.7,Healthcare,P2M,Hyderabad,Web,Paytm,0,
TXN06614,2026-01-20 21:10:12,USR00023,USR00234,1137.09,Fuel,P2M,Delhi,Web,AmazonPay,0,
TXN03955,2026-01-20 21:11:00,USR00278,USR00410,767.44,Utilities,P2P,Bengaluru,iPhone,Paytm,0,
TXN03502,2026-01-20 21:15:47,USR00371,USR00189,338.98,Entertainment,P2M,Pune,Tablet,PhonePe,0,
TXN04196,2026-01-20 21:22:45,USR00384,USR00141,187.55,Utilities,P2P,Jaipur,Web,BHIM,0,
TXN05334,2026-01-20 21:32:49,USR00381,USR00179,9722.23,Shopping,P2P,Ahmedabad,iPhone,AmazonPay,0,
TXN00981,2026-01-20 21:45:47,USR00014,USR00117,2618.92,Utilities,P2P,Mumbai,Web,GPay,0,
TXN05085,2026-01-20 21:50:06,USR00019,USR00474,5866.32,Healthcare,P2M,Bengaluru,Android_Phone,BHIM,0,
TXN09721,2026-01-20 21:57:40,USR00080,USR00135,14625.51,Rent,P2P,Delhi,Android_Phone,BHIM,1,new_device
TXN02506,2026-01-20 21:58:08,USR00352,USR00109,595.07,Shopping,P2M,Jaipur,Tablet,Paytm,0,
TXN07436,2026-01-20 22:00:41,USR00042,USR00386,4696.83,P2P Transfer,P2P,Surat,Tablet,BHIM,0,
TXN04992,2026-01-20 22:10:58,USR00237,USR00443,188.05,Healthcare,P2P,Bengaluru,Android_Phone,PhonePe,0,
TXN04189,2026-01-20 22:14:48,USR00048,USR00172,1475.69,Rent,P2M,Kolkata,Web,BHIM,0,
TXN04019,2026-01-20 22:16:38,USR00319,USR00301,1348.44,Shopping,P2P,Nagpur,iPhone,PhonePe,0,
TXN02336,2026-01-20 22:44:25,USR00366,USR00375,9252.9,Fuel,P2M,Chennai,Web,BHIM,0,
TXN04407,2026-01-20 22:44:55,USR00302,USR00015,2628.85,Grocery,P2P,Surat,Tablet,PhonePe,0,
TXN02549,2026-01-20 22:48:22,USR00452,USR00449,796.84,P2P Transfer,P2P,Pune,Web,BHIM,0,
TXN09573,2026-01-21 00:46:13,USR00065,USR00041,589.74,P2P Transfer,P2P,Pune,Android_Phone,PhonePe,1,"odd_hour,rapid_burst"
TXN09633,2026-01-21 01:59:26,USR00462,USR00313,2362.43,Fuel,P2M,Hyderabad,Web,GPay,1,odd_hour
TXN09670,2026-01-21 04:27:18,USR00097,USR00443,15090.12,Education,P2P,Bengaluru,Web,GPay,1,"high_amount,odd_hour"
TXN09817,2026-01-21 04:55:33,USR00479,USR00192,641.98,P2P Transfer,P2M,Hyderabad,iPhone,AmazonPay,1,odd_hour
TXN04858,2026-01-21 06:13:38,USR00461,USR00285,821.81,Healthcare,P2P,Nagpur,Tablet,AmazonPay,0,
TXN01023,2026-01-21 06:20:08,USR00411,USR00478,651.88,Travel,P2M,Chennai,Web,Paytm,0,
TXN04720,2026-01-21 06:52:45,USR00002,USR00079,2896.26,Food Delivery,P2M,Chennai,Tablet,Paytm,0,
TXN05991,2026-01-21 06:54:29,USR00335,USR00155,416.35,Entertainment,P2M,Delhi,Android_Phone,AmazonPay,0,
TXN02349,2026-01-21 07:25:08,USR00427,USR00326,1342.78,Grocery,P2M,Jaipur,Web,AmazonPay,0,
TXN05257,2026-01-21 08:00:48,USR00483,USR00198,13958.28,Healthcare,P2M,Nagpur,iPhone,AmazonPay,0,
TXN08964,2026-01-21 08:09:23,USR00172,USR00387,3421.42,Grocery,P2P,Surat,Tablet,Paytm,0,
TXN08290,2026-01-21 08:21:14,USR00026,USR00175,2026.16,Rent,P2P,Lucknow,Web,Paytm,0,
TXN01002,2026-01-21 08:26:30,USR00445,USR00335,877.64,Fuel,P2P,Pune,Web,Paytm,0,
TXN07368,2026-01-21 08:45:17,USR00167,USR00490,9104.66,Food Delivery,P2P,Lucknow,Web,Paytm,0,
TXN01917,2026-01-21 08:48:07,USR00273,USR00400,6408.71,Fuel,P2P,Surat,iPhone,BHIM,0,
TXN01642,2026-01-21 09:13:04,USR00055,USR00194,39.72,Healthcare,P2P,Lucknow,Tablet,Paytm,0,
TXN09087,2026-01-21 09:17:54,USR00496,USR00075,625.17,Education,P2P,Lucknow,iPhone,PhonePe,0,
TXN06883,2026-01-21 09:21:19,USR00016,USR00239,151.94,Education,P2M,Surat,Android_Phone,GPay,0,
TXN08475,2026-01-21 09:24:25,USR00418,USR00402,2605.89,Travel,P2P,Kolkata,Web,BHIM,0,
TXN05875,2026-01-21 09:24:53,USR00457,USR00305,8600.4,Utilities,P2M,Lucknow,Web,GPay,0,
TXN00313,2026-01-21 09:35:23,USR00242,USR00352,17410.93,P2P Transfer,P2M,Kolkata,Android_Phone,Paytm,0,
TXN08741,2026-01-21 09:51:27,USR00321,USR00078,116.27,Utilities,P2P,Jaipur,Android_Phone,GPay,0,
TXN02857,2026-01-21 10:01:38,USR00288,USR00105,14552.04,Healthcare,P2M,Pune,Tablet,PhonePe,0,
TXN04193,2026-01-21 10:01:48,USR00369,USR00261,631.94,Entertainment,P2M,Bengaluru,Web,AmazonPay,0,
TXN02032,2026-01-21 10:09:38,USR00136,USR00069,667.56,Fuel,P2P,Nagpur,Tablet,BHIM,0,
TXN02318,2026-01-21 10:34:21,USR00178,USR00120,343.08,Travel,P2M,Surat,Web,GPay,0,
TXN02087,2026-01-21 10:40:22,USR00004,USR00360,895.88,Food Delivery,P2M,Lucknow,Web,PhonePe,0,
TXN02621,2026-01-21 10:57:36,USR00092,USR00484,10999.66,Healthcare,P2P,Bengaluru,Android_Phone,Paytm,0,
TXN09485,2026-01-21 11:04:05,USR00066,USR00361,71598.44,Rent,P2P,Nagpur,Android_Phone,Paytm,1,"new_device,high_amount"
TXN02232,2026-01-21 11:06:00,USR00051,USR00475,12030.79,Utilities,P2P,Bengaluru,Android_Phone,Paytm,0,
TXN08479,2026-01-21 11:15:31,USR00288,USR00105,15085.64,Fuel,P2P,Pune,Tablet,PhonePe,0,
TXN07975,2026-01-21 11:24:51,USR00066,USR00016,4981.84,Fuel,P2M,Nagpur,Tablet,Paytm,0,
TXN02602,2026-01-21 11:27:54,USR00176,USR00438,141.0,P2P Transfer,P2P,Bengaluru,iPhone,AmazonPay,0,
TXN06697,2026-01-21 11:33:54,USR00084,USR00118,2029.86,Shopping,P2P,Ahmedabad,iPhone,Paytm,0,
TXN08884,2026-01-21 11:56:07,USR00476,USR00174,14856.13,Grocery,P2M,Delhi,Android_Phone,AmazonPay,0,
TXN09358,2026-01-21 11:57:28,USR00291,USR00283,10433.18,Travel,P2P,Lucknow,Tablet,BHIM,0,
TXN06675,2026-01-21 12:12:10,USR00443,USR00396,1208.99,Utilities,P2P,Delhi,Web,PhonePe,0,
TXN08945,2026-01-21 12:17:53,USR00218,USR00434,561.49,Education,P2M,Nagpur,Web,BHIM,0,
TXN00246,2026-01-21 12:24:49,USR00436,USR00000,9122.68,Entertainment,P2P,Chennai,Web,GPay,0,
TXN05968,2026-01-21 12:28:11,USR00056,USR00264,3935.19,Fuel,P2M,Hyderabad,Web,PhonePe,0,
TXN08144,2026-01-21 12:31:55,USR00108,USR00369,9100.11,Utilities,P2P,Chennai,Tablet,Paytm,0,
TXN06111,2026-01-21 12:44:41,USR00339,USR00395,11552.84,P2P Transfer,P2M,Mumbai,Tablet,AmazonPay,0,
TXN07434,2026-01-21 12:46:58,USR00169,USR00177,18097.94,Shopping,P2M,Mumbai,Web,BHIM,0,
TXN04418,2026-01-21 13:00:16,USR00261,USR00318,11274.33,Healthcare,P2M,Hyderabad,iPhone,Paytm,0,
TXN01199,2026-01-21 13:13:35,USR00357,USR00027,12289.74,Healthcare,P2M,Mumbai,Web,PhonePe,0,
TXN08461,2026-01-21 13:27:59,USR00041,USR00411,12875.62,Grocery,P2M,Pune,Tablet,AmazonPay,0,
TXN01063,2026-01-21 13:29:23,USR00282,USR00085,1436.3,Utilities,P2M,Pune,Android_Phone,GPay,0,
TXN07120,2026-01-21 13:32:48,USR00330,USR00335,10478.4,Utilities,P2P,Delhi,Tablet,Paytm,0,
TXN08988,2026-01-21 13:50:30,USR00064,USR00397,536.3,Shopping,P2P,Lucknow,Tablet,BHIM,0,
TXN02291,2026-01-21 13:58:22,USR00406,USR00323,427.8,Grocery,P2M,Lucknow,Tablet,PhonePe,0,
TXN04568,2026-01-21 14:05:40,USR00286,USR00220,515.57,P2P Transfer,P2M,Chennai,Android_Phone,PhonePe,0,
TXN02397,2026-01-21 14:06:45,USR00426,USR00097,41.6,Travel,P2M,Jaipur,Web,Paytm,0,
TXN00438,2026-01-21 14:10:53,USR00241,USR00023,6988.98,P2P Transfer,P2P,Chennai,Tablet,BHIM,0,
TXN06701,2026-01-21 14:11:37,USR00159,USR00291,5179.16,Entertainment,P2M,Kolkata,Android_Phone,PhonePe,0,
TXN05184,2026-01-21 14:14:47,USR00085,USR00300,495.92,Travel,P2P,Delhi,iPhone,BHIM,0,
TXN04411,2026-01-21 14:26:22,USR00441,USR00257,95.41,Travel,P2M,Chennai,Android_Phone,PhonePe,0,
TXN05286,2026-01-21 14:44:48,USR00208,USR00223,275.55,Rent,P2M,Mumbai,Web,GPay,0,
TXN01644,2026-01-21 14:53:38,USR00453,USR00195,64.24,Rent,P2P,Surat,Tablet,AmazonPay,0,
TXN05569,2026-01-21 15:26:33,USR00153,USR00412,2713.67,Education,P2M,Surat,Web,BHIM,0,
TXN01576,2026-01-21 15:33:52,USR00074,USR00007,71.23,Travel,P2P,Nagpur,iPhone,AmazonPay,0,
TXN04991,2026-01-21 15:44:48,USR00129,USR00466,7501.65,Grocery,P2P,Ahmedabad,Web,PhonePe,0,
TXN04358,2026-01-21 15:48:53,USR00305,USR00495,367.66,Fuel,P2P,Hyderabad,iPhone,Paytm,0,
TXN02510,2026-01-21 15:59:14,USR00210,USR00324,2401.15,Education,P2P,Bengaluru,Web,BHIM,0,
TXN01677,2026-01-21 16:01:15,USR00208,USR00118,402.26,Utilities,P2M,Mumbai,Web,GPay,0,
TXN04687,2026-01-21 16:03:39,USR00460,USR00201,459.71,Travel,P2P,Lucknow,Android_Phone,AmazonPay,0,
TXN09152,2026-01-21 16:20:34,USR00380,USR00047,11091.0,Shopping,P2M,Jaipur,Android_Phone,AmazonPay,0,
TXN05745,2026-01-21 16:25:07,USR00355,USR00489,2575.85,Travel,P2M,Delhi,Android_Phone,AmazonPay,0,
TXN09288,2026-01-21 16:26:46,USR00312,USR00027,487.6,Food Delivery,P2M,Jaipur,Tablet,PhonePe,0,
TXN05887,2026-01-21 16:30:59,USR00351,USR00162,233.2,Education,P2P,Ahmedabad,Web,AmazonPay,0,
TXN06129,2026-01-21 16:42:16,USR00039,USR00412,9150.45,Travel,P2M,Surat,iPhone,GPay,0,
TXN05241,2026-01-21 16:51:46,USR00256,USR00134,292.5,Travel,P2P,Jaipur,Web,AmazonPay,0,
TXN00128,2026-01-21 17:37:03,USR00432,USR00375,191.29,Fuel,P2M,Jaipur,Web,Paytm,0,
TXN04166,2026-01-21 17:44:20,USR00319,USR00301,1143.91,Rent,P2M,Nagpur,iPhone,PhonePe,0,
TXN07524,2026-01-21 17:54:04,USR00446,USR00191,4325.01,Education,P2M,Pune,Android_Phone,GPay,0,
TXN01057,2026-01-21 17:59:55,USR00422,USR00184,1004.76,Healthcare,P2M,Ahmedabad,Web,PhonePe,0,
TXN05432,2026-01-21 18:41:02,USR00456,USR00226,15915.89,Healthcare,P2P,Kolkata,Web,Paytm,0,
TXN09391,2026-01-21 18:54:10,USR00397,USR00434,1153.71,P2P Transfer,P2M,Jaipur,Android_Phone,Paytm,0,
TXN00645,2026-01-21 19:01:09,USR00244,USR00303,12237.56,Utilities,P2P,Ahmedabad,iPhone,PhonePe,0,
TXN00519,2026-01-21 19:01:35,USR00153,USR00413,2804.39,Fuel,P2M,Surat,Web,BHIM,0,
TXN05129,2026-01-21 19:02:59,USR00258,USR00241,425.11,Rent,P2P,Pune,Android_Phone,BHIM,0,
TXN03800,2026-01-21 19:03:15,USR00097,USR00338,2890.67,Fuel,P2P,Bengaluru,Web,GPay,0,
TXN03107,2026-01-21 19:08:14,USR00445,USR00304,1863.2,Travel,P2P,Pune,Web,Paytm,0,
TXN02265,2026-01-21 19:10:42,USR00232,USR00140,146.94,Entertainment,P2P,Hyderabad,iPhone,AmazonPay,0,
TXN02255,2026-01-21 19:12:12,USR00229,USR00261,11287.08,Travel,P2P,Nagpur,Web,AmazonPay,0,
TXN00709,2026-01-21 19:20:13,USR00428,USR00337,145.3,Food Delivery,P2P,Nagpur,Web,AmazonPay,0,
TXN03041,2026-01-21 19:23:50,USR00249,USR00330,15127.62,Rent,P2P,Nagpur,iPhone,PhonePe,0,
TXN02000,2026-01-21 19:33:15,USR00303,USR00428,49.76,P2P Transfer,P2P,Chennai,Web,GPay,0,
TXN04289,2026-01-21 19:49:49,USR00356,USR00379,10372.65,Shopping,P2M,Pune,Android_Phone,BHIM,0,
TXN08123,2026-01-21 20:13:57,USR00497,USR00467,13715.22,Utilities,P2M,Hyderabad,Web,BHIM,0,
TXN02360,2026-01-21 20:26:56,USR00271,USR00254,256.39,Grocery,P2P,Nagpur,Tablet,PhonePe,0,
TXN02973,2026-01-21 20:38:58,USR00187,USR00117,2896.19,Rent,P2M,Jaipur,Tablet,PhonePe,0,
TXN03744,2026-01-21 20:46:45,USR00075,USR00260,4747.45,Food Delivery,P2M,Ahmedabad,iPhone,BHIM,0,
TXN01878,2026-01-21 20:52:56,USR00133,USR00219,1506.23,Rent,P2P,Surat,Android_Phone,GPay,0,
TXN07532,2026-01-21 20:53:49,USR00398,USR00384,13415.7,Education,P2M,Kolkata,Web,GPay,0,
TXN05413,2026-01-21 21:37:26,USR00227,USR00134,4595.47,Utilities,P2M,Ahmedabad,iPhone,BHIM,0,
TXN08274,2026-01-21 21:43:29,USR00240,USR00108,529.12,Utilities,P2M,Delhi,Web,BHIM,0,
TXN06250,2026-01-21 22:02:40,USR00073,USR00104,327.28,Fuel,P2P,Surat,Tablet,PhonePe,0,
TXN01827,2026-01-21 22:13:45,USR00134,USR00283,2662.83,Education,P2M,Delhi,Web,BHIM,0,
TXN02785,2026-01-21 22:20:14,USR00061,USR00326,16257.52,Rent,P2P,Nagpur,Web,BHIM,0,
TXN05683,2026-01-21 22:28:15,USR00208,USR00223,484.09,Utilities,P2M,Mumbai,Web,GPay,0,
TXN06056,2026-01-21 22:28:45,USR00116,USR00090,3733.93,Travel,P2M,Surat,iPhone,BHIM,0,
TXN05223,2026-01-21 22:30:13,USR00437,USR00011,468.04,Shopping,P2P,Pune,iPhone,Paytm,0,
TXN05024,2026-01-21 22:31:15,USR00167,USR00126,9866.03,Healthcare,P2P,Lucknow,Web,Paytm,0,
TXN08152,2026-01-21 22:43:03,USR00420,USR00499,1734.13,Fuel,P2P,Nagpur,Android_Phone,BHIM,0,
TXN05399,2026-01-21 22:51:06,USR00016,USR00442,176.98,Rent,P2M,Surat,Android_Phone,GPay,0,
TXN09879,2026-01-22 02:34:13,USR00129,USR00046,11591.57,Utilities,P2P,Ahmedabad,Web,PhonePe,1,odd_hour
TXN09597,2026-01-22 04:25:06,USR00431,USR00475,8864.12,Fuel,P2P,Lucknow,Android_Phone,GPay,1,"new_location,odd_hour"
TXN05062,2026-01-22 06:10:02,USR00399,USR00006,13930.93,P2P Transfer,P2M,Delhi,Tablet,PhonePe,0,
TXN00771,2026-01-22 06:11:21,USR00348,USR00378,297.13,Utilities,P2P,Pune,Tablet,AmazonPay,0,
TXN02629,2026-01-22 06:11:49,USR00304,USR00346,1316.72,Fuel,P2M,Surat,iPhone,BHIM,0,
TXN03365,2026-01-22 06:38:20,USR00450,USR00248,459.52,Healthcare,P2M,Kolkata,iPhone,AmazonPay,0,
TXN09564,2026-01-22 06:41:15,USR00137,USR00158,160.28,Shopping,P2M,Bengaluru,iPhone,AmazonPay,1,new_location
TXN06802,2026-01-22 06:46:24,USR00399,USR00235,12390.33,Utilities,P2M,Delhi,Tablet,PhonePe,0,
TXN04885,2026-01-22 06:50:46,USR00172,USR00102,1989.47,Food Delivery,P2P,Surat,Tablet,Paytm,0,
TXN03609,2026-01-22 07:05:56,USR00377,USR00264,782.63,Fuel,P2P,Bengaluru,Android_Phone,BHIM,0,
TXN08766,2026-01-22 07:15:46,USR00286,USR00220,611.02,Shopping,P2P,Chennai,Android_Phone,PhonePe,0,
TXN01641,2026-01-22 07:23:02,USR00193,USR00274,598.36,Rent,P2M,Chennai,Tablet,PhonePe,0,
TXN07682,2026-01-22 07:26:48,USR00431,USR00426,9121.04,Entertainment,P2P,Pune,Android_Phone,GPay,0,
TXN08821,2026-01-22 07:35:41,USR00133,USR00294,1236.84,Utilities,P2P,Surat,Android_Phone,GPay,0,
TXN03389,2026-01-22 07:46:08,USR00421,USR00242,2433.17,Rent,P2M,Jaipur,Android_Phone,Paytm,0,
TXN04173,2026-01-22 07:47:18,USR00088,USR00046,2295.42,Grocery,P2P,Lucknow,Android_Phone,Paytm,0,
TXN01468,2026-01-22 07:51:52,USR00390,USR00265,88.97,Shopping,P2P,Surat,Web,GPay,0,
TXN07623,2026-01-22 08:05:06,USR00345,USR00384,1384.93,Rent,P2P,Pune,Android_Phone,Paytm,0,
TXN01597,2026-01-22 08:11:41,USR00041,USR00356,10041.04,Food Delivery,P2P,Pune,Tablet,AmazonPay,0,
TXN02133,2026-01-22 08:24:08,USR00097,USR00443,2350.02,Food Delivery,P2P,Bengaluru,Web,GPay,0,
TXN02745,2026-01-22 08:51:30,USR00439,USR00304,12689.65,Healthcare,P2P,Nagpur,Tablet,GPay,0,
TXN08351,2026-01-22 09:07:08,USR00076,USR00395,2035.21,Healthcare,P2P,Delhi,iPhone,Paytm,0,
TXN09281,2026-01-22 09:12:10,USR00132,USR00024,4807.83,Entertainment,P2P,Delhi,Tablet,PhonePe,0,
TXN02659,2026-01-22 09:37:37,USR00450,USR00248,385.77,Healthcare,P2M,Kolkata,iPhone,AmazonPay,0,
TXN02840,2026-01-22 09:38:50,USR00207,USR00153,15472.91,Utilities,P2P,Nagpur,iPhone,PhonePe,0,
TXN07536,2026-01-22 09:41:28,USR00000,USR00379,305.63,Utilities,P2M,Nagpur,iPhone,AmazonPay,0,
TXN06755,2026-01-22 09:53:46,USR00415,USR00122,7699.32,Food Delivery,P2P,Pune,Tablet,AmazonPay,0,
TXN02376,2026-01-22 10:11:37,USR00283,USR00368,15905.95,Utilities,P2M,Chennai,Android_Phone,GPay,0,
TXN05646,2026-01-22 10:19:23,USR00249,USR00027,15929.09,Travel,P2P,Nagpur,iPhone,PhonePe,0,
TXN06284,2026-01-22 10:21:20,USR00088,USR00067,2958.92,Rent,P2P,Lucknow,Android_Phone,Paytm,0,
TXN07711,2026-01-22 10:26:52,USR00499,USR00195,900.9,Rent,P2P,Surat,Tablet,BHIM,0,
TXN02337,2026-01-22 10:39:55,USR00273,USR00195,7169.81,P2P Transfer,P2P,Surat,iPhone,BHIM,0,
TXN03852,2026-01-22 11:08:15,USR00028,USR00483,17129.04,Utilities,P2P,Delhi,Android_Phone,PhonePe,0,
TXN00906,2026-01-22 11:18:58,USR00224,USR00434,184.12,P2P Transfer,P2P,Mumbai,Web,Paytm,0,
TXN07489,2026-01-22 11:21:47,USR00157,USR00046,2011.86,Rent,P2P,Ahmedabad,Web,BHIM,0,
TXN07741,2026-01-22 11:22:45,USR00379,USR00103,306.2,Healthcare,P2P,Pune,Android_Phone,AmazonPay,0,
TXN07444,2026-01-22 11:24:47,USR00159,USR00291,6916.07,Food Delivery,P2P,Kolkata,Android_Phone,PhonePe,0,
TXN03652,2026-01-22 11:31:40,USR00466,USR00393,420.29,P2P Transfer,P2P,Kolkata,Android_Phone,BHIM,0,
TXN02650,2026-01-22 11:45:06,USR00031,USR00403,447.21,Fuel,P2P,Hyderabad,iPhone,BHIM,0,
TXN09255,2026-01-22 11:46:17,USR00033,USR00328,951.96,Utilities,P2P,Hyderabad,Android_Phone,AmazonPay,0,
TXN07747,2026-01-22 11:51:26,USR00036,USR00341,153.51,Education,P2P,Nagpur,Android_Phone,Paytm,0,
TXN07408,2026-01-22 11:55:25,USR00195,USR00379,318.8,Healthcare,P2P,Pune,Android_Phone,BHIM,0,
TXN06266,2026-01-22 12:00:06,USR00071,USR00082,91.0,Fuel,P2P,Surat,Web,Paytm,0,
TXN00102,2026-01-22 12:39:59,USR00145,USR00460,5917.83,Travel,P2M,Ahmedabad,Android_Phone,GPay,0,
TXN02066,2026-01-22 12:40:01,USR00027,USR00394,293.25,P2P Transfer,P2M,Mumbai,Web,PhonePe,0,
TXN01811,2026-01-22 13:08:31,USR00143,USR00293,2536.72,Travel,P2M,Chennai,Web,Paytm,0,
TXN07673,2026-01-22 13:12:41,USR00439,USR00419,10835.66,P2P Transfer,P2P,Nagpur,Tablet,GPay,0,
TXN03023,2026-01-22 13:18:47,USR00468,USR00307,8373.98,Food Delivery,P2M,Delhi,Tablet,AmazonPay,0,
TXN05716,2026-01-22 13:29:14,USR00032,USR00420,517.75,Fuel,P2P,Chennai,Tablet,PhonePe,0,
TXN08196,2026-01-22 13:47:28,USR00043,USR00248,1660.43,Healthcare,P2P,Pune,Web,PhonePe,0,
TXN09873,2026-01-22 13:52:19,USR00314,USR00250,109199.17,Grocery,P2P,Bengaluru,iPhone,GPay,1,"high_amount,rapid_burst"
TXN09863,2026-01-22 14:03:28,USR00481,USR00191,907.37,Shopping,P2P,Bengaluru,Android_Phone,GPay,1,"rapid_burst,new_device"
TXN03521,2026-01-22 14:16:29,USR00375,USR00418,3061.26,Entertainment,P2P,Bengaluru,iPhone,PhonePe,0,
TXN09379,2026-01-22 14:28:07,USR00352,USR00109,418.23,Travel,P2P,Jaipur,Tablet,Paytm,0,
TXN08943,2026-01-22 14:30:32,USR00458,USR00070,1577.77,Food Delivery,P2P,Bengaluru,Web,PhonePe,0,
TXN08888,2026-01-22 14:54:13,USR00004,USR00023,1494.76,Rent,P2M,Lucknow,Web,PhonePe,0,
TXN00174,2026-01-22 15:01:34,USR00058,USR00283,10058.08,Grocery,P2M,Hyderabad,iPhone,AmazonPay,0,
TXN04094,2026-01-22 15:04:15,USR00305,USR00156,598.76,P2P Transfer,P2M,Hyderabad,iPhone,Paytm,0,
TXN00685,2026-01-22 15:12:22,USR00493,USR00246,98.7,Education,P2M,Jaipur,iPhone,GPay,0,
TXN03106,2026-01-22 15:12:32,USR00241,USR00023,4854.85,Food Delivery,P2M,Chennai,Tablet,BHIM,0,
TXN07339,2026-01-22 15:13:28,USR00237,USR00470,342.45,Grocery,P2P,Bengaluru,Android_Phone,PhonePe,0,
TXN06116,2026-01-22 15:30:59,USR00161,USR00170,141.65,Education,P2M,Mumbai,Android_Phone,BHIM,0,
TXN07351,2026-01-22 15:31:19,USR00176,USR00207,220.28,Grocery,P2P,Bengaluru,iPhone,AmazonPay,0,
TXN08399,2026-01-22 15:31:49,USR00351,USR00162,381.86,Rent,P2P,Ahmedabad,Web,AmazonPay,0,
TXN06236,2026-01-22 15:38:05,USR00142,USR00398,8444.0,Shopping,P2P,Mumbai,Tablet,Paytm,0,
TXN09651,2026-01-22 16:19:48,USR00400,USR00241,599.35,P2P Transfer,P2P,Pune,Web,Paytm,1,rapid_burst
TXN05360,2026-01-22 16:21:02,USR00310,USR00065,5326.79,Grocery,P2M,Hyderabad,iPhone,Paytm,0,
TXN01676,2026-01-22 16:33:36,USR00316,USR00449,13600.78,Rent,P2M,Surat,Android_Phone,Paytm,0,
TXN00748,2026-01-22 16:59:08,USR00138,USR00188,12480.38,Food Delivery,P2P,Surat,Android_Phone,BHIM,0,
TXN01836,2026-01-22 17:06:46,USR00379,USR00008,325.45,Fuel,P2P,Pune,Android_Phone,AmazonPay,0,
TXN09144,2026-01-22 17:37:45,USR00247,USR00044,3206.13,Utilities,P2P,Lucknow,Tablet,PhonePe,0,
TXN01668,2026-01-22 17:50:36,USR00187,USR00235,1963.66,Grocery,P2P,Jaipur,Tablet,PhonePe,0,
TXN05152,2026-01-22 17:54:10,USR00412,USR00246,935.39,P2P Transfer,P2P,Jaipur,Tablet,GPay,0,
TXN05160,2026-01-22 18:01:17,USR00370,USR00091,1799.68,Travel,P2M,Ahmedabad,iPhone,AmazonPay,0,
TXN09260,2026-01-22 18:07:54,USR00226,USR00219,7087.51,P2P Transfer,P2M,Ahmedabad,iPhone,Paytm,0,
TXN02524,2026-01-22 18:10:20,USR00209,USR00283,982.23,Rent,P2P,Pune,Tablet,PhonePe,0,
TXN01489,2026-01-22 18:15:01,USR00482,USR00097,92.94,P2P Transfer,P2P,Jaipur,Tablet,BHIM,0,
TXN02364,2026-01-22 18:19:02,USR00419,USR00278,3259.29,Utilities,P2P,Mumbai,iPhone,BHIM,0,
TXN03769,2026-01-22 18:38:55,USR00265,USR00149,323.1,Fuel,P2M,Surat,Tablet,Paytm,0,
TXN01300,2026-01-22 18:49:01,USR00194,USR00300,5318.07,Fuel,P2M,Delhi,Android_Phone,AmazonPay,0,
TXN03749,2026-01-22 18:52:03,USR00129,USR00425,8213.92,Healthcare,P2P,Ahmedabad,Web,PhonePe,0,
TXN02465,2026-01-22 19:10:05,USR00335,USR00493,441.77,Shopping,P2M,Delhi,Android_Phone,AmazonPay,0,
TXN01082,2026-01-22 19:22:41,USR00244,USR00067,10288.64,P2P Transfer,P2M,Ahmedabad,iPhone,PhonePe,0,
TXN07024,2026-01-22 19:34:46,USR00477,USR00018,198.0,Grocery,P2P,Surat,Web,PhonePe,0,
TXN06199,2026-01-22 19:35:00,USR00166,USR00166,358.58,Shopping,P2P,Jaipur,iPhone,BHIM,0,
TXN04998,2026-01-22 19:35:42,USR00061,USR00444,11704.77,Education,P2P,Nagpur,Web,BHIM,0,
TXN01477,2026-01-22 19:50:25,USR00307,USR00364,6762.95,Shopping,P2M,Hyderabad,Web,Paytm,0,
TXN06485,2026-01-22 20:02:09,USR00097,USR00443,1810.07,Rent,P2M,Bengaluru,Web,GPay,0,
TXN04081,2026-01-22 20:03:18,USR00342,USR00440,583.19,Healthcare,P2M,Nagpur,Web,PhonePe,0,
TXN05029,2026-01-22 20:17:16,USR00482,USR00472,69.64,Entertainment,P2P,Jaipur,Tablet,BHIM,0,
TXN02624,2026-01-22 20:35:41,USR00232,USR00115,58.1,Fuel,P2P,Hyderabad,iPhone,AmazonPay,0,
TXN08309,2026-01-22 20:56:52,USR00442,USR00201,2252.37,Travel,P2M,Pune,Android_Phone,Paytm,0,
TXN02286,2026-01-22 22:00:55,USR00010,USR00222,8852.8,P2P Transfer,P2M,Surat,Web,BHIM,0,
TXN01331,2026-01-22 22:02:44,USR00116,USR00487,1891.3,Healthcare,P2M,Surat,iPhone,BHIM,0,
TXN08934,2026-01-22 22:05:38,USR00442,USR00075,1317.66,Entertainment,P2M,Pune,Android_Phone,Paytm,0,
TXN04131,2026-01-22 22:13:47,USR00046,USR00308,12441.37,Grocery,P2P,Jaipur,Tablet,Paytm,0,
TXN01532,2026-01-22 22:21:10,USR00312,USR00445,667.06,P2P Transfer,P2M,Jaipur,Tablet,PhonePe,0,
TXN09044,2026-01-22 22:22:51,USR00383,USR00411,109.93,P2P Transfer,P2P,Kolkata,Android_Phone,BHIM,0,
TXN03328,2026-01-22 22:25:22,USR00140,USR00367,454.28,Education,P2M,Hyderabad,Web,BHIM,0,
TXN07512,2026-01-22 22:48:45,USR00402,USR00491,3223.96,Education,P2P,Kolkata,Tablet,PhonePe,0,
TXN07141,2026-01-22 22:52:51,USR00011,USR00101,8464.46,Entertainment,P2M,Surat,Web,AmazonPay,0,
TXN09575,2026-01-23 00:08:45,USR00253,USR00373,279.19,Entertainment,P2P,Hyderabad,Android_Phone,PhonePe,1,odd_hour
TXN03537,2026-01-23 06:04:32,USR00430,USR00016,13442.09,Utilities,P2M,Delhi,iPhone,BHIM,0,
TXN02221,2026-01-23 06:23:22,USR00368,USR00207,1345.76,Utilities,P2P,Lucknow,Android_Phone,AmazonPay,0,
TXN03338,2026-01-23 06:48:27,USR00131,USR00388,7284.35,Travel,P2M,Ahmedabad,Web,BHIM,0,
TXN04064,2026-01-23 06:48:48,USR00459,USR00104,13000.42,Utilities,P2M,Pune,Tablet,PhonePe,0,
TXN07810,2026-01-23 06:53:37,USR00072,USR00129,2952.69,Food Delivery,P2P,Delhi,Tablet,BHIM,0,
TXN05349,2026-01-23 06:58:43,USR00178,USR00031,357.63,Utilities,P2P,Surat,Web,GPay,0,
TXN06247,2026-01-23 07:01:54,USR00488,USR00353,179.69,Rent,P2P,Bengaluru,Tablet,BHIM,0,
TXN04701,2026-01-23 07:07:53,USR00083,USR00125,10532.5,Fuel,P2M,Kolkata,Web,AmazonPay,0,
TXN08822,2026-01-23 07:43:19,USR00074,USR00282,89.65,Healthcare,P2M,Nagpur,iPhone,AmazonPay,0,
TXN05306,2026-01-23 07:48:31,USR00165,USR00077,288.02,Travel,P2M,Mumbai,iPhone,PhonePe,0,
TXN04708,2026-01-23 08:00:58,USR00132,USR00154,6698.53,Utilities,P2M,Delhi,Tablet,PhonePe,0,
TXN03120,2026-01-23 08:05:41,USR00281,USR00290,98.68,Rent,P2P,Nagpur,Android_Phone,PhonePe,0,
TXN04264,2026-01-23 08:21:59,USR00174,USR00152,287.46,Utilities,P2P,Mumbai,Web,AmazonPay,0,
TXN01315,2026-01-23 08:23:04,USR00124,USR00403,1357.6,P2P Transfer,P2P,Delhi,iPhone,AmazonPay,0,
TXN09986,2026-01-23 08:24:50,USR00034,USR00305,1724.16,Entertainment,P2P,Bengaluru,Web,Paytm,1,new_location
TXN03932,2026-01-23 08:24:56,USR00466,USR00373,314.99,Education,P2M,Kolkata,Android_Phone,BHIM,0,
TXN02301,2026-01-23 08:54:09,USR00419,USR00397,2557.11,Utilities,P2P,Mumbai,iPhone,BHIM,0,
TXN07519,2026-01-23 08:55:58,USR00125,USR00425,70.26,Grocery,P2M,Bengaluru,iPhone,AmazonPay,0,
TXN01471,2026-01-23 08:58:14,USR00312,USR00445,640.32,Food Delivery,P2P,Jaipur,Tablet,PhonePe,0,
TXN00386,2026-01-23 09:12:01,USR00433,USR00098,12276.91,Entertainment,P2P,Jaipur,iPhone,AmazonPay,0,
TXN03705,2026-01-23 09:16:37,USR00116,USR00487,2531.48,Education,P2M,Surat,iPhone,BHIM,0,
TXN03562,2026-01-23 09:50:59,USR00147,USR00293,130.13,Entertainment,P2P,Mumbai,Tablet,AmazonPay,0,
TXN08195,2026-01-23 10:20:21,USR00065,USR00041,512.1,Travel,P2P,Pune,Android_Phone,PhonePe,0,
TXN09221,2026-01-23 10:20:46,USR00363,USR00371,2141.01,P2P Transfer,P2M,Hyderabad,Android_Phone,AmazonPay,0,
TXN06231,2026-01-23 10:27:54,USR00430,USR00292,12413.95,Education,P2M,Delhi,iPhone,BHIM,0,
TXN08422,2026-01-23 10:32:04,USR00307,USR00364,5289.17,Food Delivery,P2P,Hyderabad,Web,Paytm,0,
TXN00695,2026-01-23 10:35:38,USR00219,USR00245,1271.96,Travel,P2M,Delhi,Tablet,AmazonPay,0,
TXN00061,2026-01-23 10:39:44,USR00210,USR00364,3490.76,P2P Transfer,P2P,Bengaluru,Web,BHIM,0,
TXN07044,2026-01-23 10:50:37,USR00348,USR00386,188.12,Healthcare,P2M,Pune,Tablet,AmazonPay,0,
TXN09045,2026-01-23 10:51:04,USR00150,USR00177,296.04,Education,P2P,Chennai,iPhone,AmazonPay,0,
TXN07895,2026-01-23 10:53:04,USR00411,USR00239,2378.8,P2P Transfer,P2M,Chennai,Web,Paytm,0,
TXN04878,2026-01-23 11:01:35,USR00241,USR00050,7548.43,Food Delivery,P2P,Chennai,Tablet,BHIM,0,
TXN05299,2026-01-23 11:22:28,USR00231,USR00258,2264.16,Entertainment,P2P,Pune,iPhone,BHIM,0,
TXN01390,2026-01-23 12:00:07,USR00450,USR00363,668.18,Shopping,P2M,Kolkata,iPhone,AmazonPay,0,
TXN08666,2026-01-23 12:14:12,USR00468,USR00125,6583.68,Education,P2P,Delhi,Tablet,AmazonPay,0,
TXN07649,2026-01-23 12:14:49,USR00228,USR00361,916.17,Food Delivery,P2M,Lucknow,Tablet,Paytm,0,
TXN02058,2026-01-23 12:20:51,USR00280,USR00455,520.71,Healthcare,P2M,Bengaluru,Web,PhonePe,0,
TXN01793,2026-01-23 12:58:21,USR00369,USR00203,636.9,Utilities,P2P,Bengaluru,Web,AmazonPay,0,
TXN00161,2026-01-23 13:24:38,USR00347,USR00195,2639.95,Utilities,P2M,Nagpur,Web,BHIM,0,
TXN00035,2026-01-23 13:41:31,USR00312,USR00211,486.48,Utilities,P2M,Jaipur,Tablet,PhonePe,0,
TXN05561,2026-01-23 13:44:40,USR00269,USR00421,464.52,Fuel,P2P,Mumbai,Android_Phone,BHIM,0,
TXN00448,2026-01-23 14:00:25,USR00182,USR00262,1248.32,Fuel,P2P,Delhi,Tablet,BHIM,0,
TXN03136,2026-01-23 14:13:19,USR00461,USR00285,1200.73,Grocery,P2M,Nagpur,Tablet,AmazonPay,0,
TXN07891,2026-01-23 14:19:30,USR00149,USR00221,1003.18,Healthcare,P2P,Jaipur,iPhone,GPay,0,
TXN08563,2026-01-23 14:31:45,USR00341,USR00140,10521.21,Grocery,P2M,Lucknow,Tablet,Paytm,0,
TXN03491,2026-01-23 14:43:26,USR00453,USR00044,82.08,Healthcare,P2P,Surat,Tablet,AmazonPay,0,
TXN09324,2026-01-23 14:46:09,USR00064,USR00194,615.32,Grocery,P2M,Lucknow,Tablet,BHIM,0,
TXN06228,2026-01-23 14:58:13,USR00144,USR00134,137.62,Grocery,P2P,Jaipur,Tablet,Paytm,0,
TXN06494,2026-01-23 15:05:21,USR00040,USR00322,1821.09,P2P Transfer,P2P,Ahmedabad,Android_Phone,BHIM,0,
TXN01572,2026-01-23 15:07:48,USR00398,USR00295,13631.25,Fuel,P2P,Kolkata,Web,GPay,0,
TXN02279,2026-01-23 15:09:57,USR00052,USR00412,10768.01,Healthcare,P2M,Nagpur,Android_Phone,GPay,0,
TXN07372,2026-01-23 15:14:07,USR00494,USR00476,10298.85,Rent,P2M,Bengaluru,iPhone,AmazonPay,0,
TXN05514,2026-01-23 15:14:40,USR00383,USR00411,226.49,Rent,P2P,Kolkata,Android_Phone,BHIM,0,
TXN03811,2026-01-23 15:32:40,USR00408,USR00011,640.75,Utilities,P2M,Kolkata,Tablet,PhonePe,0,
TXN05505,2026-01-23 15:51:50,USR00277,USR00019,13802.32,Rent,P2M,Bengaluru,Web,PhonePe,0,
TXN02631,2026-01-23 15:57:10,USR00299,USR00045,357.03,Shopping,P2P,Nagpur,Web,PhonePe,0,
TXN06076,2026-01-23 16:09:29,USR00208,USR00118,393.34,Entertainment,P2P,Mumbai,Web,GPay,0,
TXN09146,2026-01-23 16:11:01,USR00113,USR00207,85.23,Entertainment,P2P,Hyderabad,Tablet,Paytm,0,
TXN01999,2026-01-23 16:17:08,USR00363,USR00101,1875.01,Travel,P2P,Hyderabad,Android_Phone,AmazonPay,0,
TXN07282,2026-01-23 16:26:14,USR00349,USR00376,4294.18,Food Delivery,P2M,Bengaluru,Android_Phone,BHIM,0,
TXN02278,2026-01-23 16:38:20,USR00355,USR00395,2304.18,Food Delivery,P2M,Delhi,Android_Phone,AmazonPay,0,
TXN09517,2026-01-23 17:10:42,USR00059,USR00161,137370.49,Shopping,P2M,Nagpur,Android_Phone,AmazonPay,1,high_amount
TXN02366,2026-01-23 17:11:54,USR00161,USR00365,44.84,Food Delivery,P2P,Mumbai,Android_Phone,BHIM,0,
TXN08165,2026-01-23 17:12:17,USR00058,USR00188,9609.09,Fuel,P2P,Hyderabad,iPhone,AmazonPay,0,
TXN03456,2026-01-23 17:18:15,USR00415,USR00216,10675.6,Healthcare,P2P,Pune,Tablet,AmazonPay,0,
TXN01268,2026-01-23 17:22:29,USR00440,USR00382,7292.17,Rent,P2P,Delhi,Tablet,AmazonPay,0,
TXN06787,2026-01-23 17:39:20,USR00181,USR00057,1447.29,Travel,P2P,Delhi,Web,PhonePe,0,
TXN06133,2026-01-23 17:40:16,USR00161,USR00411,100.95,Shopping,P2M,Mumbai,Android_Phone,BHIM,0,
TXN00089,2026-01-23 17:41:35,USR00187,USR00421,2114.27,Travel,P2P,Jaipur,Tablet,PhonePe,0,
TXN08861,2026-01-23 17:44:58,USR00186,USR00427,5083.06,Shopping,P2P,Jaipur,Tablet,GPay,0,
TXN06646,2026-01-23 18:12:11,USR00298,USR00444,419.55,Travel,P2P,Ahmedabad,Web,PhonePe,0,
TXN08080,2026-01-23 18:17:00,USR00493,USR00196,54.31,P2P Transfer,P2M,Jaipur,iPhone,GPay,0,
TXN09532,2026-01-23 18:30:25,USR00265,USR00133,238.28,Shopping,P2M,Bengaluru,Tablet,Paytm,1,new_location
TXN02306,2026-01-23 18:36:59,USR00021,USR00482,13582.38,Education,P2M,Surat,Android_Phone,AmazonPay,0,
TXN06717,2026-01-23 18:41:19,USR00378,USR00307,257.77,Utilities,P2M,Pune,iPhone,PhonePe,0,
TXN05224,2026-01-23 18:45:28,USR00157,USR00483,2016.83,Healthcare,P2P,Ahmedabad,Web,BHIM,0,
TXN01892,2026-01-23 19:07:45,USR00102,USR00212,1988.2,Grocery,P2P,Chennai,Tablet,BHIM,0,
TXN03979,2026-01-23 19:21:47,USR00254,USR00362,2328.01,Shopping,P2M,Hyderabad,Android_Phone,PhonePe,0,
TXN06959,2026-01-23 19:24:20,USR00329,USR00247,2975.78,Rent,P2P,Kolkata,Android_Phone,AmazonPay,0,
TXN06575,2026-01-23 19:26:02,USR00163,USR00407,1140.55,Travel,P2P,Lucknow,Tablet,GPay,0,
TXN07923,2026-01-23 19:31:31,USR00436,USR00371,7036.26,Healthcare,P2P,Chennai,Web,GPay,0,
TXN01764,2026-01-23 19:34:43,USR00434,USR00218,285.79,Healthcare,P2P,Surat,Web,PhonePe,0,
TXN07061,2026-01-23 19:51:58,USR00015,USR00478,2877.21,Food Delivery,P2M,Hyderabad,iPhone,AmazonPay,0,
TXN05041,2026-01-23 20:05:10,USR00303,USR00457,179.33,Grocery,P2P,Chennai,Web,GPay,0,
TXN07204,2026-01-23 20:07:11,USR00092,USR00484,9436.91,Travel,P2P,Bengaluru,Android_Phone,Paytm,0,
TXN03447,2026-01-23 20:15:30,USR00018,USR00047,3766.83,Healthcare,P2M,Mumbai,Android_Phone,PhonePe,0,
TXN00470,2026-01-23 20:16:24,USR00283,USR00000,7791.8,Entertainment,P2M,Chennai,Android_Phone,GPay,0,
TXN02387,2026-01-23 20:30:34,USR00180,USR00126,1644.43,Shopping,P2P,Jaipur,Tablet,AmazonPay,0,
TXN08397,2026-01-23 20:54:14,USR00257,USR00085,100.52,Utilities,P2P,Ahmedabad,Android_Phone,AmazonPay,0,
TXN01090,2026-01-23 21:02:38,USR00116,USR00487,3737.69,Travel,P2M,Surat,iPhone,BHIM,0,
TXN05357,2026-01-23 21:10:00,USR00385,USR00176,7524.94,Travel,P2P,Hyderabad,Tablet,BHIM,0,
TXN00017,2026-01-23 21:16:50,USR00189,USR00119,9585.14,Shopping,P2M,Mumbai,iPhone,AmazonPay,0,
TXN00429,2026-01-23 21:26:15,USR00200,USR00429,1711.57,P2P Transfer,P2M,Jaipur,Android_Phone,GPay,0,
TXN03740,2026-01-23 21:36:52,USR00408,USR00094,787.29,Education,P2M,Kolkata,Tablet,PhonePe,0,
TXN01226,2026-01-23 21:53:11,USR00127,USR00225,1011.05,Rent,P2M,Surat,Web,AmazonPay,0,
TXN09012,2026-01-23 22:04:59,USR00375,USR00060,1904.65,Grocery,P2M,Bengaluru,iPhone,PhonePe,0,
TXN06182,2026-01-23 22:18:00,USR00359,USR00310,10856.25,Shopping,P2P,Hyderabad,Android_Phone,BHIM,0,
TXN05897,2026-01-23 22:21:38,USR00011,USR00101,10858.9,Fuel,P2P,Surat,Web,AmazonPay,0,
TXN00073,2026-01-23 22:24:23,USR00475,USR00326,10591.52,Education,P2P,Chennai,Web,Paytm,0,
TXN08636,2026-01-23 22:25:49,USR00132,USR00154,7513.53,Food Delivery,P2M,Delhi,Tablet,PhonePe,0,
TXN04905,2026-01-23 22:27:57,USR00402,USR00491,1865.62,P2P Transfer,P2P,Kolkata,Tablet,PhonePe,0,
TXN03230,2026-01-23 22:30:48,USR00461,USR00198,1141.21,Healthcare,P2P,Nagpur,Tablet,AmazonPay,0,
TXN09063,2026-01-23 22:33:28,USR00073,USR00136,563.62,Food Delivery,P2P,Surat,Tablet,PhonePe,0,
TXN09204,2026-01-23 22:50:31,USR00498,USR00495,15772.02,Rent,P2P,Mumbai,Web,GPay,0,
TXN05318,2026-01-23 22:59:44,USR00046,USR00308,19774.59,Utilities,P2P,Jaipur,Tablet,Paytm,0,
TXN00591,2026-01-24 06:02:00,USR00163,USR00407,1115.0,Rent,P2M,Lucknow,Tablet,GPay,0,
TXN06038,2026-01-24 06:06:13,USR00198,USR00168,414.71,Rent,P2P,Bengaluru,Web,AmazonPay,0,
TXN09392,2026-01-24 06:23:40,USR00247,USR00051,3964.92,Travel,P2M,Lucknow,Tablet,PhonePe,0,
TXN05287,2026-01-24 06:24:48,USR00361,USR00107,2122.73,Shopping,P2P,Jaipur,Tablet,Paytm,0,
TXN09055,2026-01-24 06:44:27,USR00245,USR00374,1744.98,Food Delivery,P2M,Delhi,Tablet,GPay,0,
TXN03154,2026-01-24 06:45:37,USR00330,USR00032,9691.74,Healthcare,P2P,Delhi,Tablet,Paytm,0,
TXN08896,2026-01-24 06:58:00,USR00499,USR00195,1080.67,Education,P2M,Surat,Tablet,BHIM,0,
TXN05043,2026-01-24 07:39:22,USR00017,USR00229,151.31,Grocery,P2P,Pune,Android_Phone,PhonePe,0,
TXN04832,2026-01-24 07:51:12,USR00495,USR00306,14403.73,Shopping,P2M,Kolkata,Web,AmazonPay,0,
TXN04340,2026-01-24 07:52:06,USR00090,USR00202,297.1,Healthcare,P2P,Jaipur,Tablet,Paytm,0,
TXN04977,2026-01-24 07:58:24,USR00480,USR00211,395.43,Healthcare,P2P,Nagpur,Web,GPay,0,
TXN05493,2026-01-24 08:15:47,USR00015,USR00109,1724.24,Travel,P2M,Hyderabad,iPhone,AmazonPay,0,
TXN00719,2026-01-24 08:19:00,USR00413,USR00176,264.59,Rent,P2P,Jaipur,Android_Phone,AmazonPay,0,
TXN09790,2026-01-24 08:25:51,USR00398,USR00065,24429.77,Grocery,P2P,Kolkata,iPhone,GPay,1,new_device
TXN07995,2026-01-24 08:29:58,USR00398,USR00384,11690.16,Food Delivery,P2M,Kolkata,Web,GPay,0,
TXN04970,2026-01-24 08:32:03,USR00377,USR00490,533.67,Grocery,P2P,Bengaluru,Android_Phone,BHIM,0,
TXN07918,2026-01-24 08:42:33,USR00177,USR00133,6842.21,Shopping,P2M,Chennai,Tablet,PhonePe,0,
TXN00990,2026-01-24 08:46:05,USR00470,USR00403,11827.71,Fuel,P2P,Lucknow,Web,AmazonPay,0,
TXN01038,2026-01-24 08:47:16,USR00205,USR00359,1437.07,Healthcare,P2P,Mumbai,Tablet,GPay,0,
TXN00148,2026-01-24 08:53:22,USR00225,USR00118,34.97,Healthcare,P2P,Chennai,iPhone,PhonePe,0,
TXN03992,2026-01-24 09:07:49,USR00337,USR00324,3891.94,Shopping,P2M,Chennai,Android_Phone,Paytm,0,
TXN08249,2026-01-24 09:19:17,USR00404,USR00133,3634.64,Education,P2M,Ahmedabad,Android_Phone,AmazonPay,0,
TXN05555,2026-01-24 09:44:37,USR00242,USR00067,12657.37,Healthcare,P2P,Kolkata,Android_Phone,Paytm,0,
TXN01589,2026-01-24 09:45:05,USR00145,USR00460,11298.01,Travel,P2P,Ahmedabad,Android_Phone,GPay,0,
TXN03155,2026-01-24 09:53:21,USR00192,USR00285,1977.65,Rent,P2M,Mumbai,Tablet,BHIM,0,
TXN08783,2026-01-24 10:06:18,USR00253,USR00122,325.08,Shopping,P2P,Hyderabad,Android_Phone,PhonePe,0,
TXN07289,2026-01-24 10:18:09,USR00424,USR00496,772.63,Shopping,P2P,Surat,Android_Phone,GPay,0,
TXN08872,2026-01-24 10:24:12,USR00059,USR00380,6849.48,Grocery,P2P,Nagpur,Android_Phone,AmazonPay,0,
TXN07537,2026-01-24 10:28:32,USR00156,USR00167,11029.43,Shopping,P2P,Pune,Tablet,AmazonPay,0,
TXN00462,2026-01-24 10:28:40,USR00266,USR00079,12534.28,Food Delivery,P2M,Lucknow,iPhone,PhonePe,0,
TXN04470,2026-01-24 10:48:12,USR00060,USR00116,1327.28,Utilities,P2M,Delhi,Web,PhonePe,0,
TXN05007,2026-01-24 10:56:08,USR00004,USR00035,669.52,Food Delivery,P2M,Lucknow,Web,PhonePe,0,
TXN08609,2026-01-24 10:59:27,USR00180,USR00126,1240.84,Rent,P2M,Jaipur,Tablet,AmazonPay,0,
TXN07642,2026-01-24 11:11:24,USR00427,USR00326,1035.77,Entertainment,P2M,Jaipur,Web,AmazonPay,0,
TXN08369,2026-01-24 11:15:34,USR00255,USR00399,4489.71,Rent,P2P,Bengaluru,Web,Paytm,0,
TXN05926,2026-01-24 11:27:23,USR00233,USR00396,7096.75,Travel,P2P,Lucknow,Android_Phone,AmazonPay,0,
TXN03098,2026-01-24 11:28:40,USR00453,USR00195,66.41,Food Delivery,P2M,Surat,Tablet,AmazonPay,0,
TXN06416,2026-01-24 11:29:03,USR00238,USR00323,704.67,Utilities,P2M,Ahmedabad,Tablet,BHIM,0,
TXN09405,2026-01-24 11:32:40,USR00169,USR00263,13325.9,Education,P2M,Mumbai,Web,BHIM,1,new_receiver
TXN08726,2026-01-24 11:49:47,USR00033,USR00204,896.75,Healthcare,P2M,Hyderabad,Android_Phone,AmazonPay,0,
TXN02467,2026-01-24 12:07:01,USR00253,USR00433,230.94,Fuel,P2M,Hyderabad,Android_Phone,PhonePe,0,
TXN06726,2026-01-24 12:10:23,USR00372,USR00332,2109.22,Healthcare,P2M,Mumbai,Tablet,GPay,0,
TXN08514,2026-01-24 12:10:39,USR00416,USR00148,6570.74,Rent,P2M,Bengaluru,Android_Phone,BHIM,0,
TXN04345,2026-01-24 12:11:07,USR00218,USR00434,364.25,Grocery,P2P,Nagpur,Web,BHIM,0,
TXN09621,2026-01-24 12:17:41,USR00292,USR00346,287.61,Healthcare,P2P,Surat,Android_Phone,PhonePe,1,new_location
TXN02168,2026-01-24 12:20:29,USR00033,USR00260,617.29,Food Delivery,P2M,Hyderabad,Android_Phone,AmazonPay,0,
TXN01893,2026-01-24 12:22:34,USR00289,USR00278,15159.13,Education,P2M,Ahmedabad,Tablet,PhonePe,0,
TXN03064,2026-01-24 12:41:26,USR00341,USR00493,7551.69,Healthcare,P2M,Lucknow,Tablet,Paytm,0,
TXN03657,2026-01-24 12:42:26,USR00498,USR00281,15674.93,Education,P2M,Mumbai,Web,GPay,0,
TXN09796,2026-01-24 12:48:43,USR00472,USR00029,8204.55,Shopping,P2M,Pune,iPhone,AmazonPay,1,new_location
TXN00684,2026-01-24 12:53:03,USR00342,USR00440,506.73,Healthcare,P2M,Nagpur,Web,PhonePe,0,
TXN05708,2026-01-24 12:55:27,USR00328,USR00408,5454.79,Healthcare,P2M,Nagpur,Tablet,PhonePe,0,
TXN08398,2026-01-24 13:31:44,USR00328,USR00332,9357.0,Utilities,P2P,Nagpur,Tablet,PhonePe,0,
TXN03335,2026-01-24 13:34:54,USR00069,USR00013,3007.2,Healthcare,P2M,Lucknow,Web,AmazonPay,0,
TXN04464,2026-01-24 13:47:12,USR00157,USR00483,1611.01,Entertainment,P2M,Ahmedabad,Web,BHIM,0,
TXN04797,2026-01-24 14:03:43,USR00286,USR00247,580.11,Fuel,P2M,Chennai,Android_Phone,PhonePe,0,
TXN06870,2026-01-24 14:19:29,USR00257,USR00395,290.69,Rent,P2P,Ahmedabad,Android_Phone,AmazonPay,0,
TXN05794,2026-01-24 14:58:50,USR00441,USR00289,92.11,Rent,P2M,Chennai,Android_Phone,PhonePe,0,
TXN02610,2026-01-24 15:01:57,USR00106,USR00092,1423.99,Healthcare,P2P,Lucknow,Android_Phone,Paytm,0,
TXN06166,2026-01-24 16:18:48,USR00464,USR00058,1216.87,Entertainment,P2P,Nagpur,iPhone,BHIM,0,
TXN05022,2026-01-24 16:21:50,USR00171,USR00169,3009.07,Utilities,P2M,Mumbai,iPhone,BHIM,0,
TXN07864,2026-01-24 16:23:46,USR00411,USR00445,2707.51,Utilities,P2M,Chennai,Web,Paytm,0,
TXN01711,2026-01-24 16:27:36,USR00260,USR00023,5215.68,Education,P2M,Pune,iPhone,Paytm,0,
TXN00486,2026-01-24 16:32:07,USR00101,USR00258,64.82,P2P Transfer,P2P,Kolkata,Web,GPay,0,
TXN02611,2026-01-24 16:43:25,USR00048,USR00167,1809.13,Education,P2P,Kolkata,Web,BHIM,0,
TXN02151,2026-01-24 17:07:54,USR00154,USR00174,2771.5,Grocery,P2M,Ahmedabad,Tablet,Paytm,0,
TXN04865,2026-01-24 17:13:39,USR00406,USR00323,418.35,Fuel,P2M,Lucknow,Tablet,PhonePe,0,
TXN00760,2026-01-24 17:17:01,USR00008,USR00204,3712.21,Rent,P2M,Nagpur,Web,PhonePe,0,
TXN09643,2026-01-24 17:19:35,USR00203,USR00316,370.13,P2P Transfer,P2M,Delhi,Android_Phone,Paytm,1,new_receiver
TXN09638,2026-01-24 17:27:19,USR00220,USR00181,82.41,Travel,P2P,Delhi,iPhone,PhonePe,1,new_device
TXN02290,2026-01-24 17:28:58,USR00119,USR00490,323.43,Education,P2M,Chennai,iPhone,GPay,0,
TXN05501,2026-01-24 17:29:29,USR00244,USR00303,8759.36,Fuel,P2M,Ahmedabad,iPhone,PhonePe,0,
TXN04122,2026-01-24 17:35:57,USR00251,USR00030,12232.12,Travel,P2P,Mumbai,Android_Phone,BHIM,0,
TXN08824,2026-01-24 17:54:25,USR00203,USR00098,349.18,Education,P2P,Delhi,Android_Phone,Paytm,0,
TXN07081,2026-01-24 18:08:12,USR00031,USR00359,1273.95,Entertainment,P2M,Hyderabad,iPhone,BHIM,0,
TXN07411,2026-01-24 18:27:46,USR00055,USR00172,56.89,Utilities,P2P,Lucknow,Tablet,Paytm,0,
TXN01234,2026-01-24 18:34:13,USR00096,USR00110,1888.74,Food Delivery,P2P,Delhi,iPhone,Paytm,0,
TXN04987,2026-01-24 19:11:02,USR00481,USR00401,936.57,Rent,P2M,Bengaluru,Web,GPay,0,
TXN03981,2026-01-24 19:29:28,USR00163,USR00460,804.35,Healthcare,P2P,Lucknow,Tablet,GPay,0,
TXN02749,2026-01-24 19:41:16,USR00322,USR00368,259.7,Travel,P2M,Kolkata,iPhone,AmazonPay,0,
TXN08248,2026-01-24 19:47:38,USR00422,USR00101,1303.98,Utilities,P2M,Ahmedabad,Web,PhonePe,0,
TXN08161,2026-01-24 19:51:52,USR00481,USR00401,923.04,Rent,P2M,Bengaluru,Web,GPay,0,
TXN09606,2026-01-24 19:53:09,USR00475,USR00121,9353.42,P2P Transfer,P2M,Chennai,Tablet,Paytm,1,"new_receiver,new_device"
TXN08040,2026-01-24 20:28:46,USR00457,USR00118,7848.83,Education,P2M,Lucknow,Web,GPay,0,
TXN01301,2026-01-24 20:28:57,USR00299,USR00309,542.51,Education,P2M,Nagpur,Web,PhonePe,0,
TXN02096,2026-01-24 21:05:10,USR00165,USR00353,241.19,P2P Transfer,P2M,Mumbai,iPhone,PhonePe,0,
TXN04415,2026-01-24 21:08:40,USR00151,USR00047,324.68,Shopping,P2M,Surat,iPhone,PhonePe,0,
TXN04262,2026-01-24 21:15:31,USR00496,USR00075,913.82,Entertainment,P2M,Lucknow,iPhone,PhonePe,0,
TXN06748,2026-01-24 21:20:22,USR00488,USR00303,126.68,Food Delivery,P2P,Bengaluru,Tablet,BHIM,0,
TXN05319,2026-01-24 21:22:15,USR00443,USR00066,1124.75,Entertainment,P2P,Delhi,Web,PhonePe,0,
TXN02714,2026-01-24 21:26:26,USR00093,USR00372,1531.35,P2P Transfer,P2M,Surat,Web,BHIM,0,
TXN07752,2026-01-24 21:28:50,USR00384,USR00141,166.99,Travel,P2P,Jaipur,Web,BHIM,0,
TXN03545,2026-01-24 21:38:37,USR00061,USR00326,17444.54,Utilities,P2M,Nagpur,Web,BHIM,0,
TXN06311,2026-01-24 21:47:26,USR00288,USR00013,15137.58,Utilities,P2M,Pune,Tablet,PhonePe,0,
TXN00131,2026-01-24 21:48:06,USR00392,USR00411,275.65,Travel,P2M,Chennai,Web,Paytm,0,
TXN02030,2026-01-24 21:50:04,USR00197,USR00189,4756.38,Travel,P2P,Chennai,Tablet,GPay,0,
TXN07937,2026-01-24 22:10:51,USR00481,USR00401,1220.69,Food Delivery,P2P,Bengaluru,Web,GPay,0,
TXN06647,2026-01-24 22:18:22,USR00493,USR00246,69.05,Education,P2P,Jaipur,iPhone,GPay,0,
TXN00821,2026-01-24 22:36:45,USR00310,USR00065,3989.53,Utilities,P2M,Hyderabad,iPhone,Paytm,0,
TXN00616,2026-01-24 22:52:55,USR00092,USR00484,9749.85,Shopping,P2M,Bengaluru,Android_Phone,Paytm,0,
TXN02140,2026-01-24 22:56:23,USR00484,USR00455,854.36,Fuel,P2P,Chennai,Android_Phone,Paytm,0,
TXN09715,2026-01-25 01:51:25,USR00380,USR00060,12587.5,Rent,P2M,Jaipur,Android_Phone,AmazonPay,1,odd_hour
TXN00264,2026-01-25 06:07:52,USR00069,USR00013,2029.37,Shopping,P2P,Lucknow,Web,AmazonPay,0,
TXN02501,2026-01-25 06:40:16,USR00498,USR00461,13308.48,Food Delivery,P2M,Mumbai,Web,GPay,0,
TXN07244,2026-01-25 06:43:11,USR00430,USR00050,10483.51,Grocery,P2P,Delhi,iPhone,BHIM,0,
TXN04172,2026-01-25 06:52:46,USR00153,USR00412,1528.87,Rent,P2P,Surat,Web,BHIM,0,
TXN09962,2026-01-25 06:56:20,USR00263,USR00214,6203.88,Entertainment,P2P,Pune,Android_Phone,PhonePe,1,rapid_burst
TXN09734,2026-01-25 06:57:58,USR00411,USR00227,1628.09,Grocery,P2M,Chennai,Web,Paytm,1,new_receiver
TXN04711,2026-01-25 07:13:43,USR00138,USR00063,22791.94,Healthcare,P2M,Surat,Android_Phone,BHIM,0,
TXN00994,2026-01-25 07:17:56,USR00211,USR00067,5499.49,Utilities,P2M,Hyderabad,Web,PhonePe,0,
TXN07478,2026-01-25 07:18:07,USR00273,USR00009,5817.79,Fuel,P2P,Surat,iPhone,BHIM,0,
TXN00324,2026-01-25 07:39:34,USR00329,USR00224,2285.17,Grocery,P2P,Kolkata,Android_Phone,AmazonPay,0,
TXN07595,2026-01-25 07:39:51,USR00392,USR00262,273.07,Rent,P2P,Chennai,Web,Paytm,0,
TXN07076,2026-01-25 07:47:36,USR00232,USR00140,86.2,P2P Transfer,P2P,Hyderabad,iPhone,AmazonPay,0,
TXN01983,2026-01-25 07:55:53,USR00086,USR00151,3425.86,Travel,P2M,Kolkata,iPhone,BHIM,0,
TXN01754,2026-01-25 08:13:28,USR00192,USR00211,953.07,Rent,P2M,Mumbai,Tablet,BHIM,0,
TXN06395,2026-01-25 08:26:14,USR00148,USR00421,665.7,Travel,P2M,Jaipur,Tablet,PhonePe,0,
TXN03495,2026-01-25 08:28:47,USR00300,USR00435,958.33,Entertainment,P2P,Nagpur,Web,AmazonPay,0,
TXN09458,2026-01-25 08:46:58,USR00036,USR00016,158.81,Entertainment,P2M,Nagpur,Android_Phone,Paytm,1,new_receiver
TXN01824,2026-01-25 08:53:04,USR00377,USR00092,693.54,Shopping,P2P,Bengaluru,Android_Phone,BHIM,0,
TXN00781,2026-01-25 08:58:24,USR00105,USR00432,617.39,Entertainment,P2M,Delhi,iPhone,Paytm,0,
TXN07740,2026-01-25 09:06:16,USR00461,USR00198,1144.73,Fuel,P2P,Nagpur,Tablet,AmazonPay,0,
TXN00390,2026-01-25 09:12:34,USR00451,USR00381,7483.64,Fuel,P2M,Jaipur,iPhone,PhonePe,0,
TXN06930,2026-01-25 09:16:01,USR00485,USR00395,2352.28,Rent,P2P,Hyderabad,iPhone,GPay,0,
TXN05852,2026-01-25 09:33:02,USR00030,USR00415,1980.25,Education,P2M,Pune,iPhone,PhonePe,0,
TXN03641,2026-01-25 09:38:52,USR00236,USR00275,348.1,Food Delivery,P2P,Lucknow,Android_Phone,PhonePe,0,
TXN07779,2026-01-25 09:41:17,USR00254,USR00362,1675.35,Food Delivery,P2M,Hyderabad,Android_Phone,PhonePe,0,
TXN05767,2026-01-25 09:48:59,USR00131,USR00388,16982.72,Food Delivery,P2M,Ahmedabad,Web,BHIM,0,
TXN04354,2026-01-25 09:58:25,USR00311,USR00150,393.44,Grocery,P2M,Chennai,Tablet,GPay,0,
TXN08164,2026-01-25 10:14:25,USR00118,USR00330,826.11,Fuel,P2P,Chennai,Android_Phone,GPay,0,
TXN09173,2026-01-25 10:26:11,USR00172,USR00333,2286.94,Shopping,P2P,Surat,Tablet,Paytm,0,
TXN07050,2026-01-25 10:30:32,USR00024,USR00450,2399.29,Healthcare,P2P,Chennai,iPhone,Paytm,0,
TXN04400,2026-01-25 10:46:07,USR00101,USR00309,55.23,Entertainment,P2M,Kolkata,Web,GPay,0,
TXN08004,2026-01-25 11:11:09,USR00259,USR00468,3187.79,Rent,P2P,Pune,Tablet,Paytm,0,
TXN01395,2026-01-25 11:15:44,USR00012,USR00374,1376.55,Grocery,P2P,Pune,Android_Phone,GPay,0,
TXN08955,2026-01-25 11:24:08,USR00339,USR00230,5643.43,Grocery,P2M,Mumbai,Tablet,AmazonPay,0,
TXN07876,2026-01-25 11:25:38,USR00138,USR00139,17643.07,P2P Transfer,P2P,Surat,Android_Phone,BHIM,0,
TXN05910,2026-01-25 11:35:43,USR00293,USR00216,580.44,Education,P2M,Bengaluru,iPhone,BHIM,0,
TXN00597,2026-01-25 11:45:28,USR00021,USR00206,11217.32,Food Delivery,P2M,Surat,Android_Phone,AmazonPay,0,
TXN08330,2026-01-25 11:49:32,USR00453,USR00044,49.97,Utilities,P2P,Surat,Tablet,AmazonPay,0,
TXN09526,2026-01-25 11:52:49,USR00355,USR00497,1974.97,Entertainment,P2P,Delhi,Android_Phone,AmazonPay,1,rapid_burst
TXN02790,2026-01-25 12:13:29,USR00264,USR00297,115.29,Shopping,P2M,Ahmedabad,Web,AmazonPay,0,
TXN05674,2026-01-25 12:22:12,USR00222,USR00053,94.02,Utilities,P2M,Chennai,iPhone,Paytm,0,
TXN00657,2026-01-25 12:35:12,USR00387,USR00134,1232.77,Shopping,P2M,Delhi,Tablet,Paytm,0,
TXN08074,2026-01-25 12:43:42,USR00213,USR00154,1923.52,Fuel,P2M,Bengaluru,iPhone,GPay,0,
TXN06888,2026-01-25 12:50:25,USR00189,USR00148,14034.72,P2P Transfer,P2P,Mumbai,iPhone,AmazonPay,0,
TXN08910,2026-01-25 12:55:31,USR00005,USR00189,10556.07,Grocery,P2M,Surat,Tablet,Paytm,0,
TXN01581,2026-01-25 13:00:36,USR00018,USR00496,2501.04,Grocery,P2M,Mumbai,Android_Phone,PhonePe,0,
TXN06637,2026-01-25 13:05:50,USR00276,USR00162,2719.41,Healthcare,P2M,Bengaluru,Web,Paytm,0,
TXN02900,2026-01-25 13:56:43,USR00290,USR00428,79.94,Grocery,P2M,Ahmedabad,Tablet,GPay,0,
TXN06392,2026-01-25 14:15:55,USR00010,USR00150,11556.78,Rent,P2M,Surat,Web,BHIM,0,
TXN03727,2026-01-25 14:21:28,USR00335,USR00455,546.56,Healthcare,P2M,Delhi,Android_Phone,AmazonPay,0,
TXN00764,2026-01-25 14:25:11,USR00099,USR00372,1577.36,Entertainment,P2M,Ahmedabad,Android_Phone,AmazonPay,0,
TXN05407,2026-01-25 14:29:45,USR00448,USR00373,5318.62,Grocery,P2M,Jaipur,Web,GPay,0,
TXN03133,2026-01-25 14:30:46,USR00262,USR00177,2068.14,P2P Transfer,P2P,Mumbai,Tablet,GPay,0,
TXN08226,2026-01-25 14:41:39,USR00193,USR00274,374.31,Grocery,P2P,Chennai,Tablet,PhonePe,0,
TXN08773,2026-01-25 14:50:46,USR00133,USR00123,1252.54,Education,P2P,Surat,Android_Phone,GPay,0,
TXN02413,2026-01-25 15:08:43,USR00393,USR00059,7215.54,Grocery,P2P,Lucknow,Tablet,Paytm,0,
TXN04726,2026-01-25 15:50:09,USR00465,USR00171,1069.49,Food Delivery,P2P,Kolkata,iPhone,AmazonPay,0,
TXN00887,2026-01-25 15:53:36,USR00162,USR00153,2916.29,Shopping,P2M,Kolkata,iPhone,AmazonPay,0,
TXN05697,2026-01-25 16:04:07,USR00256,USR00364,1153.14,Entertainment,P2P,Jaipur,Web,AmazonPay,0,
TXN01701,2026-01-25 16:10:52,USR00387,USR00134,1222.88,Shopping,P2P,Delhi,Tablet,Paytm,0,
TXN05324,2026-01-25 16:20:42,USR00220,USR00340,69.36,P2P Transfer,P2P,Delhi,Android_Phone,PhonePe,0,
TXN01164,2026-01-25 16:40:55,USR00247,USR00051,5221.09,Healthcare,P2M,Lucknow,Tablet,PhonePe,0,
TXN08136,2026-01-25 16:42:53,USR00013,USR00102,266.22,Education,P2P,Pune,Tablet,BHIM,0,
TXN00521,2026-01-25 16:44:54,USR00144,USR00396,126.33,Healthcare,P2P,Jaipur,Tablet,Paytm,0,
TXN04875,2026-01-25 16:56:17,USR00313,USR00398,1597.11,Entertainment,P2M,Chennai,iPhone,Paytm,0,
TXN04607,2026-01-25 16:58:11,USR00320,USR00304,12987.38,P2P Transfer,P2M,Jaipur,Web,GPay,0,
TXN05568,2026-01-25 17:22:51,USR00053,USR00491,11587.77,Rent,P2M,Mumbai,Web,Paytm,0,
TXN02019,2026-01-25 17:27:26,USR00395,USR00181,1288.42,Shopping,P2M,Delhi,Web,AmazonPay,0,
TXN09598,2026-01-25 17:34:52,USR00114,USR00268,395.6,Shopping,P2P,Kolkata,Web,Paytm,1,new_device
TXN00354,2026-01-25 17:42:47,USR00087,USR00097,34.19,Rent,P2P,Pune,Web,Paytm,0,
TXN05176,2026-01-25 17:44:15,USR00275,USR00126,17812.07,Rent,P2P,Bengaluru,iPhone,PhonePe,0,
TXN06832,2026-01-25 17:47:20,USR00017,USR00274,222.46,Rent,P2M,Pune,Android_Phone,PhonePe,0,
TXN01241,2026-01-25 17:50:25,USR00491,USR00015,72.68,Fuel,P2P,Ahmedabad,Web,BHIM,0,
TXN02858,2026-01-25 17:54:52,USR00123,USR00185,6792.11,P2P Transfer,P2M,Surat,Android_Phone,PhonePe,0,
TXN06762,2026-01-25 18:01:47,USR00419,USR00278,1431.12,Education,P2M,Mumbai,iPhone,BHIM,0,
TXN05034,2026-01-25 18:17:30,USR00202,USR00369,5751.95,P2P Transfer,P2P,Mumbai,Tablet,Paytm,0,
TXN05252,2026-01-25 18:24:51,USR00491,USR00015,164.1,Food Delivery,P2M,Ahmedabad,Web,BHIM,0,
TXN06527,2026-01-25 18:40:29,USR00218,USR00434,447.31,Utilities,P2M,Nagpur,Web,BHIM,0,
TXN07625,2026-01-25 18:40:59,USR00248,USR00330,13989.1,Shopping,P2P,Pune,iPhone,AmazonPay,0,
TXN06639,2026-01-25 18:42:04,USR00440,USR00382,6260.11,Healthcare,P2P,Delhi,Tablet,AmazonPay,0,
TXN02934,2026-01-25 18:44:00,USR00434,USR00452,369.69,Healthcare,P2P,Surat,Web,PhonePe,0,
TXN01091,2026-01-25 18:46:53,USR00046,USR00409,11114.73,Utilities,P2M,Jaipur,Tablet,Paytm,0,
TXN07309,2026-01-25 18:54:30,USR00098,USR00135,12079.13,Fuel,P2P,Mumbai,Web,BHIM,0,
TXN06493,2026-01-25 19:00:41,USR00054,USR00422,1493.82,Food Delivery,P2M,Ahmedabad,Tablet,PhonePe,0,
TXN05681,2026-01-25 19:13:19,USR00077,USR00247,1602.79,Rent,P2P,Ahmedabad,iPhone,BHIM,0,
TXN03862,2026-01-25 19:46:04,USR00128,USR00190,244.5,Education,P2P,Surat,Android_Phone,AmazonPay,0,
TXN05670,2026-01-25 19:51:35,USR00010,USR00150,10671.56,Education,P2P,Surat,Web,BHIM,0,
TXN06568,2026-01-25 19:52:53,USR00331,USR00221,434.82,Grocery,P2P,Jaipur,Web,PhonePe,0,
TXN02072,2026-01-25 19:54:08,USR00391,USR00476,81.62,P2P Transfer,P2P,Pune,Web,GPay,0,
TXN09876,2026-01-25 19:56:33,USR00038,USR00461,473.1,Education,P2P,Jaipur,iPhone,PhonePe,1,rapid_burst
TXN00758,2026-01-25 20:04:17,USR00399,USR00004,11475.52,Utilities,P2M,Delhi,Tablet,PhonePe,0,
TXN07717,2026-01-25 20:21:22,USR00361,USR00156,710.57,Healthcare,P2P,Jaipur,Tablet,Paytm,0,
TXN07993,2026-01-25 20:36:02,USR00463,USR00165,2313.2,Healthcare,P2M,Lucknow,iPhone,PhonePe,0,
TXN09742,2026-01-25 20:47:59,USR00098,USR00135,4589.85,Travel,P2P,Mumbai,iPhone,BHIM,1,new_device
TXN01454,2026-01-25 20:49:39,USR00342,USR00160,531.14,Entertainment,P2P,Nagpur,Web,PhonePe,0,
TXN09172,2026-01-25 20:54:46,USR00252,USR00158,2097.71,Entertainment,P2M,Hyderabad,iPhone,AmazonPay,0,
TXN04456,2026-01-25 20:58:44,USR00106,USR00359,1517.43,Fuel,P2M,Lucknow,Android_Phone,Paytm,0,
TXN09951,2026-01-25 21:02:17,USR00074,USR00159,83.22,Shopping,P2P,Nagpur,iPhone,AmazonPay,1,rapid_burst
TXN09224,2026-01-25 21:03:32,USR00027,USR00170,337.27,Entertainment,P2P,Mumbai,Web,PhonePe,0,
TXN08572,2026-01-25 21:16:52,USR00001,USR00308,4611.9,Shopping,P2M,Pune,iPhone,AmazonPay,0,
TXN05220,2026-01-25 21:22:26,USR00006,USR00431,1209.81,Shopping,P2M,Hyderabad,Tablet,GPay,0,
TXN10084,2026-01-25 21:23:00,USR00477,USR00018,417.34,Shopping,P2P,Surat,Web,PhonePe,1,rapid_burst
TXN10085,2026-01-25 21:24:00,USR00477,USR00469,322.91,Shopping,P2M,Surat,Web,PhonePe,1,rapid_burst
TXN10086,2026-01-25 21:27:00,USR00477,USR00330,245.16,Utilities,P2M,Surat,Web,PhonePe,1,rapid_burst
TXN10089,2026-01-25 21:28:00,USR00477,USR00469,310.28,Shopping,P2P,Surat,Web,PhonePe,1,rapid_burst
TXN05606,2026-01-25 21:29:54,USR00398,USR00295,8991.51,Shopping,P2P,Kolkata,Web,GPay,0,
TXN01658,2026-01-25 21:30:51,USR00042,USR00286,5698.46,Education,P2M,Surat,Tablet,BHIM,0,
TXN10088,2026-01-25 21:31:00,USR00477,USR00018,395.94,Entertainment,P2M,Surat,Web,PhonePe,1,rapid_burst
TXN10087,2026-01-25 21:32:00,USR00477,USR00018,367.78,Education,P2M,Surat,Web,PhonePe,1,rapid_burst
TXN07654,2026-01-25 21:39:30,USR00443,USR00222,1104.95,P2P Transfer,P2M,Delhi,Web,PhonePe,0,
TXN07011,2026-01-25 21:50:11,USR00199,USR00375,1894.01,Fuel,P2P,Ahmedabad,Tablet,PhonePe,0,
TXN00940,2026-01-25 21:53:38,USR00048,USR00167,2595.74,Fuel,P2M,Kolkata,Web,BHIM,0,
TXN02865,2026-01-25 22:14:48,USR00216,USR00493,889.77,Travel,P2M,Chennai,Tablet,Paytm,0,
TXN06631,2026-01-25 22:24:03,USR00481,USR00401,1224.17,Travel,P2P,Bengaluru,Web,GPay,0,
TXN06112,2026-01-25 22:24:36,USR00427,USR00232,768.7,Travel,P2M,Jaipur,Web,AmazonPay,0,
TXN07087,2026-01-25 22:32:05,USR00414,USR00096,8413.07,Rent,P2P,Hyderabad,Tablet,BHIM,0,
TXN03087,2026-01-25 22:38:04,USR00150,USR00177,192.42,Travel,P2P,Chennai,iPhone,AmazonPay,0,
TXN08727,2026-01-25 22:43:23,USR00038,USR00376,456.56,Food Delivery,P2M,Jaipur,iPhone,PhonePe,0,
TXN01868,2026-01-25 22:44:54,USR00008,USR00298,4952.62,Fuel,P2M,Nagpur,Web,PhonePe,0,
TXN05621,2026-01-25 22:54:02,USR00042,USR00486,4259.37,P2P Transfer,P2M,Surat,Tablet,BHIM,0,
TXN02175,2026-01-25 22:57:33,USR00116,USR00090,2750.27,Grocery,P2M,Surat,iPhone,BHIM,0,
TXN00563,2026-01-25 22:58:53,USR00007,USR00108,83.01,Healthcare,P2M,Lucknow,iPhone,BHIM,0,
TXN09915,2026-01-26 02:44:39,USR00439,USR00419,9210.23,Education,P2P,Nagpur,Tablet,GPay,1,"rapid_burst,odd_hour"
TXN09706,2026-01-26 06:07:39,USR00226,USR00360,7856.39,Shopping,P2P,Chennai,iPhone,Paytm,1,new_location
TXN02545,2026-01-26 06:10:03,USR00027,USR00170,284.53,Food Delivery,P2M,Mumbai,Web,PhonePe,0,
TXN03787,2026-01-26 07:09:38,USR00005,USR00083,5796.57,P2P Transfer,P2P,Surat,Tablet,Paytm,0,
TXN01162,2026-01-26 07:11:00,USR00323,USR00398,1024.23,Rent,P2P,Pune,Tablet,PhonePe,0,
TXN05814,2026-01-26 07:28:40,USR00276,USR00303,2267.14,Rent,P2M,Bengaluru,Web,Paytm,0,
TXN09929,2026-01-26 07:29:10,USR00114,USR00202,313.62,Utilities,P2M,Kolkata,iPhone,Paytm,1,rapid_burst
TXN02012,2026-01-26 07:46:49,USR00017,USR00097,213.86,Education,P2M,Pune,Android_Phone,PhonePe,0,
TXN06488,2026-01-26 07:48:25,USR00092,USR00019,10088.32,Utilities,P2P,Bengaluru,Android_Phone,Paytm,0,
TXN05323,2026-01-26 07:57:58,USR00115,USR00463,3252.45,Travel,P2P,Jaipur,Android_Phone,PhonePe,0,
TXN04369,2026-01-26 08:03:11,USR00447,USR00056,1214.62,Fuel,P2M,Mumbai,Web,BHIM,0,
TXN01206,2026-01-26 08:05:05,USR00203,USR00129,381.64,P2P Transfer,P2M,Delhi,Android_Phone,Paytm,0,
TXN06429,2026-01-26 08:09:47,USR00123,USR00185,6521.06,Utilities,P2M,Surat,Android_Phone,PhonePe,0,
TXN00279,2026-01-26 08:10:38,USR00066,USR00118,8391.31,Food Delivery,P2M,Nagpur,Tablet,Paytm,0,
TXN05969,2026-01-26 08:27:53,USR00273,USR00400,5776.95,Entertainment,P2P,Surat,iPhone,BHIM,0,
TXN07552,2026-01-26 08:35:09,USR00219,USR00273,733.01,Grocery,P2M,Delhi,Tablet,AmazonPay,0,
TXN07845,2026-01-26 08:40:02,USR00045,USR00105,11866.13,Grocery,P2M,Kolkata,Tablet,BHIM,0,
TXN05283,2026-01-26 08:49:53,USR00458,USR00070,1614.27,Grocery,P2P,Bengaluru,Web,PhonePe,0,
TXN02485,2026-01-26 08:50:20,USR00201,USR00004,240.18,Entertainment,P2M,Delhi,iPhone,BHIM,0,
TXN09420,2026-01-26 08:58:56,USR00020,USR00289,322.89,Shopping,P2M,Jaipur,Android_Phone,BHIM,1,"new_location,new_receiver"
TXN09340,2026-01-26 08:59:44,USR00424,USR00388,1687.5,Utilities,P2P,Surat,Android_Phone,GPay,0,
TXN05276,2026-01-26 09:00:22,USR00073,USR00104,411.73,Utilities,P2M,Surat,Tablet,PhonePe,0,
TXN08302,2026-01-26 09:02:20,USR00145,USR00460,11826.22,Rent,P2P,Ahmedabad,Android_Phone,GPay,0,
TXN08711,2026-01-26 09:21:51,USR00277,USR00019,13757.36,Healthcare,P2P,Bengaluru,Web,PhonePe,0,
TXN07122,2026-01-26 09:59:22,USR00457,USR00118,9348.49,Rent,P2M,Lucknow,Web,GPay,0,
TXN04657,2026-01-26 10:08:31,USR00025,USR00449,1767.44,Healthcare,P2P,Surat,Android_Phone,PhonePe,0,
TXN02844,2026-01-26 10:22:51,USR00008,USR00219,4730.93,Fuel,P2M,Nagpur,Web,PhonePe,0,
TXN01087,2026-01-26 10:23:42,USR00430,USR00098,10203.51,Healthcare,P2P,Delhi,iPhone,BHIM,0,
TXN07424,2026-01-26 10:38:21,USR00377,USR00092,696.7,Rent,P2M,Bengaluru,Android_Phone,BHIM,0,
TXN09338,2026-01-26 10:51:55,USR00077,USR00247,1699.41,Utilities,P2M,Ahmedabad,iPhone,BHIM,0,
TXN01515,2026-01-26 11:05:39,USR00073,USR00136,422.18,Entertainment,P2M,Surat,Tablet,PhonePe,0,
TXN09093,2026-01-26 11:08:15,USR00464,USR00046,1538.0,Entertainment,P2M,Nagpur,iPhone,BHIM,0,
TXN01638,2026-01-26 11:08:18,USR00423,USR00124,425.59,Grocery,P2M,Hyderabad,iPhone,GPay,0,
TXN01136,2026-01-26 11:19:10,USR00336,USR00307,16992.32,Entertainment,P2P,Ahmedabad,iPhone,BHIM,0,
TXN03534,2026-01-26 11:34:04,USR00374,USR00451,9972.95,Healthcare,P2P,Ahmedabad,Tablet,PhonePe,0,
TXN08143,2026-01-26 11:40:22,USR00392,USR00262,233.02,Education,P2P,Chennai,Web,Paytm,0,
TXN07801,2026-01-26 12:02:50,USR00078,USR00242,1475.88,Shopping,P2M,Mumbai,Tablet,BHIM,0,
TXN09909,2026-01-26 12:10:38,USR00433,USR00098,5754.32,Healthcare,P2P,Pune,iPhone,AmazonPay,1,new_location
TXN07384,2026-01-26 12:16:10,USR00056,USR00284,8831.04,Travel,P2P,Hyderabad,Web,PhonePe,0,
TXN00163,2026-01-26 12:18:42,USR00405,USR00089,3108.02,Education,P2M,Lucknow,iPhone,Paytm,0,
TXN04159,2026-01-26 12:20:25,USR00234,USR00134,242.94,Grocery,P2P,Hyderabad,iPhone,Paytm,0,
TXN00156,2026-01-26 12:21:12,USR00033,USR00347,725.06,Food Delivery,P2P,Hyderabad,Android_Phone,AmazonPay,0,
TXN08100,2026-01-26 12:22:47,USR00342,USR00440,874.41,Travel,P2M,Nagpur,Web,PhonePe,0,
TXN10173,2026-01-26 12:23:00,USR00439,USR00153,17057.56,Fuel,P2P,Nagpur,Tablet,GPay,1,rapid_burst
TXN10175,2026-01-26 12:25:00,USR00439,USR00153,11695.09,Utilities,P2P,Nagpur,Tablet,GPay,1,rapid_burst
TXN10176,2026-01-26 12:26:00,USR00439,USR00304,10216.91,Rent,P2M,Nagpur,Tablet,GPay,1,rapid_burst
TXN10174,2026-01-26 12:26:00,USR00439,USR00419,20412.83,Healthcare,P2P,Nagpur,Tablet,GPay,1,rapid_burst
TXN10177,2026-01-26 12:35:00,USR00439,USR00304,16897.27,Education,P2P,Nagpur,Tablet,GPay,1,rapid_burst
TXN07460,2026-01-26 12:36:27,USR00007,USR00255,78.42,Travel,P2P,Lucknow,iPhone,BHIM,0,
TXN01122,2026-01-26 12:43:45,USR00185,USR00469,13074.0,Entertainment,P2P,Chennai,Tablet,BHIM,0,
TXN00961,2026-01-26 12:44:06,USR00159,USR00287,5247.72,Fuel,P2P,Kolkata,Android_Phone,PhonePe,0,
TXN03504,2026-01-26 12:55:43,USR00488,USR00303,177.81,Healthcare,P2M,Bengaluru,Tablet,BHIM,0,
TXN01862,2026-01-26 12:59:39,USR00477,USR00242,158.54,Grocery,P2M,Surat,Web,PhonePe,0,
TXN03670,2026-01-26 13:15:20,USR00338,USR00096,112.67,Grocery,P2P,Delhi,Tablet,BHIM,0,
TXN05793,2026-01-26 13:20:41,USR00096,USR00416,1696.42,Shopping,P2M,Delhi,iPhone,Paytm,0,
TXN01750,2026-01-26 13:22:58,USR00366,USR00375,12278.71,Food Delivery,P2M,Chennai,Web,BHIM,0,
TXN04919,2026-01-26 13:24:35,USR00158,USR00433,513.94,Food Delivery,P2M,Lucknow,Tablet,BHIM,0,
TXN01905,2026-01-26 13:29:37,USR00331,USR00048,489.88,Rent,P2P,Jaipur,Web,PhonePe,0,
TXN02139,2026-01-26 13:35:21,USR00134,USR00259,2696.17,Utilities,P2M,Delhi,Web,BHIM,0,
TXN06586,2026-01-26 13:35:37,USR00360,USR00152,4125.21,Rent,P2M,Jaipur,Tablet,Paytm,0,
TXN05712,2026-01-26 13:37:01,USR00042,USR00304,4979.2,P2P Transfer,P2P,Surat,Tablet,BHIM,0,
TXN02944,2026-01-26 13:37:33,USR00160,USR00060,8884.41,Travel,P2P,Lucknow,Web,Paytm,0,
TXN01294,2026-01-26 13:47:09,USR00160,USR00065,8550.04,Entertainment,P2P,Lucknow,Web,Paytm,0,
TXN04883,2026-01-26 14:00:52,USR00101,USR00309,49.46,Travel,P2P,Kolkata,Web,GPay,0,
TXN03319,2026-01-26 14:17:11,USR00026,USR00104,820.59,Shopping,P2P,Lucknow,Web,Paytm,0,
TXN09483,2026-01-26 14:24:04,USR00417,USR00137,3954.42,Utilities,P2M,Nagpur,iPhone,PhonePe,1,new_location
TXN04826,2026-01-26 14:35:16,USR00383,USR00161,210.36,Utilities,P2M,Kolkata,Android_Phone,BHIM,0,
TXN07471,2026-01-26 15:04:13,USR00485,USR00272,1469.59,P2P Transfer,P2M,Hyderabad,iPhone,GPay,0,
TXN00268,2026-01-26 15:18:36,USR00299,USR00096,425.78,Grocery,P2M,Nagpur,Web,PhonePe,0,
TXN00795,2026-01-26 15:19:19,USR00213,USR00154,1334.5,Entertainment,P2M,Bengaluru,iPhone,GPay,0,
TXN05345,2026-01-26 15:32:53,USR00313,USR00249,2782.03,P2P Transfer,P2P,Chennai,iPhone,Paytm,0,
TXN07556,2026-01-26 15:33:28,USR00125,USR00354,65.06,Travel,P2P,Bengaluru,iPhone,AmazonPay,0,
TXN07033,2026-01-26 15:42:37,USR00299,USR00226,365.35,Education,P2P,Nagpur,Web,PhonePe,0,
TXN08874,2026-01-26 16:02:37,USR00314,USR00081,10057.39,Utilities,P2P,Bengaluru,iPhone,GPay,0,
TXN00378,2026-01-26 16:12:40,USR00216,USR00493,1069.22,Food Delivery,P2M,Chennai,Tablet,Paytm,0,
TXN08030,2026-01-26 16:44:24,USR00164,USR00268,263.1,Food Delivery,P2M,Lucknow,Android_Phone,BHIM,0,
TXN01624,2026-01-26 16:56:15,USR00241,USR00050,3792.54,Grocery,P2M,Chennai,Tablet,BHIM,0,
TXN01802,2026-01-26 17:06:13,USR00167,USR00490,9993.93,Fuel,P2P,Lucknow,Web,Paytm,0,
TXN00472,2026-01-26 17:09:58,USR00366,USR00347,15325.22,Grocery,P2P,Chennai,Web,BHIM,0,
TXN06072,2026-01-26 17:10:06,USR00028,USR00452,11154.92,Healthcare,P2M,Delhi,Android_Phone,PhonePe,0,
TXN00737,2026-01-26 17:12:03,USR00162,USR00303,1936.9,Education,P2P,Kolkata,iPhone,AmazonPay,0,
TXN01555,2026-01-26 17:13:09,USR00395,USR00243,1510.22,Rent,P2M,Delhi,Web,AmazonPay,0,
TXN04205,2026-01-26 17:15:11,USR00286,USR00457,444.89,Entertainment,P2P,Chennai,Android_Phone,PhonePe,0,
TXN00398,2026-01-26 17:28:55,USR00106,USR00092,2052.49,Healthcare,P2P,Lucknow,Android_Phone,Paytm,0,
TXN00179,2026-01-26 17:31:40,USR00186,USR00372,4501.13,Travel,P2P,Jaipur,Tablet,GPay,0,
TXN03059,2026-01-26 17:37:49,USR00146,USR00185,449.91,Education,P2M,Nagpur,iPhone,PhonePe,0,
TXN05618,2026-01-26 17:44:35,USR00168,USR00178,580.94,Fuel,P2P,Chennai,Tablet,Paytm,0,
TXN07517,2026-01-26 17:59:42,USR00176,USR00423,114.01,Rent,P2P,Bengaluru,iPhone,AmazonPay,0,
TXN06650,2026-01-26 18:08:31,USR00263,USR00497,3950.14,Grocery,P2P,Pune,Android_Phone,PhonePe,0,
TXN09344,2026-01-26 18:27:58,USR00112,USR00441,285.79,Grocery,P2M,Delhi,Web,BHIM,0,
TXN09958,2026-01-26 18:30:17,USR00205,USR00087,1119.72,Utilities,P2P,Mumbai,Android_Phone,GPay,1,new_device
TXN00578,2026-01-26 18:30:42,USR00082,USR00153,683.69,Food Delivery,P2M,Ahmedabad,Android_Phone,GPay,0,
TXN04588,2026-01-26 18:39:17,USR00334,USR00228,5106.33,Utilities,P2M,Delhi,Tablet,GPay,0,
TXN03768,2026-01-26 18:40:56,USR00325,USR00131,938.43,Entertainment,P2M,Nagpur,Android_Phone,PhonePe,0,
TXN07435,2026-01-26 18:43:49,USR00402,USR00074,1857.28,Food Delivery,P2M,Kolkata,Tablet,PhonePe,0,
TXN04406,2026-01-26 18:43:53,USR00135,USR00321,234.73,Education,P2M,Chennai,Android_Phone,GPay,0,
TXN08462,2026-01-26 18:59:41,USR00167,USR00098,12980.75,Entertainment,P2M,Lucknow,Web,Paytm,0,
TXN05263,2026-01-26 19:38:15,USR00419,USR00397,2544.89,Healthcare,P2M,Mumbai,iPhone,BHIM,0,
TXN08480,2026-01-26 19:46:51,USR00263,USR00214,4070.4,Shopping,P2P,Pune,Android_Phone,PhonePe,0,
TXN03229,2026-01-26 20:00:09,USR00002,USR00490,2326.79,Shopping,P2P,Chennai,Tablet,Paytm,0,
TXN08857,2026-01-26 20:14:32,USR00374,USR00003,13478.98,Grocery,P2M,Ahmedabad,Tablet,PhonePe,0,
TXN05451,2026-01-26 20:17:48,USR00232,USR00115,86.92,Fuel,P2P,Hyderabad,iPhone,AmazonPay,0,
TXN03527,2026-01-26 20:17:57,USR00181,USR00280,1399.98,Fuel,P2P,Delhi,Web,PhonePe,0,
TXN06108,2026-01-26 21:08:27,USR00365,USR00161,4167.5,Education,P2P,Lucknow,iPhone,GPay,0,
TXN00457,2026-01-26 21:09:24,USR00255,USR00383,4783.24,Rent,P2P,Bengaluru,Web,Paytm,0,
TXN06881,2026-01-26 21:12:25,USR00124,USR00051,1866.4,Utilities,P2M,Delhi,iPhone,AmazonPay,0,
TXN00211,2026-01-26 21:40:19,USR00001,USR00287,3278.72,P2P Transfer,P2P,Pune,iPhone,AmazonPay,0,
TXN06786,2026-01-26 21:47:55,USR00173,USR00467,639.2,Fuel,P2M,Jaipur,iPhone,PhonePe,0,
TXN07836,2026-01-26 21:54:34,USR00437,USR00395,609.14,Entertainment,P2M,Pune,iPhone,Paytm,0,
TXN02494,2026-01-26 21:59:29,USR00350,USR00363,290.31,P2P Transfer,P2M,Bengaluru,iPhone,PhonePe,0,
TXN06866,2026-01-26 22:04:18,USR00379,USR00197,306.27,Rent,P2P,Pune,Android_Phone,AmazonPay,0,
TXN09539,2026-01-26 22:07:41,USR00229,USR00214,11226.72,P2P Transfer,P2P,Nagpur,Tablet,AmazonPay,1,new_device
TXN01157,2026-01-26 22:08:14,USR00383,USR00161,211.28,Utilities,P2P,Kolkata,Android_Phone,BHIM,0,
TXN01789,2026-01-26 22:08:22,USR00235,USR00312,1851.27,Entertainment,P2P,Pune,iPhone,BHIM,0,
TXN08124,2026-01-26 22:28:55,USR00081,USR00316,9870.22,Healthcare,P2P,Jaipur,Tablet,PhonePe,0,
TXN09486,2026-01-27 00:01:43,USR00404,USR00286,1906.18,Healthcare,P2P,Ahmedabad,Android_Phone,AmazonPay,1,odd_hour
TXN09802,2026-01-27 02:58:14,USR00088,USR00465,20263.88,Travel,P2M,Lucknow,Android_Phone,Paytm,1,"high_amount,odd_hour"
TXN06880,2026-01-27 06:06:50,USR00423,USR00124,265.14,Entertainment,P2M,Hyderabad,iPhone,GPay,0,
TXN03573,2026-01-27 06:21:07,USR00260,USR00238,8309.01,Entertainment,P2M,Pune,iPhone,Paytm,0,
TXN04594,2026-01-27 06:32:26,USR00345,USR00146,1600.67,Entertainment,P2M,Pune,Android_Phone,Paytm,0,
TXN05693,2026-01-27 06:35:43,USR00154,USR00160,2875.28,Shopping,P2P,Ahmedabad,Tablet,Paytm,0,
TXN04430,2026-01-27 06:50:40,USR00012,USR00043,885.28,Shopping,P2M,Pune,Android_Phone,GPay,0,
TXN00237,2026-01-27 06:55:18,USR00178,USR00120,309.68,Utilities,P2M,Surat,Web,GPay,0,
TXN02739,2026-01-27 07:01:32,USR00228,USR00361,1029.77,Travel,P2P,Lucknow,Tablet,Paytm,0,
TXN03174,2026-01-27 07:09:16,USR00359,USR00391,8719.31,Fuel,P2M,Hyderabad,Android_Phone,BHIM,0,
TXN00060,2026-01-27 07:09:40,USR00354,USR00012,5089.88,Travel,P2M,Hyderabad,Tablet,Paytm,0,
TXN08102,2026-01-27 07:09:58,USR00186,USR00114,5737.42,Food Delivery,P2P,Jaipur,Tablet,GPay,0,
TXN03601,2026-01-27 07:12:58,USR00140,USR00218,513.29,Travel,P2P,Hyderabad,Web,BHIM,0,
TXN01627,2026-01-27 07:29:26,USR00210,USR00378,3198.55,Food Delivery,P2P,Bengaluru,Web,BHIM,0,
TXN02299,2026-01-27 07:46:06,USR00049,USR00332,2721.26,Rent,P2P,Chennai,Android_Phone,GPay,0,
TXN08213,2026-01-27 07:54:58,USR00212,USR00006,395.74,Rent,P2P,Lucknow,Android_Phone,BHIM,0,
TXN08762,2026-01-27 07:55:10,USR00090,USR00404,413.74,Travel,P2P,Jaipur,Tablet,Paytm,0,
TXN09011,2026-01-27 07:58:18,USR00259,USR00213,2015.99,Grocery,P2M,Pune,Tablet,Paytm,0,
TXN04170,2026-01-27 08:02:50,USR00076,USR00404,3317.49,Education,P2M,Delhi,iPhone,Paytm,0,
TXN09362,2026-01-27 08:15:21,USR00277,USR00119,12830.04,Travel,P2P,Bengaluru,Web,PhonePe,0,
TXN07038,2026-01-27 08:20:26,USR00169,USR00365,4429.23,Shopping,P2M,Mumbai,Web,BHIM,0,
TXN04564,2026-01-27 08:23:50,USR00285,USR00037,2908.56,Healthcare,P2M,Mumbai,Web,Paytm,0,
TXN06194,2026-01-27 08:39:34,USR00445,USR00335,926.44,Fuel,P2P,Pune,Web,Paytm,0,
TXN01856,2026-01-27 08:43:37,USR00240,USR00219,412.62,Food Delivery,P2P,Delhi,Web,BHIM,0,
TXN01937,2026-01-27 08:45:26,USR00338,USR00312,244.1,Shopping,P2P,Delhi,Tablet,BHIM,0,
TXN01694,2026-01-27 08:52:01,USR00005,USR00083,7670.29,P2P Transfer,P2P,Surat,Tablet,Paytm,0,
TXN08339,2026-01-27 08:52:19,USR00482,USR00472,65.63,Entertainment,P2M,Jaipur,Tablet,BHIM,0,
TXN01500,2026-01-27 09:04:38,USR00064,USR00115,524.43,Entertainment,P2P,Lucknow,Tablet,BHIM,0,
TXN07770,2026-01-27 09:25:19,USR00254,USR00006,1050.53,Shopping,P2M,Hyderabad,Android_Phone,PhonePe,0,
TXN00343,2026-01-27 09:39:32,USR00449,USR00004,1081.24,Rent,P2M,Mumbai,Web,Paytm,0,
TXN00536,2026-01-27 09:42:57,USR00032,USR00420,499.69,Utilities,P2P,Chennai,Tablet,PhonePe,0,
TXN01909,2026-01-27 09:47:44,USR00223,USR00178,309.73,Rent,P2M,Ahmedabad,Web,BHIM,0,
TXN08662,2026-01-27 09:58:39,USR00499,USR00195,809.61,Rent,P2P,Surat,Tablet,BHIM,0,
TXN00524,2026-01-27 10:13:51,USR00459,USR00033,12921.35,Shopping,P2P,Pune,Tablet,PhonePe,0,
TXN07683,2026-01-27 10:36:29,USR00026,USR00367,1739.39,Entertainment,P2M,Lucknow,Web,Paytm,0,
TXN02728,2026-01-27 10:45:44,USR00080,USR00319,14517.53,Travel,P2P,Delhi,iPhone,BHIM,0,
TXN02239,2026-01-27 10:46:55,USR00398,USR00295,16003.81,Fuel,P2M,Kolkata,Web,GPay,0,
TXN08097,2026-01-27 11:16:04,USR00248,USR00127,19715.22,Fuel,P2P,Pune,iPhone,AmazonPay,0,
TXN04776,2026-01-27 11:19:19,USR00130,USR00191,460.38,Food Delivery,P2P,Kolkata,iPhone,GPay,0,
TXN06252,2026-01-27 11:23:01,USR00117,USR00323,577.42,Healthcare,P2P,Ahmedabad,Android_Phone,GPay,0,
TXN02945,2026-01-27 11:29:32,USR00431,USR00475,6924.5,Fuel,P2P,Pune,Android_Phone,GPay,0,
TXN04756,2026-01-27 11:42:44,USR00297,USR00169,13741.37,Food Delivery,P2P,Mumbai,Tablet,GPay,0,
TXN04684,2026-01-27 12:04:58,USR00234,USR00230,216.81,Rent,P2M,Hyderabad,iPhone,Paytm,0,
TXN00220,2026-01-27 12:12:55,USR00060,USR00116,360.65,Entertainment,P2M,Delhi,Web,PhonePe,0,
TXN00434,2026-01-27 12:32:02,USR00084,USR00326,973.82,Grocery,P2P,Ahmedabad,iPhone,Paytm,0,
TXN10255,2026-01-27 12:37:00,USR00259,USR00213,2887.72,Entertainment,P2P,Pune,Tablet,Paytm,1,rapid_burst
TXN10256,2026-01-27 12:38:00,USR00259,USR00468,2507.95,Utilities,P2M,Pune,Tablet,Paytm,1,rapid_burst
TXN10259,2026-01-27 12:41:00,USR00259,USR00213,4475.45,Grocery,P2M,Pune,Tablet,Paytm,1,rapid_burst
TXN10257,2026-01-27 12:41:00,USR00259,USR00468,4049.23,Food Delivery,P2M,Pune,Tablet,Paytm,1,rapid_burst
TXN10258,2026-01-27 12:43:00,USR00259,USR00127,3847.47,Healthcare,P2M,Pune,Tablet,Paytm,1,rapid_burst
TXN10260,2026-01-27 12:47:00,USR00259,USR00127,3793.2,Healthcare,P2M,Pune,Tablet,Paytm,1,rapid_burst
TXN00947,2026-01-27 12:55:31,USR00048,USR00232,1793.48,Food Delivery,P2P,Kolkata,Web,BHIM,0,
TXN08069,2026-01-27 13:08:04,USR00041,USR00411,7818.3,Shopping,P2P,Pune,Tablet,AmazonPay,0,
TXN07458,2026-01-27 13:08:24,USR00190,USR00285,1819.4,Education,P2M,Kolkata,iPhone,AmazonPay,0,
TXN01134,2026-01-27 13:19:11,USR00096,USR00106,1357.29,Grocery,P2P,Delhi,iPhone,Paytm,0,
TXN09198,2026-01-27 13:31:12,USR00197,USR00160,4295.68,Shopping,P2M,Chennai,Tablet,GPay,0,
TXN07513,2026-01-27 13:33:27,USR00154,USR00160,2329.24,Education,P2M,Ahmedabad,Tablet,Paytm,0,
TXN04925,2026-01-27 13:45:16,USR00088,USR00067,2840.7,Food Delivery,P2P,Lucknow,Android_Phone,Paytm,0,
TXN08412,2026-01-27 13:58:11,USR00347,USR00474,2379.88,Fuel,P2P,Nagpur,Web,BHIM,0,
TXN01282,2026-01-27 14:25:26,USR00064,USR00397,698.78,Education,P2M,Lucknow,Tablet,BHIM,0,
TXN06782,2026-01-27 14:26:31,USR00312,USR00445,474.06,P2P Transfer,P2P,Jaipur,Tablet,PhonePe,0,
TXN02895,2026-01-27 14:28:33,USR00465,USR00171,1261.17,Travel,P2M,Kolkata,iPhone,AmazonPay,0,
TXN05379,2026-01-27 14:32:40,USR00264,USR00297,114.26,Fuel,P2P,Ahmedabad,Web,AmazonPay,0,
TXN06410,2026-01-27 14:35:59,USR00461,USR00285,922.23,Healthcare,P2M,Nagpur,Tablet,AmazonPay,0,
TXN07342,2026-01-27 14:52:11,USR00028,USR00483,14632.43,P2P Transfer,P2P,Delhi,Android_Phone,PhonePe,0,
TXN06929,2026-01-27 15:44:03,USR00265,USR00149,207.55,Entertainment,P2M,Surat,Tablet,Paytm,0,
TXN08875,2026-01-27 15:56:29,USR00391,USR00493,113.19,Entertainment,P2M,Pune,Web,GPay,0,
TXN00959,2026-01-27 15:59:21,USR00241,USR00023,8731.06,Utilities,P2M,Chennai,Tablet,BHIM,0,
TXN03714,2026-01-27 16:18:32,USR00349,USR00263,16668.31,Entertainment,P2P,Bengaluru,Android_Phone,BHIM,0,
TXN08646,2026-01-27 16:24:05,USR00200,USR00429,770.74,Shopping,P2M,Jaipur,Android_Phone,GPay,0,
TXN01111,2026-01-27 16:42:45,USR00009,USR00195,3084.1,Entertainment,P2M,Lucknow,Tablet,AmazonPay,0,
TXN07185,2026-01-27 16:44:01,USR00394,USR00180,7512.05,Utilities,P2M,Chennai,iPhone,Paytm,0,
TXN03391,2026-01-27 16:46:13,USR00253,USR00373,189.37,Entertainment,P2P,Hyderabad,Android_Phone,PhonePe,0,
TXN08584,2026-01-27 16:46:17,USR00007,USR00255,105.23,Shopping,P2M,Lucknow,iPhone,BHIM,0,
TXN08663,2026-01-27 16:55:03,USR00452,USR00031,2287.74,Utilities,P2P,Pune,Web,BHIM,0,
TXN08090,2026-01-27 16:59:21,USR00490,USR00114,463.23,P2P Transfer,P2P,Ahmedabad,Tablet,AmazonPay,0,
TXN02884,2026-01-27 17:06:33,USR00330,USR00023,5549.01,P2P Transfer,P2M,Delhi,Tablet,Paytm,0,
TXN05717,2026-01-27 17:11:08,USR00078,USR00467,2777.76,Rent,P2P,Mumbai,Tablet,BHIM,0,
TXN07558,2026-01-27 17:35:55,USR00491,USR00057,122.86,Travel,P2P,Ahmedabad,Web,BHIM,0,
TXN01849,2026-01-27 17:44:47,USR00178,USR00031,264.03,Rent,P2M,Surat,Web,GPay,0,
TXN00755,2026-01-27 17:52:37,USR00053,USR00491,13237.83,Travel,P2M,Mumbai,Web,Paytm,0,
TXN04154,2026-01-27 18:03:05,USR00325,USR00463,1153.32,Grocery,P2P,Nagpur,Android_Phone,PhonePe,0,
TXN02722,2026-01-27 18:11:53,USR00208,USR00223,288.26,Food Delivery,P2M,Mumbai,Web,GPay,0,
TXN04495,2026-01-27 18:12:57,USR00323,USR00134,694.45,Healthcare,P2M,Pune,Tablet,PhonePe,0,
TXN07280,2026-01-27 18:14:23,USR00480,USR00016,513.66,Food Delivery,P2P,Nagpur,Web,GPay,0,
TXN05885,2026-01-27 18:15:52,USR00199,USR00407,3049.3,Entertainment,P2P,Ahmedabad,Tablet,PhonePe,0,
TXN07868,2026-01-27 18:17:09,USR00419,USR00200,2609.35,P2P Transfer,P2M,Mumbai,iPhone,BHIM,0,
TXN08159,2026-01-27 18:17:48,USR00266,USR00079,15036.41,Utilities,P2M,Lucknow,iPhone,PhonePe,0,
TXN00412,2026-01-27 18:28:28,USR00394,USR00004,8977.11,Grocery,P2M,Chennai,iPhone,Paytm,0,
TXN07425,2026-01-27 18:29:53,USR00204,USR00350,2370.6,Rent,P2P,Nagpur,iPhone,GPay,0,
TXN09401,2026-01-27 18:31:52,USR00325,USR00131,624.67,Education,P2P,Hyderabad,Android_Phone,PhonePe,1,new_location
TXN06896,2026-01-27 18:32:30,USR00294,USR00203,408.98,Food Delivery,P2P,Delhi,Android_Phone,Paytm,0,
TXN00614,2026-01-27 18:37:40,USR00166,USR00166,236.45,Utilities,P2M,Jaipur,iPhone,BHIM,0,
TXN04492,2026-01-27 19:03:51,USR00113,USR00010,100.02,Food Delivery,P2M,Hyderabad,Tablet,Paytm,0,
TXN08537,2026-01-27 19:09:51,USR00044,USR00077,19463.4,Utilities,P2M,Chennai,Web,PhonePe,0,
TXN02289,2026-01-27 19:10:56,USR00324,USR00343,8109.19,Fuel,P2M,Nagpur,iPhone,GPay,0,
TXN03835,2026-01-27 19:19:15,USR00420,USR00197,3357.89,Travel,P2P,Nagpur,Android_Phone,BHIM,0,
TXN05214,2026-01-27 19:24:36,USR00133,USR00123,1043.7,Utilities,P2M,Surat,Android_Phone,GPay,0,
TXN06990,2026-01-27 19:25:24,USR00226,USR00360,9698.74,Grocery,P2M,Ahmedabad,iPhone,Paytm,0,
TXN08101,2026-01-27 19:38:09,USR00020,USR00025,205.82,Entertainment,P2M,Lucknow,Android_Phone,BHIM,0,
TXN03621,2026-01-27 19:40:53,USR00332,USR00434,10675.82,Shopping,P2M,Surat,Android_Phone,BHIM,0,
TXN04321,2026-01-27 19:46:45,USR00336,USR00392,12621.74,Utilities,P2P,Ahmedabad,iPhone,BHIM,0,
TXN04197,2026-01-27 20:07:25,USR00038,USR00406,454.67,Shopping,P2M,Jaipur,iPhone,PhonePe,0,
TXN09668,2026-01-27 20:15:24,USR00449,USR00034,1122.04,Grocery,P2M,Mumbai,Web,Paytm,1,rapid_burst
TXN09475,2026-01-27 20:16:56,USR00358,USR00283,2396.15,Food Delivery,P2P,Surat,Tablet,GPay,1,new_receiver
TXN03367,2026-01-27 20:17:26,USR00309,USR00326,7404.45,Education,P2M,Chennai,iPhone,BHIM,0,
TXN05375,2026-01-27 20:30:18,USR00168,USR00478,444.73,P2P Transfer,P2M,Chennai,Tablet,Paytm,0,
TXN02859,2026-01-27 20:36:55,USR00108,USR00159,10835.02,Entertainment,P2M,Chennai,Tablet,Paytm,0,
TXN03836,2026-01-27 20:37:59,USR00469,USR00308,399.52,Grocery,P2P,Mumbai,iPhone,GPay,0,
TXN08803,2026-01-27 20:42:40,USR00242,USR00465,13261.56,Healthcare,P2P,Kolkata,Android_Phone,Paytm,0,
TXN06101,2026-01-27 20:44:46,USR00380,USR00385,4928.9,Utilities,P2P,Jaipur,Android_Phone,AmazonPay,0,
TXN04511,2026-01-27 20:58:58,USR00358,USR00161,1430.62,Education,P2M,Surat,Tablet,GPay,0,
TXN09993,2026-01-27 21:05:49,USR00192,USR00068,1277.63,Shopping,P2M,Mumbai,Tablet,BHIM,1,rapid_burst
TXN06773,2026-01-27 21:13:52,USR00117,USR00302,310.43,P2P Transfer,P2M,Ahmedabad,Android_Phone,GPay,0,
TXN03148,2026-01-27 21:30:54,USR00195,USR00492,276.95,Healthcare,P2P,Pune,Android_Phone,BHIM,0,
TXN00753,2026-01-27 21:44:04,USR00337,USR00424,2223.66,Education,P2P,Chennai,Android_Phone,Paytm,0,
TXN05994,2026-01-27 21:57:34,USR00152,USR00023,382.79,Travel,P2M,Mumbai,Android_Phone,AmazonPay,0,
TXN05329,2026-01-27 22:19:28,USR00491,USR00057,111.67,Grocery,P2P,Ahmedabad,Web,BHIM,0,
TXN01138,2026-01-27 22:24:03,USR00013,USR00102,263.08,Education,P2M,Pune,Tablet,BHIM,0,
TXN02418,2026-01-27 22:25:04,USR00108,USR00159,9003.42,Travel,P2M,Chennai,Tablet,Paytm,0,
TXN08411,2026-01-27 22:30:40,USR00375,USR00418,3280.07,Food Delivery,P2M,Bengaluru,iPhone,PhonePe,0,
TXN06198,2026-01-27 22:36:22,USR00049,USR00399,2524.83,Education,P2M,Chennai,Android_Phone,GPay,0,
TXN06238,2026-01-28 06:03:08,USR00198,USR00194,456.62,Shopping,P2P,Bengaluru,Web,AmazonPay,0,
TXN07839,2026-01-28 06:07:45,USR00482,USR00097,68.6,Entertainment,P2P,Jaipur,Tablet,BHIM,0,
TXN06927,2026-01-28 06:28:30,USR00244,USR00067,9081.13,Food Delivery,P2P,Ahmedabad,iPhone,PhonePe,0,
TXN01845,2026-01-28 06:31:45,USR00368,USR00302,1489.33,Utilities,P2P,Lucknow,Android_Phone,AmazonPay,0,
TXN06897,2026-01-28 06:32:09,USR00070,USR00325,2036.95,P2P Transfer,P2P,Hyderabad,Tablet,BHIM,0,
TXN04088,2026-01-28 06:52:51,USR00263,USR00251,5369.12,Travel,P2M,Pune,Android_Phone,PhonePe,0,
TXN00968,2026-01-28 07:05:59,USR00001,USR00366,4936.04,Utilities,P2P,Pune,iPhone,AmazonPay,0,
TXN01053,2026-01-28 07:07:36,USR00202,USR00369,10736.38,Utilities,P2P,Mumbai,Tablet,Paytm,0,
TXN01715,2026-01-28 07:14:41,USR00208,USR00118,439.46,P2P Transfer,P2P,Mumbai,Web,GPay,0,
TXN00450,2026-01-28 07:26:19,USR00022,USR00160,3716.22,Education,P2P,Hyderabad,Web,PhonePe,0,
TXN03210,2026-01-28 07:33:46,USR00276,USR00162,3251.15,P2P Transfer,P2P,Bengaluru,Web,Paytm,0,
TXN04811,2026-01-28 07:40:49,USR00307,USR00335,8163.69,Entertainment,P2P,Hyderabad,Web,Paytm,0,
TXN00117,2026-01-28 07:46:56,USR00447,USR00156,607.42,Healthcare,P2M,Mumbai,Web,BHIM,0,
TXN06358,2026-01-28 07:52:28,USR00206,USR00038,5207.3,Rent,P2M,Pune,iPhone,Paytm,0,
TXN05039,2026-01-28 08:04:59,USR00186,USR00372,4773.18,Shopping,P2M,Jaipur,Tablet,GPay,0,
TXN06680,2026-01-28 08:10:35,USR00068,USR00352,755.47,Rent,P2P,Ahmedabad,Web,Paytm,0,
TXN02257,2026-01-28 08:13:56,USR00293,USR00216,559.61,Shopping,P2P,Bengaluru,iPhone,BHIM,0,
TXN09619,2026-01-28 08:15:22,USR00205,USR00087,1040.98,Fuel,P2M,Mumbai,iPhone,GPay,1,new_device
TXN01019,2026-01-28 08:19:27,USR00096,USR00106,2012.66,Fuel,P2M,Delhi,iPhone,Paytm,0,
TXN03998,2026-01-28 08:33:43,USR00467,USR00278,9504.15,Travel,P2M,Mumbai,Web,GPay,0,
TXN07900,2026-01-28 08:45:53,USR00385,USR00396,9577.53,Healthcare,P2P,Hyderabad,Tablet,BHIM,0,
TXN07075,2026-01-28 08:58:57,USR00262,USR00277,2259.97,Rent,P2P,Mumbai,Tablet,GPay,0,
TXN07399,2026-01-28 09:04:22,USR00428,USR00337,161.3,P2P Transfer,P2M,Nagpur,Web,AmazonPay,0,
TXN04427,2026-01-28 09:04:38,USR00138,USR00188,13951.87,Food Delivery,P2P,Surat,Android_Phone,BHIM,0,
TXN06739,2026-01-28 09:05:23,USR00402,USR00491,1629.54,Travel,P2M,Kolkata,Tablet,PhonePe,0,
TXN09626,2026-01-28 09:18:47,USR00196,USR00332,541.4,Fuel,P2P,Hyderabad,Web,Paytm,1,rapid_burst
TXN03724,2026-01-28 09:39:37,USR00026,USR00367,1135.78,Entertainment,P2M,Lucknow,Web,Paytm,0,
TXN07172,2026-01-28 09:48:18,USR00496,USR00387,830.15,Utilities,P2M,Lucknow,iPhone,PhonePe,0,
TXN02052,2026-01-28 09:57:49,USR00415,USR00040,15061.37,Grocery,P2M,Pune,Tablet,AmazonPay,0,
TXN02367,2026-01-28 09:59:40,USR00169,USR00040,6016.09,Education,P2P,Mumbai,Web,BHIM,0,
TXN02866,2026-01-28 10:19:31,USR00150,USR00481,169.57,Food Delivery,P2P,Chennai,iPhone,AmazonPay,0,
TXN03066,2026-01-28 10:21:14,USR00210,USR00378,2335.38,Food Delivery,P2P,Bengaluru,Web,BHIM,0,
TXN09175,2026-01-28 10:34:31,USR00060,USR00116,1750.65,Shopping,P2P,Delhi,Web,PhonePe,0,
TXN02084,2026-01-28 10:42:12,USR00355,USR00395,2137.51,Entertainment,P2M,Delhi,Android_Phone,AmazonPay,0,
TXN08263,2026-01-28 10:46:38,USR00059,USR00061,8179.82,Fuel,P2M,Nagpur,Android_Phone,AmazonPay,0,
TXN06209,2026-01-28 10:53:19,USR00382,USR00306,1362.01,Entertainment,P2M,Delhi,iPhone,Paytm,0,
TXN03032,2026-01-28 11:10:15,USR00489,USR00357,1828.54,P2P Transfer,P2M,Ahmedabad,Android_Phone,BHIM,0,
TXN03141,2026-01-28 11:14:42,USR00031,USR00403,1475.84,P2P Transfer,P2M,Hyderabad,iPhone,BHIM,0,
TXN02613,2026-01-28 11:51:05,USR00452,USR00320,2039.79,Shopping,P2M,Pune,Web,BHIM,0,
TXN02562,2026-01-28 11:56:25,USR00099,USR00484,1398.29,Utilities,P2P,Ahmedabad,Android_Phone,AmazonPay,0,
TXN00317,2026-01-28 12:11:52,USR00455,USR00272,4006.88,Grocery,P2P,Chennai,iPhone,GPay,0,
TXN04140,2026-01-28 12:21:33,USR00130,USR00114,541.35,P2P Transfer,P2M,Kolkata,iPhone,GPay,0,
TXN03380,2026-01-28 12:29:00,USR00053,USR00491,14035.18,Fuel,P2P,Mumbai,Web,Paytm,0,
TXN02432,2026-01-28 13:00:16,USR00069,USR00046,1770.36,Education,P2M,Lucknow,Web,AmazonPay,0,
TXN01392,2026-01-28 13:04:25,USR00032,USR00116,218.84,Grocery,P2P,Chennai,Tablet,PhonePe,0,
TXN07869,2026-01-28 13:08:52,USR00276,USR00121,2785.15,Grocery,P2P,Bengaluru,Web,Paytm,0,
TXN09291,2026-01-28 13:11:37,USR00143,USR00293,3290.15,Entertainment,P2P,Chennai,Web,Paytm,0,
TXN04011,2026-01-28 13:19:43,USR00269,USR00066,555.21,Education,P2P,Mumbai,Android_Phone,BHIM,0,
TXN05102,2026-01-28 13:25:10,USR00090,USR00007,509.21,Utilities,P2P,Jaipur,Tablet,Paytm,0,
TXN06510,2026-01-28 14:01:16,USR00099,USR00372,1296.9,Travel,P2P,Ahmedabad,Android_Phone,AmazonPay,0,
TXN00543,2026-01-28 14:08:38,USR00072,USR00165,2826.18,P2P Transfer,P2M,Delhi,Tablet,BHIM,0,
TXN03158,2026-01-28 14:08:47,USR00146,USR00406,263.51,Food Delivery,P2M,Nagpur,iPhone,PhonePe,0,
TXN04288,2026-01-28 14:16:08,USR00222,USR00247,133.47,Travel,P2M,Chennai,iPhone,Paytm,0,
TXN08754,2026-01-28 14:16:32,USR00436,USR00203,7935.51,Entertainment,P2P,Chennai,Web,GPay,0,
TXN01591,2026-01-28 14:37:51,USR00093,USR00214,1690.64,Shopping,P2P,Surat,Web,BHIM,0,
TXN08653,2026-01-28 14:39:13,USR00392,USR00411,211.8,Shopping,P2M,Chennai,Web,Paytm,0,
TXN02935,2026-01-28 14:42:41,USR00431,USR00475,6250.03,Fuel,P2P,Pune,Android_Phone,GPay,0,
TXN05046,2026-01-28 14:52:48,USR00444,USR00136,341.55,Entertainment,P2M,Pune,iPhone,BHIM,0,
TXN03879,2026-01-28 14:54:59,USR00013,USR00102,261.74,Entertainment,P2M,Pune,Tablet,BHIM,0,
TXN08546,2026-01-28 15:03:55,USR00332,USR00240,10983.56,Healthcare,P2M,Surat,Android_Phone,BHIM,0,
TXN01687,2026-01-28 15:13:48,USR00122,USR00362,319.42,Shopping,P2M,Hyderabad,Web,Paytm,0,
TXN06041,2026-01-28 15:28:33,USR00431,USR00455,12541.64,Rent,P2M,Pune,Android_Phone,GPay,0,
TXN04784,2026-01-28 15:32:30,USR00442,USR00075,1321.1,Rent,P2P,Pune,Android_Phone,Paytm,0,
TXN03794,2026-01-28 15:47:49,USR00141,USR00038,18152.84,Fuel,P2P,Hyderabad,Tablet,BHIM,0,
TXN01646,2026-01-28 15:59:46,USR00133,USR00294,1283.83,Shopping,P2M,Surat,Android_Phone,GPay,0,
TXN08433,2026-01-28 16:56:30,USR00314,USR00250,13021.13,Food Delivery,P2P,Bengaluru,iPhone,GPay,0,
TXN04901,2026-01-28 16:56:53,USR00142,USR00034,15581.28,Healthcare,P2M,Mumbai,Tablet,Paytm,0,
TXN09263,2026-01-28 17:01:15,USR00186,USR00114,1206.27,Fuel,P2P,Jaipur,Tablet,GPay,0,
TXN08130,2026-01-28 17:11:37,USR00386,USR00260,429.17,Rent,P2P,Delhi,iPhone,Paytm,0,
TXN08033,2026-01-28 17:16:57,USR00279,USR00491,2633.4,Rent,P2M,Delhi,iPhone,BHIM,0,
TXN08761,2026-01-28 17:48:58,USR00417,USR00137,8912.97,Travel,P2M,Mumbai,iPhone,PhonePe,0,
TXN00883,2026-01-28 17:51:20,USR00054,USR00165,2648.01,Travel,P2M,Ahmedabad,Tablet,PhonePe,0,
TXN08940,2026-01-28 18:04:53,USR00396,USR00117,5224.99,P2P Transfer,P2M,Hyderabad,iPhone,PhonePe,0,
TXN02971,2026-01-28 18:08:39,USR00033,USR00204,877.93,Education,P2P,Hyderabad,Android_Phone,AmazonPay,0,
TXN02444,2026-01-28 18:25:18,USR00374,USR00071,13546.29,Education,P2P,Ahmedabad,Tablet,PhonePe,0,
TXN03667,2026-01-28 18:28:53,USR00353,USR00342,280.13,Travel,P2M,Jaipur,Tablet,Paytm,0,
TXN04900,2026-01-28 18:29:30,USR00275,USR00126,16363.95,Food Delivery,P2P,Bengaluru,iPhone,PhonePe,0,
TXN07476,2026-01-28 18:38:07,USR00056,USR00284,9526.4,Utilities,P2M,Hyderabad,Web,PhonePe,0,
TXN04438,2026-01-28 18:51:25,USR00159,USR00287,7106.5,Entertainment,P2M,Kolkata,Android_Phone,PhonePe,0,
TXN03010,2026-01-28 19:04:08,USR00301,USR00025,1399.67,Grocery,P2M,Mumbai,iPhone,Paytm,0,
TXN05530,2026-01-28 19:16:57,USR00254,USR00362,920.63,Utilities,P2M,Hyderabad,Android_Phone,PhonePe,0,
TXN01727,2026-01-28 19:19:35,USR00089,USR00467,8894.65,Shopping,P2P,Jaipur,Web,BHIM,0,
TXN00691,2026-01-28 19:22:13,USR00307,USR00364,8916.87,Rent,P2P,Hyderabad,Web,Paytm,0,
TXN08099,2026-01-28 19:22:58,USR00350,USR00433,307.85,P2P Transfer,P2P,Bengaluru,iPhone,PhonePe,0,
TXN04989,2026-01-28 19:25:17,USR00201,USR00111,285.28,Entertainment,P2P,Delhi,iPhone,BHIM,0,
TXN04082,2026-01-28 19:28:18,USR00057,USR00330,205.66,Rent,P2M,Nagpur,iPhone,GPay,0,
TXN03413,2026-01-28 19:33:54,USR00045,USR00105,5375.41,Healthcare,P2P,Kolkata,Tablet,BHIM,0,
TXN04191,2026-01-28 19:44:35,USR00005,USR00083,7095.52,P2P Transfer,P2P,Surat,Tablet,Paytm,0,
TXN02451,2026-01-28 20:10:17,USR00051,USR00013,13995.03,Shopping,P2P,Bengaluru,Android_Phone,Paytm,0,
TXN01121,2026-01-28 20:11:20,USR00463,USR00165,2835.14,Shopping,P2M,Lucknow,iPhone,PhonePe,0,
TXN04493,2026-01-28 20:11:51,USR00000,USR00379,239.25,Grocery,P2M,Nagpur,iPhone,AmazonPay,0,
TXN08423,2026-01-28 20:20:51,USR00459,USR00033,12714.81,Travel,P2P,Pune,Tablet,PhonePe,0,
TXN07670,2026-01-28 20:24:35,USR00277,USR00019,14114.14,Education,P2P,Bengaluru,Web,PhonePe,0,
TXN05682,2026-01-28 20:31:33,USR00336,USR00286,16971.82,Shopping,P2P,Ahmedabad,iPhone,BHIM,0,
TXN09416,2026-01-28 20:31:54,USR00014,USR00283,2872.42,Healthcare,P2M,Mumbai,Web,GPay,1,rapid_burst
TXN07631,2026-01-28 20:34:07,USR00471,USR00033,3908.09,Education,P2M,Delhi,Tablet,PhonePe,0,
TXN07569,2026-01-28 20:44:31,USR00016,USR00210,82.93,Grocery,P2M,Surat,Android_Phone,GPay,0,
TXN06624,2026-01-28 20:48:12,USR00168,USR00478,548.36,Grocery,P2M,Chennai,Tablet,Paytm,0,
TXN09321,2026-01-28 20:48:16,USR00234,USR00230,172.58,Grocery,P2P,Hyderabad,iPhone,Paytm,0,
TXN06772,2026-01-28 20:48:26,USR00200,USR00429,920.28,Travel,P2M,Jaipur,Android_Phone,GPay,0,
TXN01040,2026-01-28 20:48:59,USR00293,USR00040,745.98,Entertainment,P2P,Bengaluru,iPhone,BHIM,0,
TXN04586,2026-01-28 20:50:36,USR00196,USR00157,351.12,Fuel,P2P,Hyderabad,Web,Paytm,0,
TXN05547,2026-01-28 21:01:03,USR00201,USR00258,339.88,Healthcare,P2P,Delhi,iPhone,BHIM,0,
TXN09196,2026-01-28 21:05:28,USR00173,USR00471,687.85,P2P Transfer,P2P,Jaipur,iPhone,PhonePe,0,
TXN04188,2026-01-28 21:12:20,USR00035,USR00412,7148.07,Travel,P2P,Nagpur,Android_Phone,PhonePe,0,
TXN06818,2026-01-28 21:35:52,USR00386,USR00205,447.64,Entertainment,P2P,Delhi,iPhone,Paytm,0,
TXN06107,2026-01-28 22:11:28,USR00197,USR00160,5099.21,Utilities,P2M,Chennai,Tablet,GPay,0,
TXN01834,2026-01-28 22:12:28,USR00234,USR00230,202.54,P2P Transfer,P2P,Hyderabad,iPhone,Paytm,0,
TXN06865,2026-01-28 22:24:59,USR00379,USR00008,523.03,Food Delivery,P2P,Pune,Android_Phone,AmazonPay,0,
TXN04785,2026-01-28 22:38:34,USR00065,USR00135,267.11,Travel,P2P,Pune,Android_Phone,PhonePe,0,
TXN01420,2026-01-28 22:39:26,USR00282,USR00163,3907.88,Grocery,P2P,Pune,Android_Phone,GPay,0,
TXN02464,2026-01-28 22:39:29,USR00013,USR00386,236.71,Shopping,P2P,Pune,Tablet,BHIM,0,
TXN00185,2026-01-28 22:42:52,USR00295,USR00301,429.67,Education,P2M,Kolkata,Android_Phone,AmazonPay,0,
TXN08206,2026-01-28 22:50:37,USR00418,USR00402,2605.01,Education,P2M,Kolkata,Web,BHIM,0,
TXN09887,2026-01-29 04:22:31,USR00143,USR00070,44492.0,Fuel,P2P,Chennai,Web,Paytm,1,"high_amount,odd_hour"
TXN09885,2026-01-29 06:01:52,USR00156,USR00167,9310.16,Travel,P2P,Pune,Web,AmazonPay,1,"rapid_burst,new_device"
TXN07072,2026-01-29 06:12:37,USR00449,USR00034,1109.05,Healthcare,P2P,Mumbai,Web,Paytm,0,
TXN03870,2026-01-29 06:16:05,USR00496,USR00075,822.24,Food Delivery,P2P,Lucknow,iPhone,PhonePe,0,
TXN00675,2026-01-29 06:24:55,USR00437,USR00482,374.11,Rent,P2P,Pune,iPhone,Paytm,0,
TXN05155,2026-01-29 06:42:33,USR00072,USR00059,1921.95,Entertainment,P2P,Delhi,Tablet,BHIM,0,
TXN04906,2026-01-29 06:42:46,USR00387,USR00134,1058.09,Education,P2P,Delhi,Tablet,Paytm,0,
TXN07852,2026-01-29 06:49:36,USR00087,USR00325,48.26,Shopping,P2M,Pune,Web,Paytm,0,
TXN00359,2026-01-29 07:03:17,USR00264,USR00048,137.0,Travel,P2M,Ahmedabad,Web,AmazonPay,0,
TXN06882,2026-01-29 07:23:15,USR00165,USR00214,279.9,Utilities,P2P,Mumbai,iPhone,PhonePe,0,
TXN05441,2026-01-29 07:24:49,USR00095,USR00327,52.38,Travel,P2M,Delhi,Tablet,GPay,0,
TXN04926,2026-01-29 07:36:55,USR00069,USR00046,2750.52,Food Delivery,P2M,Lucknow,Web,AmazonPay,0,
TXN04304,2026-01-29 07:38:29,USR00325,USR00131,920.73,Rent,P2P,Nagpur,Android_Phone,PhonePe,0,
TXN01252,2026-01-29 07:45:20,USR00486,USR00179,305.31,Shopping,P2M,Pune,Android_Phone,Paytm,0,
TXN06963,2026-01-29 08:01:00,USR00435,USR00281,7624.54,Food Delivery,P2P,Chennai,Tablet,BHIM,0,
TXN09092,2026-01-29 08:04:57,USR00120,USR00144,111.14,Healthcare,P2M,Jaipur,Tablet,BHIM,0,
TXN00923,2026-01-29 08:07:56,USR00151,USR00047,362.15,Healthcare,P2M,Surat,iPhone,PhonePe,0,
TXN08970,2026-01-29 08:24:24,USR00285,USR00053,3760.39,Entertainment,P2P,Mumbai,Web,Paytm,0,
TXN00652,2026-01-29 08:25:11,USR00205,USR00359,1119.88,Education,P2M,Mumbai,Tablet,GPay,0,
TXN09225,2026-01-29 08:28:22,USR00142,USR00120,13156.61,Entertainment,P2M,Mumbai,Tablet,Paytm,0,
TXN05764,2026-01-29 08:33:51,USR00204,USR00423,2477.18,Fuel,P2P,Nagpur,iPhone,GPay,0,
TXN07538,2026-01-29 08:38:34,USR00358,USR00199,1687.84,Travel,P2P,Surat,Tablet,GPay,0,
TXN05770,2026-01-29 08:41:43,USR00243,USR00202,15119.74,Rent,P2M,Chennai,Android_Phone,Paytm,0,
TXN04798,2026-01-29 08:43:20,USR00368,USR00302,1420.42,Entertainment,P2P,Lucknow,Android_Phone,AmazonPay,0,
TXN07343,2026-01-29 08:43:40,USR00192,USR00211,989.46,Food Delivery,P2M,Mumbai,Tablet,BHIM,0,
TXN02090,2026-01-29 08:50:14,USR00338,USR00096,132.17,Fuel,P2P,Delhi,Tablet,BHIM,0,
TXN07870,2026-01-29 08:57:37,USR00364,USR00460,11902.07,Grocery,P2P,Lucknow,Web,Paytm,0,
TXN07159,2026-01-29 09:04:33,USR00291,USR00031,13558.33,Education,P2P,Lucknow,Tablet,BHIM,0,
TXN08571,2026-01-29 09:06:09,USR00055,USR00172,43.22,Entertainment,P2M,Lucknow,Tablet,Paytm,0,
TXN07291,2026-01-29 09:08:18,USR00192,USR00068,2182.97,Shopping,P2P,Mumbai,Tablet,BHIM,0,
TXN06097,2026-01-29 09:18:13,USR00333,USR00329,1980.04,Entertainment,P2P,Mumbai,Web,PhonePe,0,
TXN01519,2026-01-29 09:29:58,USR00402,USR00074,2346.66,Rent,P2M,Kolkata,Tablet,PhonePe,0,
TXN00350,2026-01-29 09:47:01,USR00227,USR00343,2133.16,Rent,P2M,Ahmedabad,iPhone,BHIM,0,
TXN04569,2026-01-29 10:25:35,USR00298,USR00444,483.6,Grocery,P2P,Ahmedabad,Web,PhonePe,0,
TXN04741,2026-01-29 10:35:42,USR00358,USR00221,1795.49,Travel,P2P,Surat,Tablet,GPay,0,
TXN08672,2026-01-29 10:38:09,USR00473,USR00066,8296.36,Utilities,P2P,Hyderabad,Web,AmazonPay,0,
TXN04892,2026-01-29 10:41:35,USR00020,USR00160,445.6,Rent,P2M,Lucknow,Android_Phone,BHIM,0,
TXN06148,2026-01-29 10:54:53,USR00486,USR00138,127.49,Shopping,P2P,Pune,Android_Phone,Paytm,0,
TXN05512,2026-01-29 10:55:36,USR00382,USR00278,1216.5,P2P Transfer,P2M,Delhi,iPhone,Paytm,0,
TXN03936,2026-01-29 11:02:27,USR00158,USR00004,470.28,Grocery,P2P,Lucknow,Tablet,BHIM,0,
TXN08901,2026-01-29 11:09:23,USR00301,USR00016,1228.44,Shopping,P2P,Mumbai,iPhone,Paytm,0,
TXN07303,2026-01-29 12:06:24,USR00340,USR00354,519.25,Fuel,P2M,Jaipur,Tablet,PhonePe,0,
TXN02793,2026-01-29 12:20:04,USR00443,USR00256,1181.05,Education,P2M,Delhi,Web,PhonePe,0,
TXN09114,2026-01-29 12:21:09,USR00488,USR00358,114.62,Food Delivery,P2M,Bengaluru,Tablet,BHIM,0,
TXN03886,2026-01-29 12:25:02,USR00084,USR00326,2446.12,Entertainment,P2P,Ahmedabad,iPhone,Paytm,0,
TXN03326,2026-01-29 12:48:31,USR00395,USR00181,1948.61,Fuel,P2P,Delhi,Web,AmazonPay,0,
TXN07850,2026-01-29 12:49:17,USR00309,USR00273,10170.92,Entertainment,P2P,Chennai,iPhone,BHIM,0,
TXN05798,2026-01-29 12:55:57,USR00339,USR00337,8237.42,Grocery,P2M,Mumbai,Tablet,AmazonPay,0,
TXN00076,2026-01-29 12:56:18,USR00389,USR00314,146.52,Utilities,P2P,Mumbai,iPhone,GPay,0,
TXN02390,2026-01-29 13:30:51,USR00474,USR00060,214.44,Food Delivery,P2P,Pune,Web,BHIM,0,
TXN04463,2026-01-29 13:39:06,USR00038,USR00491,425.45,Entertainment,P2P,Jaipur,iPhone,PhonePe,0,
TXN08932,2026-01-29 13:40:48,USR00102,USR00160,886.16,Rent,P2P,Chennai,Tablet,BHIM,0,
TXN06428,2026-01-29 13:48:35,USR00461,USR00198,703.05,Shopping,P2P,Nagpur,Tablet,AmazonPay,0,
TXN03952,2026-01-29 13:58:53,USR00261,USR00155,5292.9,Food Delivery,P2P,Hyderabad,iPhone,Paytm,0,
TXN06244,2026-01-29 14:06:59,USR00294,USR00284,443.33,Grocery,P2P,Delhi,Android_Phone,Paytm,0,
TXN02121,2026-01-29 14:08:49,USR00312,USR00211,297.63,Rent,P2P,Jaipur,Tablet,PhonePe,0,
TXN04137,2026-01-29 14:17:40,USR00340,USR00088,610.01,Fuel,P2M,Jaipur,Tablet,PhonePe,0,
TXN01724,2026-01-29 14:18:49,USR00055,USR00194,36.63,Healthcare,P2M,Lucknow,Tablet,Paytm,0,
TXN05005,2026-01-29 14:28:47,USR00402,USR00409,2189.26,Utilities,P2P,Kolkata,Tablet,PhonePe,0,
TXN00514,2026-01-29 14:31:43,USR00417,USR00052,14332.34,Utilities,P2M,Mumbai,iPhone,PhonePe,0,
TXN06529,2026-01-29 14:43:53,USR00367,USR00423,1434.87,Fuel,P2P,Surat,iPhone,AmazonPay,0,
TXN01523,2026-01-29 14:52:01,USR00412,USR00246,1807.72,Education,P2M,Jaipur,Tablet,GPay,0,
TXN01840,2026-01-29 15:10:51,USR00377,USR00490,718.48,Entertainment,P2P,Bengaluru,Android_Phone,BHIM,0,
TXN02677,2026-01-29 15:24:54,USR00486,USR00179,276.07,Grocery,P2M,Pune,Android_Phone,Paytm,0,
TXN03602,2026-01-29 15:28:47,USR00036,USR00158,146.78,Fuel,P2M,Nagpur,Android_Phone,Paytm,0,
TXN07619,2026-01-29 15:29:09,USR00249,USR00459,13009.54,P2P Transfer,P2P,Nagpur,iPhone,PhonePe,0,
TXN03181,2026-01-29 15:51:58,USR00161,USR00365,78.97,Education,P2M,Mumbai,Android_Phone,BHIM,0,
TXN06197,2026-01-29 16:09:17,USR00348,USR00301,324.31,Entertainment,P2P,Pune,Tablet,AmazonPay,0,
TXN08019,2026-01-29 16:10:25,USR00090,USR00202,396.39,Fuel,P2M,Jaipur,Tablet,Paytm,0,
TXN04348,2026-01-29 16:13:13,USR00266,USR00054,16632.75,Utilities,P2M,Lucknow,iPhone,PhonePe,0,
TXN05823,2026-01-29 16:29:04,USR00376,USR00022,16025.07,Healthcare,P2M,Surat,iPhone,AmazonPay,0,
TXN00152,2026-01-29 16:35:26,USR00351,USR00037,367.29,Healthcare,P2P,Ahmedabad,Web,AmazonPay,0,
TXN02339,2026-01-29 16:38:17,USR00175,USR00169,1910.74,Healthcare,P2P,Bengaluru,Tablet,PhonePe,0,
TXN05131,2026-01-29 16:53:31,USR00007,USR00335,115.81,Shopping,P2M,Lucknow,iPhone,BHIM,0,
TXN05337,2026-01-29 16:54:43,USR00436,USR00229,5069.3,Shopping,P2P,Chennai,Web,GPay,0,
TXN01794,2026-01-29 16:55:44,USR00206,USR00138,8276.65,Fuel,P2M,Pune,iPhone,Paytm,0,
TXN04787,2026-01-29 17:02:17,USR00259,USR00468,1999.03,Food Delivery,P2M,Pune,Tablet,Paytm,0,
TXN02244,2026-01-29 17:05:04,USR00203,USR00123,319.13,Travel,P2M,Delhi,Android_Phone,Paytm,0,
TXN01279,2026-01-29 17:09:18,USR00274,USR00112,12960.01,Healthcare,P2M,Mumbai,iPhone,Paytm,0,
TXN06822,2026-01-29 17:11:43,USR00406,USR00323,430.77,Food Delivery,P2M,Lucknow,Tablet,PhonePe,0,
TXN03808,2026-01-29 17:46:44,USR00178,USR00031,278.23,P2P Transfer,P2M,Surat,Web,GPay,0,
TXN00053,2026-01-29 18:04:51,USR00304,USR00346,1617.92,Healthcare,P2M,Surat,iPhone,BHIM,0,
TXN07171,2026-01-29 18:14:13,USR00435,USR00166,8869.62,Education,P2M,Chennai,Tablet,BHIM,0,
TXN03309,2026-01-29 18:16:21,USR00129,USR00466,9102.32,Food Delivery,P2M,Ahmedabad,Web,PhonePe,0,
TXN06040,2026-01-29 18:40:01,USR00325,USR00131,1065.33,Travel,P2P,Nagpur,Android_Phone,PhonePe,0,
TXN04381,2026-01-29 18:43:39,USR00304,USR00137,1573.03,Travel,P2M,Surat,iPhone,BHIM,0,
TXN04320,2026-01-29 18:43:47,USR00194,USR00411,5032.74,Fuel,P2M,Delhi,Android_Phone,AmazonPay,0,
TXN00628,2026-01-29 18:58:56,USR00335,USR00260,219.27,Healthcare,P2P,Delhi,Android_Phone,AmazonPay,0,
TXN06158,2026-01-29 19:01:32,USR00309,USR00326,8271.59,Education,P2M,Chennai,iPhone,BHIM,0,
TXN05213,2026-01-29 19:03:22,USR00292,USR00264,344.61,Education,P2P,Jaipur,Android_Phone,PhonePe,0,
TXN08542,2026-01-29 19:07:11,USR00230,USR00147,10984.44,Grocery,P2M,Jaipur,iPhone,PhonePe,0,
TXN08589,2026-01-29 19:21:01,USR00459,USR00387,12002.96,Utilities,P2M,Pune,Tablet,PhonePe,0,
TXN02837,2026-01-29 19:32:05,USR00473,USR00294,12746.8,Travel,P2P,Hyderabad,Web,AmazonPay,0,
TXN01191,2026-01-29 19:37:27,USR00299,USR00045,407.62,Food Delivery,P2M,Nagpur,Web,PhonePe,0,
TXN03334,2026-01-29 19:44:29,USR00160,USR00191,8647.46,Grocery,P2M,Lucknow,Web,Paytm,0,
TXN01444,2026-01-29 19:47:58,USR00230,USR00250,11578.67,Education,P2M,Jaipur,iPhone,PhonePe,0,
TXN02616,2026-01-29 19:54:07,USR00192,USR00285,1727.81,Utilities,P2M,Mumbai,Tablet,BHIM,0,
TXN00123,2026-01-29 20:01:50,USR00252,USR00158,1625.54,Utilities,P2M,Hyderabad,iPhone,AmazonPay,0,
TXN07963,2026-01-29 20:04:49,USR00139,USR00410,2502.59,Shopping,P2P,Jaipur,Web,GPay,0,
TXN05463,2026-01-29 20:21:41,USR00192,USR00271,2288.18,Rent,P2M,Mumbai,Tablet,BHIM,0,
TXN05624,2026-01-29 20:28:36,USR00442,USR00067,845.85,Utilities,P2P,Pune,Android_Phone,Paytm,0,
TXN06550,2026-01-29 21:17:00,USR00201,USR00111,168.83,Food Delivery,P2M,Delhi,iPhone,BHIM,0,
TXN02220,2026-01-29 21:20:13,USR00070,USR00299,1151.51,Fuel,P2M,Hyderabad,Tablet,BHIM,0,
TXN05738,2026-01-29 21:23:38,USR00080,USR00135,12390.09,Food Delivery,P2M,Delhi,iPhone,BHIM,0,
TXN03234,2026-01-29 21:35:55,USR00327,USR00375,11216.24,Education,P2M,Lucknow,Tablet,Paytm,0,
TXN09640,2026-01-29 21:40:47,USR00104,USR00122,1488.85,Food Delivery,P2M,Surat,Web,Paytm,1,"new_receiver,high_amount"
TXN02094,2026-01-29 21:50:08,USR00201,USR00258,262.93,Grocery,P2M,Delhi,iPhone,BHIM,0,
TXN01056,2026-01-29 21:54:25,USR00257,USR00130,184.8,Education,P2M,Ahmedabad,Android_Phone,AmazonPay,0,
TXN05348,2026-01-29 21:54:52,USR00163,USR00460,1059.47,Food Delivery,P2M,Lucknow,Tablet,GPay,0,
TXN09843,2026-01-29 22:19:34,USR00046,USR00417,12917.28,Education,P2M,Jaipur,Tablet,Paytm,1,new_receiver
TXN05711,2026-01-29 22:30:12,USR00021,USR00206,16370.01,Travel,P2M,Surat,Android_Phone,AmazonPay,0,
TXN03121,2026-01-29 22:48:22,USR00011,USR00191,15453.95,Travel,P2P,Surat,Web,AmazonPay,0,
TXN09113,2026-01-29 22:52:14,USR00181,USR00280,815.5,Healthcare,P2P,Delhi,Web,PhonePe,0,
TXN07679,2026-01-29 22:53:27,USR00105,USR00188,363.75,Grocery,P2M,Delhi,iPhone,Paytm,0,
TXN09588,2026-01-30 06:01:36,USR00411,USR00239,1916.17,Education,P2P,Chennai,iPhone,Paytm,1,new_device
TXN06686,2026-01-30 06:21:14,USR00290,USR00428,112.28,P2P Transfer,P2M,Ahmedabad,Tablet,GPay,0,
TXN03111,2026-01-30 06:23:56,USR00309,USR00351,12119.92,Food Delivery,P2P,Chennai,iPhone,BHIM,0,
TXN06273,2026-01-30 06:24:50,USR00041,USR00356,11998.09,Fuel,P2P,Pune,Tablet,AmazonPay,0,
TXN02370,2026-01-30 06:34:14,USR00087,USR00112,74.16,Grocery,P2M,Pune,Web,Paytm,0,
TXN09808,2026-01-30 06:34:59,USR00049,USR00450,2958.3,Shopping,P2P,Chennai,Android_Phone,GPay,1,"new_receiver,rapid_burst"
TXN01006,2026-01-30 06:48:59,USR00153,USR00247,1312.66,Healthcare,P2M,Surat,Web,BHIM,0,
TXN02984,2026-01-30 06:50:48,USR00456,USR00381,10257.75,Entertainment,P2M,Kolkata,Web,Paytm,0,
TXN03587,2026-01-30 07:22:40,USR00075,USR00361,3792.74,Food Delivery,P2M,Ahmedabad,iPhone,BHIM,0,
TXN04291,2026-01-30 07:51:14,USR00052,USR00412,11628.07,Grocery,P2P,Nagpur,Android_Phone,GPay,0,
TXN09681,2026-01-30 07:54:34,USR00088,USR00046,17317.35,Grocery,P2M,Lucknow,Android_Phone,Paytm,1,high_amount
TXN02924,2026-01-30 08:05:22,USR00333,USR00206,2036.17,P2P Transfer,P2P,Mumbai,Web,PhonePe,0,
TXN00823,2026-01-30 08:06:42,USR00015,USR00109,3077.61,Education,P2M,Hyderabad,iPhone,AmazonPay,0,
TXN06885,2026-01-30 08:06:44,USR00241,USR00050,5050.98,Grocery,P2M,Chennai,Tablet,BHIM,0,
TXN06462,2026-01-30 08:07:20,USR00122,USR00043,307.38,Entertainment,P2M,Hyderabad,Web,Paytm,0,
TXN08708,2026-01-30 08:14:43,USR00151,USR00273,345.6,Fuel,P2P,Surat,iPhone,PhonePe,0,
TXN00902,2026-01-30 08:19:31,USR00483,USR00198,12458.76,Grocery,P2M,Nagpur,iPhone,AmazonPay,0,
TXN04593,2026-01-30 08:31:45,USR00239,USR00249,5505.78,Grocery,P2M,Nagpur,Web,AmazonPay,0,
TXN04312,2026-01-30 08:33:21,USR00455,USR00285,2613.28,Entertainment,P2P,Chennai,iPhone,GPay,0,
TXN02253,2026-01-30 08:34:50,USR00029,USR00183,493.85,Grocery,P2P,Chennai,Web,PhonePe,0,
TXN06303,2026-01-30 08:35:57,USR00415,USR00320,9748.76,Grocery,P2P,Pune,Tablet,AmazonPay,0,
TXN08576,2026-01-30 08:48:39,USR00449,USR00004,848.79,Travel,P2P,Mumbai,Web,Paytm,0,
TXN04808,2026-01-30 09:15:10,USR00238,USR00323,549.03,Education,P2P,Ahmedabad,Tablet,BHIM,0,
TXN06015,2026-01-30 09:15:43,USR00449,USR00335,872.07,Utilities,P2P,Mumbai,Web,Paytm,0,
TXN05954,2026-01-30 09:28:42,USR00168,USR00407,486.86,Rent,P2M,Chennai,Tablet,Paytm,0,
TXN07910,2026-01-30 09:41:29,USR00425,USR00352,2157.01,Fuel,P2M,Ahmedabad,Web,Paytm,0,
TXN02711,2026-01-30 09:45:15,USR00460,USR00313,891.87,Entertainment,P2M,Lucknow,Android_Phone,AmazonPay,0,
TXN02976,2026-01-30 10:14:11,USR00328,USR00332,14688.58,Food Delivery,P2M,Nagpur,Tablet,PhonePe,0,
TXN05009,2026-01-30 10:31:25,USR00328,USR00453,12121.9,Grocery,P2M,Nagpur,Tablet,PhonePe,0,
TXN00455,2026-01-30 11:01:39,USR00257,USR00085,171.93,Entertainment,P2P,Ahmedabad,Android_Phone,AmazonPay,0,
TXN06962,2026-01-30 11:03:13,USR00369,USR00256,426.08,Utilities,P2M,Bengaluru,Web,AmazonPay,0,
TXN03896,2026-01-30 11:14:14,USR00229,USR00214,12669.87,Rent,P2M,Nagpur,Web,AmazonPay,0,
TXN01092,2026-01-30 11:15:37,USR00031,USR00055,1357.15,Education,P2M,Hyderabad,iPhone,BHIM,0,
TXN09197,2026-01-30 11:28:11,USR00003,USR00373,2491.86,Healthcare,P2M,Lucknow,Web,AmazonPay,0,
TXN04874,2026-01-30 11:29:28,USR00318,USR00485,478.56,Food Delivery,P2P,Pune,Web,BHIM,0,
TXN02965,2026-01-30 11:41:50,USR00385,USR00396,9703.97,Grocery,P2P,Hyderabad,Tablet,BHIM,0,
TXN05658,2026-01-30 12:07:09,USR00189,USR00148,13375.43,Shopping,P2M,Mumbai,iPhone,AmazonPay,0,
TXN03753,2026-01-30 12:08:25,USR00228,USR00344,851.94,Food Delivery,P2M,Lucknow,Tablet,Paytm,0,
TXN01482,2026-01-30 12:17:23,USR00130,USR00114,381.89,Education,P2P,Kolkata,iPhone,GPay,0,
TXN01637,2026-01-30 12:47:02,USR00421,USR00348,2406.61,Utilities,P2P,Jaipur,Android_Phone,Paytm,0,
TXN05818,2026-01-30 12:58:22,USR00007,USR00255,96.58,Rent,P2P,Lucknow,iPhone,BHIM,0,
TXN07094,2026-01-30 12:59:51,USR00457,USR00118,8346.9,Fuel,P2M,Lucknow,Web,GPay,0,
TXN00586,2026-01-30 13:07:08,USR00096,USR00416,1704.67,Grocery,P2M,Delhi,iPhone,Paytm,0,
TXN04428,2026-01-30 13:14:52,USR00349,USR00376,20699.05,Entertainment,P2M,Bengaluru,Android_Phone,BHIM,0,
TXN00639,2026-01-30 13:24:05,USR00272,USR00255,10743.4,Healthcare,P2P,Lucknow,Android_Phone,AmazonPay,0,
TXN03758,2026-01-30 13:45:09,USR00064,USR00267,214.82,Education,P2P,Lucknow,Tablet,BHIM,0,
TXN03451,2026-01-30 13:50:50,USR00427,USR00397,1539.7,Utilities,P2M,Jaipur,Web,AmazonPay,0,
TXN00663,2026-01-30 13:56:13,USR00040,USR00322,2537.87,Utilities,P2M,Ahmedabad,Android_Phone,BHIM,0,
TXN03777,2026-01-30 14:03:38,USR00400,USR00241,549.57,Entertainment,P2P,Pune,Web,Paytm,0,
TXN09831,2026-01-30 14:21:04,USR00412,USR00158,2212.51,P2P Transfer,P2P,Ahmedabad,Tablet,GPay,1,new_location
TXN06233,2026-01-30 14:32:57,USR00410,USR00126,1589.86,Shopping,P2P,Delhi,iPhone,BHIM,0,
TXN04924,2026-01-30 14:40:04,USR00259,USR00468,3042.63,Food Delivery,P2M,Pune,Tablet,Paytm,0,
TXN01562,2026-01-30 15:02:14,USR00002,USR00390,1875.95,Shopping,P2M,Chennai,Tablet,Paytm,0,
TXN02262,2026-01-30 15:47:37,USR00040,USR00367,2442.71,Entertainment,P2M,Ahmedabad,Android_Phone,BHIM,0,
TXN04436,2026-01-30 15:55:38,USR00085,USR00300,498.85,Entertainment,P2P,Delhi,iPhone,BHIM,0,
TXN08717,2026-01-30 16:12:14,USR00320,USR00024,12326.83,Entertainment,P2P,Jaipur,Web,GPay,0,
TXN04704,2026-01-30 16:17:24,USR00341,USR00203,7023.47,Grocery,P2M,Lucknow,Tablet,Paytm,0,
TXN00888,2026-01-30 16:29:20,USR00124,USR00432,1864.2,Shopping,P2M,Delhi,iPhone,AmazonPay,0,
TXN04226,2026-01-30 16:31:28,USR00194,USR00411,4565.27,Entertainment,P2P,Delhi,Android_Phone,AmazonPay,0,
TXN04861,2026-01-30 16:32:05,USR00083,USR00125,9813.94,Grocery,P2M,Kolkata,Web,AmazonPay,0,
TXN02169,2026-01-30 16:36:44,USR00013,USR00386,324.84,Shopping,P2M,Pune,Tablet,BHIM,0,
TXN07150,2026-01-30 17:12:13,USR00422,USR00184,809.89,Rent,P2M,Ahmedabad,Web,PhonePe,0,
TXN09894,2026-01-30 17:38:57,USR00252,USR00100,1666.61,Food Delivery,P2P,Hyderabad,iPhone,AmazonPay,1,new_receiver
TXN02380,2026-01-30 18:48:23,USR00137,USR00158,199.52,Fuel,P2P,Mumbai,iPhone,AmazonPay,0,
TXN02648,2026-01-30 19:01:00,USR00061,USR00385,11838.05,P2P Transfer,P2P,Nagpur,Web,BHIM,0,
TXN01816,2026-01-30 19:04:15,USR00300,USR00069,2363.96,Rent,P2P,Nagpur,Web,AmazonPay,0,
TXN05070,2026-01-30 19:20:20,USR00478,USR00427,2520.1,Food Delivery,P2M,Nagpur,Tablet,Paytm,0,
TXN05662,2026-01-30 19:41:14,USR00061,USR00326,16051.46,Fuel,P2M,Nagpur,Web,BHIM,0,
TXN00070,2026-01-30 19:49:07,USR00382,USR00278,1397.1,Shopping,P2P,Delhi,iPhone,Paytm,0,
TXN08368,2026-01-30 20:14:14,USR00239,USR00249,7384.95,Shopping,P2P,Nagpur,Web,AmazonPay,0,
TXN07641,2026-01-30 20:17:18,USR00086,USR00294,3162.74,Shopping,P2P,Kolkata,iPhone,BHIM,0,
TXN04758,2026-01-30 20:25:48,USR00440,USR00334,9564.74,P2P Transfer,P2P,Delhi,Tablet,AmazonPay,0,
TXN05504,2026-01-30 20:37:52,USR00097,USR00443,1391.65,Travel,P2M,Bengaluru,Web,GPay,0,
TXN04315,2026-01-30 20:38:38,USR00293,USR00040,412.53,P2P Transfer,P2M,Bengaluru,iPhone,BHIM,0,
TXN03912,2026-01-30 20:38:45,USR00002,USR00110,1449.23,Entertainment,P2P,Chennai,Tablet,Paytm,0,
TXN03944,2026-01-30 20:46:29,USR00239,USR00486,6197.23,P2P Transfer,P2M,Nagpur,Web,AmazonPay,0,
TXN01763,2026-01-30 20:55:52,USR00388,USR00089,1266.55,Shopping,P2P,Nagpur,Web,BHIM,0,
TXN09902,2026-01-30 21:00:01,USR00275,USR00336,12949.84,P2P Transfer,P2M,Jaipur,iPhone,PhonePe,1,new_location
TXN03270,2026-01-30 21:03:59,USR00318,USR00464,621.6,Shopping,P2M,Pune,Web,BHIM,0,
TXN08782,2026-01-30 21:26:18,USR00425,USR00010,2493.46,Fuel,P2P,Ahmedabad,Web,Paytm,0,
TXN07115,2026-01-30 21:34:54,USR00151,USR00047,198.17,Grocery,P2P,Surat,iPhone,PhonePe,0,
TXN01427,2026-01-30 21:45:28,USR00443,USR00256,1279.1,Food Delivery,P2P,Delhi,Web,PhonePe,0,
TXN09036,2026-01-30 22:07:05,USR00081,USR00035,13946.96,Healthcare,P2M,Jaipur,Tablet,PhonePe,0,
TXN06471,2026-01-30 22:38:15,USR00427,USR00397,1459.16,Shopping,P2P,Jaipur,Web,AmazonPay,0,
TXN07561,2026-01-30 22:46:40,USR00278,USR00470,488.18,Utilities,P2P,Bengaluru,iPhone,Paytm,0,
TXN09924,2026-01-31 03:10:05,USR00071,USR00082,180.66,Entertainment,P2M,Surat,Web,Paytm,1,"odd_hour,rapid_burst"
TXN09661,2026-01-31 03:23:05,USR00094,USR00486,22401.7,Utilities,P2P,Pune,Web,GPay,1,"high_amount,odd_hour"
TXN05434,2026-01-31 06:16:01,USR00201,USR00258,304.5,P2P Transfer,P2M,Delhi,iPhone,BHIM,0,
TXN06908,2026-01-31 06:24:18,USR00308,USR00348,1604.3,Education,P2M,Surat,Tablet,BHIM,0,
TXN04015,2026-01-31 06:57:12,USR00144,USR00134,184.06,P2P Transfer,P2M,Jaipur,Tablet,Paytm,0,
TXN07675,2026-01-31 07:01:42,USR00174,USR00152,144.34,Healthcare,P2P,Mumbai,Web,AmazonPay,0,
TXN07889,2026-01-31 07:17:53,USR00011,USR00390,10382.5,Rent,P2M,Surat,Web,AmazonPay,0,
TXN00640,2026-01-31 07:23:00,USR00359,USR00044,9458.77,Grocery,P2M,Hyderabad,Android_Phone,BHIM,0,
TXN06921,2026-01-31 07:32:41,USR00320,USR00055,9659.98,Food Delivery,P2M,Jaipur,Web,GPay,0,
TXN08358,2026-01-31 07:41:14,USR00075,USR00212,3653.25,Fuel,P2P,Ahmedabad,iPhone,BHIM,0,
TXN07745,2026-01-31 07:43:17,USR00007,USR00202,103.12,Rent,P2M,Lucknow,iPhone,BHIM,0,
TXN09276,2026-01-31 07:49:17,USR00483,USR00235,8099.96,Grocery,P2M,Nagpur,iPhone,AmazonPay,0,
TXN05863,2026-01-31 07:55:28,USR00443,USR00222,1505.17,Entertainment,P2M,Delhi,Web,PhonePe,0,
TXN08208,2026-01-31 08:06:53,USR00093,USR00380,2413.25,Education,P2M,Surat,Web,BHIM,0,
TXN01914,2026-01-31 08:23:43,USR00048,USR00172,2288.71,Utilities,P2P,Kolkata,Web,BHIM,0,
TXN06171,2026-01-31 08:24:51,USR00262,USR00325,2644.91,Grocery,P2P,Mumbai,Tablet,GPay,0,
TXN00305,2026-01-31 08:51:47,USR00232,USR00140,82.18,Fuel,P2M,Hyderabad,iPhone,AmazonPay,0,
TXN08346,2026-01-31 08:57:31,USR00041,USR00356,10281.45,P2P Transfer,P2P,Pune,Tablet,AmazonPay,0,
TXN04606,2026-01-31 09:14:20,USR00321,USR00078,136.72,Grocery,P2P,Jaipur,Android_Phone,GPay,0,
TXN08006,2026-01-31 09:17:21,USR00445,USR00176,1304.35,Food Delivery,P2M,Pune,Web,Paytm,0,
TXN01215,2026-01-31 09:20:34,USR00189,USR00148,7434.63,Food Delivery,P2P,Mumbai,iPhone,AmazonPay,0,
TXN01736,2026-01-31 09:37:50,USR00277,USR00028,14691.2,Travel,P2M,Bengaluru,Web,PhonePe,0,
TXN08338,2026-01-31 09:44:07,USR00076,USR00212,4056.27,Grocery,P2M,Delhi,iPhone,Paytm,0,
TXN04618,2026-01-31 09:53:09,USR00144,USR00467,160.64,Entertainment,P2P,Jaipur,Tablet,Paytm,0,
TXN06361,2026-01-31 10:26:35,USR00327,USR00449,9897.87,Healthcare,P2M,Lucknow,Tablet,Paytm,0,
TXN03627,2026-01-31 10:42:04,USR00314,USR00399,16299.89,Entertainment,P2M,Bengaluru,iPhone,GPay,0,
TXN08565,2026-01-31 10:51:02,USR00061,USR00326,16193.46,Entertainment,P2P,Nagpur,Web,BHIM,0,
TXN02174,2026-01-31 11:09:10,USR00423,USR00202,494.08,Rent,P2M,Hyderabad,iPhone,GPay,0,
TXN08722,2026-01-31 11:13:04,USR00478,USR00427,2946.8,P2P Transfer,P2P,Nagpur,Tablet,Paytm,0,
TXN06258,2026-01-31 11:15:36,USR00212,USR00401,299.29,Shopping,P2M,Lucknow,Android_Phone,BHIM,0,
TXN04083,2026-01-31 11:29:59,USR00047,USR00013,1492.53,Shopping,P2M,Ahmedabad,iPhone,BHIM,0,
TXN00197,2026-01-31 11:38:07,USR00452,USR00031,2253.41,Fuel,P2M,Pune,Web,BHIM,0,
TXN00245,2026-01-31 11:49:55,USR00130,USR00114,317.89,Food Delivery,P2P,Kolkata,iPhone,GPay,0,
TXN00195,2026-01-31 12:07:36,USR00203,USR00129,397.76,Travel,P2P,Delhi,Android_Phone,Paytm,0,
TXN02809,2026-01-31 12:21:46,USR00443,USR00357,1089.3,Utilities,P2P,Delhi,Web,PhonePe,0,
TXN00388,2026-01-31 12:23:51,USR00156,USR00167,8133.63,Rent,P2P,Pune,Tablet,AmazonPay,0,
TXN08106,2026-01-31 12:36:43,USR00196,USR00273,482.41,Rent,P2P,Hyderabad,Web,Paytm,0,
TXN01993,2026-01-31 12:41:38,USR00007,USR00108,103.82,Utilities,P2M,Lucknow,iPhone,BHIM,0,
TXN04314,2026-01-31 12:58:43,USR00289,USR00198,13000.02,Entertainment,P2P,Ahmedabad,Tablet,PhonePe,0,
TXN07053,2026-01-31 13:03:01,USR00213,USR00154,1123.34,Utilities,P2P,Bengaluru,iPhone,GPay,0,
TXN00824,2026-01-31 13:06:57,USR00165,USR00214,246.59,Healthcare,P2M,Mumbai,iPhone,PhonePe,0,
TXN05508,2026-01-31 13:08:41,USR00269,USR00421,338.14,Grocery,P2P,Mumbai,Android_Phone,BHIM,0,
TXN07762,2026-01-31 13:14:01,USR00165,USR00160,225.64,Shopping,P2P,Mumbai,iPhone,PhonePe,0,
TXN07585,2026-01-31 13:15:02,USR00387,USR00134,2186.3,Utilities,P2M,Delhi,Tablet,Paytm,0,
TXN01452,2026-01-31 13:36:12,USR00160,USR00499,12110.58,Entertainment,P2P,Lucknow,Web,Paytm,0,
TXN07988,2026-01-31 14:08:47,USR00028,USR00483,18952.95,Grocery,P2P,Delhi,Android_Phone,PhonePe,0,
TXN05824,2026-01-31 14:13:47,USR00051,USR00055,15948.98,Education,P2P,Bengaluru,Android_Phone,Paytm,0,
TXN05739,2026-01-31 14:23:11,USR00409,USR00449,259.32,Food Delivery,P2P,Delhi,Android_Phone,BHIM,0,
TXN07819,2026-01-31 14:32:06,USR00119,USR00256,280.41,Education,P2P,Chennai,iPhone,GPay,0,
TXN01326,2026-01-31 14:33:00,USR00422,USR00454,926.28,Entertainment,P2P,Ahmedabad,Web,PhonePe,0,
TXN08104,2026-01-31 14:33:16,USR00392,USR00262,148.51,Grocery,P2P,Chennai,Web,Paytm,0,
TXN01690,2026-01-31 14:37:05,USR00310,USR00241,3091.29,Education,P2P,Hyderabad,iPhone,Paytm,0,
TXN09730,2026-01-31 14:38:13,USR00270,USR00065,477.98,Education,P2M,Pune,Android_Phone,Paytm,1,rapid_burst
TXN01419,2026-01-31 14:38:30,USR00383,USR00352,229.1,Fuel,P2M,Kolkata,Android_Phone,BHIM,0,
TXN01779,2026-01-31 14:57:34,USR00472,USR00029,5817.92,Education,P2M,Nagpur,iPhone,AmazonPay,0,
TXN00063,2026-01-31 15:12:07,USR00002,USR00079,2747.2,P2P Transfer,P2M,Chennai,Tablet,Paytm,0,
TXN03007,2026-01-31 15:14:04,USR00153,USR00412,2579.89,Fuel,P2M,Surat,Web,BHIM,0,
TXN07104,2026-01-31 15:14:28,USR00163,USR00407,1288.04,Education,P2P,Lucknow,Tablet,GPay,0,
TXN01017,2026-01-31 15:23:23,USR00113,USR00010,101.22,Travel,P2P,Hyderabad,Tablet,Paytm,0,
TXN02426,2026-01-31 15:30:31,USR00429,USR00049,6298.79,Education,P2P,Kolkata,Web,GPay,0,
TXN05440,2026-01-31 15:33:02,USR00187,USR00126,1855.81,Education,P2P,Jaipur,Tablet,PhonePe,0,
TXN04000,2026-01-31 15:36:29,USR00279,USR00037,3262.2,Shopping,P2P,Delhi,iPhone,BHIM,0,
TXN09027,2026-01-31 15:37:59,USR00113,USR00207,113.13,P2P Transfer,P2M,Hyderabad,Tablet,Paytm,0,
TXN00223,2026-01-31 15:39:28,USR00499,USR00195,846.2,Fuel,P2M,Surat,Tablet,BHIM,0,
TXN04674,2026-01-31 15:43:02,USR00107,USR00379,180.2,Rent,P2P,Delhi,Tablet,GPay,0,
TXN02421,2026-01-31 15:51:39,USR00107,USR00379,144.34,Grocery,P2M,Delhi,Tablet,GPay,0,
TXN02502,2026-01-31 16:17:26,USR00104,USR00026,194.65,Grocery,P2M,Surat,Web,Paytm,0,
TXN06588,2026-01-31 16:23:23,USR00394,USR00004,6081.44,Travel,P2M,Chennai,iPhone,Paytm,0,
TXN01705,2026-01-31 16:31:59,USR00398,USR00295,16658.57,Healthcare,P2M,Kolkata,Web,GPay,0,
TXN01552,2026-01-31 16:32:38,USR00452,USR00320,1788.94,Entertainment,P2P,Pune,Web,BHIM,0,
TXN08252,2026-01-31 16:48:04,USR00131,USR00388,14062.28,Rent,P2M,Ahmedabad,Web,BHIM,0,
TXN09853,2026-01-31 16:51:55,USR00126,USR00302,389.51,Grocery,P2P,Ahmedabad,iPhone,AmazonPay,1,new_receiver
TXN06397,2026-01-31 16:55:28,USR00464,USR00046,1675.0,Utilities,P2P,Nagpur,iPhone,BHIM,0,
TXN07325,2026-01-31 16:56:56,USR00194,USR00300,3736.02,P2P Transfer,P2M,Delhi,Android_Phone,AmazonPay,0,
TXN04818,2026-01-31 16:57:48,USR00125,USR00354,76.92,Entertainment,P2P,Bengaluru,iPhone,AmazonPay,0,
TXN00665,2026-01-31 17:13:39,USR00456,USR00420,17884.12,Food Delivery,P2P,Kolkata,Web,Paytm,0,
TXN03379,2026-01-31 17:17:35,USR00058,USR00283,5789.93,Grocery,P2M,Hyderabad,iPhone,AmazonPay,0,
TXN09930,2026-01-31 17:25:07,USR00246,USR00307,3988.19,Education,P2P,Kolkata,Android_Phone,GPay,1,"new_device,new_receiver"
TXN05308,2026-01-31 17:54:13,USR00103,USR00221,345.6,Shopping,P2M,Delhi,Android_Phone,Paytm,0,
TXN05986,2026-01-31 17:54:45,USR00263,USR00030,2917.64,Shopping,P2P,Pune,Android_Phone,PhonePe,0,
TXN07215,2026-01-31 18:13:27,USR00147,USR00283,166.83,P2P Transfer,P2P,Mumbai,Tablet,AmazonPay,0,
TXN08078,2026-01-31 18:16:12,USR00424,USR00388,1260.57,Fuel,P2P,Surat,Android_Phone,GPay,0,
TXN06685,2026-01-31 18:21:03,USR00135,USR00321,206.77,P2P Transfer,P2M,Chennai,Android_Phone,GPay,0,
TXN03978,2026-01-31 18:22:58,USR00325,USR00131,593.03,Grocery,P2M,Nagpur,Android_Phone,PhonePe,0,
TXN09512,2026-01-31 18:26:36,USR00275,USR00336,12908.17,Shopping,P2P,Bengaluru,Web,PhonePe,1,"new_device,rapid_burst"
TXN00090,2026-01-31 18:34:07,USR00070,USR00325,1913.13,Education,P2P,Hyderabad,Tablet,BHIM,0,
TXN00019,2026-01-31 18:42:28,USR00394,USR00180,10589.64,Shopping,P2M,Chennai,iPhone,Paytm,0,
TXN03544,2026-01-31 18:47:51,USR00208,USR00118,380.56,Fuel,P2M,Mumbai,Web,GPay,0,
TXN07163,2026-01-31 18:50:22,USR00311,USR00237,474.33,Entertainment,P2M,Chennai,Tablet,GPay,0,
TXN01365,2026-01-31 19:05:48,USR00481,USR00401,1264.85,Fuel,P2M,Bengaluru,Web,GPay,0,
TXN00867,2026-01-31 19:08:58,USR00239,USR00232,7547.11,Entertainment,P2M,Nagpur,Web,AmazonPay,0,
TXN01467,2026-01-31 19:09:01,USR00475,USR00327,10299.46,P2P Transfer,P2M,Chennai,Web,Paytm,0,
TXN05147,2026-01-31 19:21:10,USR00207,USR00153,15589.33,Rent,P2P,Nagpur,iPhone,PhonePe,0,
TXN06500,2026-01-31 19:31:58,USR00232,USR00115,92.88,Travel,P2P,Hyderabad,iPhone,AmazonPay,0,
TXN06858,2026-01-31 19:35:20,USR00460,USR00201,1057.04,Entertainment,P2P,Lucknow,Android_Phone,AmazonPay,0,
TXN00739,2026-01-31 19:36:01,USR00302,USR00015,3980.29,Grocery,P2P,Surat,Tablet,PhonePe,0,
TXN07678,2026-01-31 19:45:08,USR00252,USR00040,1992.05,Utilities,P2P,Hyderabad,iPhone,AmazonPay,0,
TXN00364,2026-01-31 20:21:53,USR00055,USR00342,47.48,Fuel,P2P,Lucknow,Tablet,Paytm,0,
TXN04451,2026-01-31 20:29:35,USR00014,USR00036,2949.88,Food Delivery,P2M,Mumbai,Web,GPay,0,
TXN02544,2026-01-31 20:31:09,USR00002,USR00079,2411.78,Rent,P2M,Chennai,Tablet,Paytm,0,
TXN01837,2026-01-31 20:35:35,USR00327,USR00375,5235.22,Shopping,P2P,Lucknow,Tablet,Paytm,0,
TXN08319,2026-01-31 20:49:28,USR00221,USR00382,438.97,Healthcare,P2M,Hyderabad,Android_Phone,AmazonPay,0,
TXN05867,2026-01-31 20:56:50,USR00459,USR00033,8605.34,Utilities,P2M,Pune,Tablet,PhonePe,0,
TXN07528,2026-01-31 21:05:14,USR00350,USR00130,159.2,Entertainment,P2P,Bengaluru,iPhone,PhonePe,0,
TXN01625,2026-01-31 21:34:21,USR00182,USR00232,809.96,Shopping,P2M,Delhi,Tablet,BHIM,0,
TXN09131,2026-01-31 21:40:42,USR00392,USR00262,252.16,Shopping,P2M,Chennai,Web,Paytm,0,
TXN00204,2026-01-31 21:54:28,USR00273,USR00400,5935.99,Grocery,P2M,Surat,iPhone,BHIM,0,
TXN09210,2026-01-31 21:55:48,USR00001,USR00013,3284.01,Shopping,P2P,Pune,iPhone,AmazonPay,0,
TXN07161,2026-01-31 21:58:34,USR00078,USR00242,1956.11,Healthcare,P2M,Mumbai,Tablet,BHIM,0,
TXN03901,2026-01-31 22:06:29,USR00331,USR00358,205.6,P2P Transfer,P2M,Jaipur,Web,PhonePe,0,
TXN01163,2026-01-31 22:10:25,USR00427,USR00397,767.96,Grocery,P2M,Jaipur,Web,AmazonPay,0,
TXN03496,2026-01-31 22:30:24,USR00492,USR00284,56.28,Healthcare,P2M,Kolkata,Android_Phone,GPay,0,
TXN06099,2026-01-31 22:37:21,USR00036,USR00341,219.98,Shopping,P2M,Nagpur,Android_Phone,Paytm,0,
TXN06249,2026-01-31 22:52:25,USR00042,USR00286,5699.9,Education,P2M,Surat,Tablet,BHIM,0,
TXN01767,2026-01-31 22:57:25,USR00440,USR00434,7024.0,Utilities,P2P,Delhi,Tablet,AmazonPay,0,
TXN06299,2026-02-01 06:11:59,USR00072,USR00496,2636.38,Fuel,P2P,Delhi,Tablet,BHIM,0,
TXN02769,2026-02-01 06:16:33,USR00154,USR00174,3934.99,Grocery,P2M,Ahmedabad,Tablet,Paytm,0,
TXN06347,2026-02-01 06:37:05,USR00355,USR00489,2599.87,Education,P2P,Delhi,Android_Phone,AmazonPay,0,
TXN07445,2026-02-01 06:48:26,USR00201,USR00004,307.21,Utilities,P2P,Delhi,iPhone,BHIM,0,
TXN00850,2026-02-01 06:52:03,USR00410,USR00158,1318.16,Grocery,P2P,Delhi,iPhone,BHIM,0,
TXN06961,2026-02-01 07:06:18,USR00264,USR00048,114.71,Healthcare,P2P,Ahmedabad,Web,AmazonPay,0,
TXN08278,2026-02-01 07:34:16,USR00383,USR00411,207.67,Fuel,P2M,Kolkata,Android_Phone,BHIM,0,
TXN04682,2026-02-01 07:36:41,USR00171,USR00169,3376.26,Rent,P2M,Mumbai,iPhone,BHIM,0,
TXN06456,2026-02-01 07:47:48,USR00433,USR00269,9567.41,Grocery,P2M,Jaipur,iPhone,AmazonPay,0,
TXN01470,2026-02-01 07:54:26,USR00063,USR00415,8570.87,Shopping,P2M,Bengaluru,Android_Phone,Paytm,0,
TXN03736,2026-02-01 07:56:04,USR00086,USR00358,2934.07,Grocery,P2P,Kolkata,iPhone,BHIM,0,
TXN04417,2026-02-01 08:16:21,USR00169,USR00040,15074.31,Shopping,P2P,Mumbai,Web,BHIM,0,
TXN04020,2026-02-01 08:17:30,USR00495,USR00055,8788.14,Food Delivery,P2M,Kolkata,Web,AmazonPay,0,
TXN02117,2026-02-01 08:23:45,USR00356,USR00359,9564.49,Grocery,P2P,Pune,Android_Phone,BHIM,0,
TXN08926,2026-02-01 08:31:10,USR00109,USR00226,107.68,P2P Transfer,P2P,Ahmedabad,Web,PhonePe,0,
TXN03225,2026-02-01 08:37:41,USR00186,USR00427,3148.78,Travel,P2P,Jaipur,Tablet,GPay,0,
TXN01441,2026-02-01 08:40:48,USR00289,USR00198,10260.95,Rent,P2M,Ahmedabad,Tablet,PhonePe,0,
TXN01492,2026-02-01 08:50:00,USR00273,USR00195,8793.63,Utilities,P2M,Surat,iPhone,BHIM,0,
TXN05362,2026-02-01 08:52:44,USR00122,USR00304,640.53,Fuel,P2P,Hyderabad,Web,Paytm,0,
TXN00916,2026-02-01 09:08:37,USR00485,USR00225,1197.26,Shopping,P2P,Hyderabad,iPhone,GPay,0,
TXN06223,2026-02-01 09:26:41,USR00384,USR00187,207.19,Rent,P2P,Jaipur,Web,BHIM,0,
TXN09154,2026-02-01 09:26:59,USR00496,USR00387,792.08,Entertainment,P2P,Lucknow,iPhone,PhonePe,0,
TXN03506,2026-02-01 09:52:19,USR00035,USR00275,5998.52,Rent,P2M,Nagpur,Android_Phone,PhonePe,0,
TXN07392,2026-02-01 10:13:22,USR00156,USR00167,5232.4,Healthcare,P2P,Pune,Tablet,AmazonPay,0,
TXN06562,2026-02-01 10:19:06,USR00450,USR00161,584.86,Healthcare,P2M,Kolkata,iPhone,AmazonPay,0,
TXN05559,2026-02-01 10:27:48,USR00080,USR00319,11199.69,Travel,P2M,Delhi,iPhone,BHIM,0,
TXN09396,2026-02-01 10:41:23,USR00229,USR00214,11264.98,Rent,P2P,Nagpur,Web,AmazonPay,0,
TXN09158,2026-02-01 10:49:31,USR00296,USR00248,272.03,Education,P2P,Kolkata,Web,AmazonPay,0,
TXN02093,2026-02-01 11:00:09,USR00261,USR00401,10505.12,Food Delivery,P2M,Hyderabad,iPhone,Paytm,0,
TXN04402,2026-02-01 11:09:08,USR00339,USR00337,6467.65,Food Delivery,P2P,Mumbai,Tablet,AmazonPay,0,
TXN05100,2026-02-01 11:17:49,USR00217,USR00102,8985.37,Food Delivery,P2M,Delhi,Web,AmazonPay,0,
TXN00443,2026-02-01 11:23:58,USR00392,USR00411,293.75,Shopping,P2P,Chennai,Web,Paytm,0,
TXN07805,2026-02-01 11:25:00,USR00224,USR00434,269.59,Utilities,P2P,Mumbai,Web,Paytm,0,
TXN00212,2026-02-01 11:33:45,USR00056,USR00264,7663.73,Utilities,P2M,Hyderabad,Web,PhonePe,0,
TXN04520,2026-02-01 11:47:05,USR00411,USR00276,2748.7,Education,P2M,Chennai,Web,Paytm,0,
TXN08655,2026-02-01 11:50:34,USR00374,USR00084,8825.41,Healthcare,P2P,Ahmedabad,Tablet,PhonePe,0,
TXN09119,2026-02-01 11:57:13,USR00193,USR00274,451.29,P2P Transfer,P2M,Chennai,Tablet,PhonePe,0,
TXN01675,2026-02-01 12:09:43,USR00204,USR00153,2083.62,Utilities,P2M,Nagpur,iPhone,GPay,0,
TXN08429,2026-02-01 12:11:02,USR00022,USR00160,3758.68,Food Delivery,P2P,Hyderabad,Web,PhonePe,0,
TXN01954,2026-02-01 12:26:45,USR00215,USR00220,1174.87,Food Delivery,P2M,Chennai,Tablet,AmazonPay,0,
TXN09068,2026-02-01 12:53:49,USR00076,USR00395,4514.56,Shopping,P2M,Delhi,iPhone,Paytm,0,
TXN01146,2026-02-01 13:11:36,USR00023,USR00234,1022.43,Utilities,P2P,Delhi,Web,AmazonPay,0,
TXN08115,2026-02-01 13:22:27,USR00042,USR00304,3918.57,Travel,P2M,Surat,Tablet,BHIM,0,
TXN01067,2026-02-01 13:29:46,USR00446,USR00350,2029.37,Grocery,P2P,Pune,Android_Phone,GPay,0,
TXN02782,2026-02-01 13:40:59,USR00242,USR00352,18672.88,Education,P2M,Kolkata,Android_Phone,Paytm,0,
TXN05601,2026-02-01 13:56:58,USR00096,USR00106,2789.7,Healthcare,P2M,Delhi,iPhone,Paytm,0,
TXN09272,2026-02-01 14:05:02,USR00136,USR00093,628.44,P2P Transfer,P2P,Nagpur,Tablet,BHIM,0,
TXN01722,2026-02-01 14:09:21,USR00326,USR00218,604.77,Entertainment,P2P,Chennai,Web,GPay,0,
TXN03520,2026-02-01 14:13:35,USR00157,USR00046,2885.73,Entertainment,P2M,Ahmedabad,Web,BHIM,0,
TXN09474,2026-02-01 14:14:42,USR00481,USR00191,1135.9,Fuel,P2P,Bengaluru,Android_Phone,GPay,1,new_device
TXN02498,2026-02-01 14:27:07,USR00350,USR00433,406.82,Shopping,P2M,Bengaluru,iPhone,PhonePe,0,
TXN06212,2026-02-01 14:32:11,USR00441,USR00357,93.23,P2P Transfer,P2P,Chennai,Android_Phone,PhonePe,0,
TXN06628,2026-02-01 14:56:59,USR00340,USR00088,416.07,Utilities,P2M,Jaipur,Tablet,PhonePe,0,
TXN09116,2026-02-01 15:01:52,USR00490,USR00073,313.18,Fuel,P2P,Ahmedabad,Tablet,AmazonPay,0,
TXN06791,2026-02-01 15:16:42,USR00454,USR00277,215.47,Education,P2M,Ahmedabad,Web,PhonePe,0,
TXN04091,2026-02-01 15:20:09,USR00132,USR00024,5445.07,P2P Transfer,P2P,Delhi,Tablet,PhonePe,0,
TXN06351,2026-02-01 15:37:20,USR00292,USR00264,270.06,Healthcare,P2P,Jaipur,Android_Phone,PhonePe,0,
TXN00456,2026-02-01 15:39:05,USR00377,USR00472,527.83,Utilities,P2M,Bengaluru,Android_Phone,BHIM,0,
TXN04765,2026-02-01 15:48:54,USR00485,USR00225,1332.29,Shopping,P2P,Hyderabad,iPhone,GPay,0,
TXN05577,2026-02-01 15:59:14,USR00198,USR00168,391.18,Entertainment,P2M,Bengaluru,Web,AmazonPay,0,
TXN03686,2026-02-01 16:04:38,USR00491,USR00033,123.02,Rent,P2M,Ahmedabad,Web,BHIM,0,
TXN04636,2026-02-01 16:14:26,USR00200,USR00429,1056.21,Shopping,P2P,Jaipur,Android_Phone,GPay,0,
TXN00466,2026-02-01 16:19:18,USR00090,USR00007,444.1,Rent,P2P,Jaipur,Tablet,Paytm,0,
TXN01256,2026-02-01 16:39:42,USR00072,USR00059,2101.27,Healthcare,P2M,Delhi,Tablet,BHIM,0,
TXN02323,2026-02-01 16:54:14,USR00387,USR00134,1669.85,Travel,P2P,Delhi,Tablet,Paytm,0,
TXN01089,2026-02-01 17:15:16,USR00290,USR00428,82.29,Rent,P2P,Ahmedabad,Tablet,GPay,0,
TXN07662,2026-02-01 17:31:44,USR00166,USR00166,378.61,Utilities,P2P,Jaipur,iPhone,BHIM,0,
TXN00461,2026-02-01 17:51:43,USR00464,USR00046,709.79,P2P Transfer,P2M,Nagpur,iPhone,BHIM,0,
TXN06309,2026-02-01 18:07:49,USR00106,USR00139,2080.35,Fuel,P2M,Lucknow,Android_Phone,Paytm,0,
TXN01115,2026-02-01 18:17:38,USR00352,USR00452,572.16,Healthcare,P2P,Jaipur,Tablet,Paytm,0,
TXN01585,2026-02-01 18:19:34,USR00402,USR00409,1467.72,Entertainment,P2P,Kolkata,Tablet,PhonePe,0,
TXN03846,2026-02-01 18:33:14,USR00408,USR00011,327.93,Grocery,P2P,Kolkata,Tablet,PhonePe,0,
TXN03352,2026-02-01 19:27:56,USR00331,USR00221,377.53,Fuel,P2P,Jaipur,Web,PhonePe,0,
TXN02999,2026-02-01 19:31:48,USR00281,USR00435,164.83,Healthcare,P2P,Nagpur,Android_Phone,PhonePe,0,
TXN09791,2026-02-01 19:35:00,USR00289,USR00198,143980.44,Education,P2P,Ahmedabad,Tablet,PhonePe,1,high_amount
TXN05591,2026-02-01 19:54:36,USR00470,USR00287,8161.43,Utilities,P2M,Lucknow,Web,AmazonPay,0,
TXN07813,2026-02-01 19:57:12,USR00302,USR00348,5718.24,Rent,P2M,Surat,Tablet,PhonePe,0,
TXN02079,2026-02-01 19:58:23,USR00389,USR00086,137.64,P2P Transfer,P2M,Mumbai,iPhone,GPay,0,
TXN02712,2026-02-01 20:13:01,USR00303,USR00457,112.32,Education,P2M,Chennai,Web,GPay,0,
TXN00992,2026-02-01 20:19:53,USR00449,USR00483,1019.7,Utilities,P2M,Mumbai,Web,Paytm,0,
TXN02296,2026-02-01 20:29:42,USR00119,USR00230,223.07,Utilities,P2M,Chennai,iPhone,GPay,0,
TXN06420,2026-02-01 20:39:07,USR00446,USR00191,5716.12,Healthcare,P2P,Pune,Android_Phone,GPay,0,
TXN04335,2026-02-01 20:52:16,USR00227,USR00343,4381.48,Grocery,P2M,Ahmedabad,iPhone,BHIM,0,
TXN04595,2026-02-01 21:03:59,USR00253,USR00433,394.08,Fuel,P2M,Hyderabad,Android_Phone,PhonePe,0,
TXN02770,2026-02-01 21:06:20,USR00458,USR00242,2692.39,P2P Transfer,P2P,Bengaluru,Web,PhonePe,0,
TXN00774,2026-02-01 21:30:07,USR00250,USR00067,923.05,Grocery,P2M,Chennai,Android_Phone,AmazonPay,0,
TXN02578,2026-02-01 21:35:21,USR00163,USR00371,1052.6,Food Delivery,P2P,Lucknow,Tablet,GPay,0,
TXN05093,2026-02-01 21:36:32,USR00015,USR00370,2324.97,Rent,P2M,Hyderabad,iPhone,AmazonPay,0,
TXN04985,2026-02-01 21:36:44,USR00177,USR00133,8831.29,Fuel,P2M,Chennai,Tablet,PhonePe,0,
TXN04978,2026-02-01 21:37:13,USR00173,USR00467,526.51,P2P Transfer,P2M,Jaipur,iPhone,PhonePe,0,
TXN04578,2026-02-01 21:47:56,USR00221,USR00382,697.44,Utilities,P2P,Hyderabad,Android_Phone,AmazonPay,0,
TXN06240,2026-02-01 21:55:08,USR00090,USR00007,383.13,Fuel,P2P,Jaipur,Tablet,Paytm,0,
TXN07522,2026-02-01 22:13:04,USR00408,USR00094,637.78,Entertainment,P2P,Kolkata,Tablet,PhonePe,0,
TXN05581,2026-02-01 22:18:20,USR00105,USR00432,367.72,Fuel,P2P,Delhi,iPhone,Paytm,0,
TXN08789,2026-02-01 22:19:02,USR00008,USR00459,4494.16,Travel,P2M,Nagpur,Web,PhonePe,0,
TXN09765,2026-02-01 22:28:35,USR00498,USR00076,14531.69,Food Delivery,P2M,Mumbai,Web,GPay,1,new_receiver
TXN06455,2026-02-01 22:50:32,USR00427,USR00397,818.84,Education,P2M,Jaipur,Web,AmazonPay,0,
TXN01291,2026-02-01 22:55:47,USR00162,USR00431,1558.37,Education,P2M,Kolkata,iPhone,AmazonPay,0,
TXN09528,2026-02-02 01:01:25,USR00356,USR00359,112669.24,Food Delivery,P2P,Pune,Android_Phone,BHIM,1,"odd_hour,high_amount"
TXN09722,2026-02-02 01:18:26,USR00446,USR00350,4297.18,Utilities,P2P,Pune,Web,GPay,1,"odd_hour,new_device"
TXN06356,2026-02-02 06:18:28,USR00287,USR00152,3075.62,Utilities,P2P,Surat,Web,BHIM,0,
TXN07903,2026-02-02 06:19:17,USR00012,USR00484,1164.34,Fuel,P2M,Pune,Android_Phone,GPay,0,
TXN09162,2026-02-02 06:30:26,USR00247,USR00051,4455.95,Grocery,P2M,Lucknow,Tablet,PhonePe,0,
TXN05669,2026-02-02 06:38:32,USR00285,USR00037,4543.06,Healthcare,P2P,Mumbai,Web,Paytm,0,
TXN07148,2026-02-02 06:39:58,USR00355,USR00489,794.59,Fuel,P2M,Delhi,Android_Phone,AmazonPay,0,
TXN04377,2026-02-02 07:02:51,USR00464,USR00046,891.25,Entertainment,P2M,Nagpur,iPhone,BHIM,0,
TXN05047,2026-02-02 07:13:50,USR00271,USR00218,208.34,Education,P2P,Nagpur,Tablet,PhonePe,0,
TXN03015,2026-02-02 07:14:27,USR00480,USR00211,311.88,Travel,P2M,Nagpur,Web,GPay,0,
TXN03969,2026-02-02 07:23:17,USR00105,USR00188,436.29,Food Delivery,P2P,Delhi,iPhone,Paytm,0,
TXN05125,2026-02-02 07:48:03,USR00022,USR00342,1753.79,Education,P2P,Hyderabad,Web,PhonePe,0,
TXN04424,2026-02-02 07:50:16,USR00364,USR00460,13567.37,Grocery,P2P,Lucknow,Web,Paytm,0,
TXN00142,2026-02-02 08:02:04,USR00240,USR00495,632.8,Rent,P2P,Delhi,Web,BHIM,0,
TXN08785,2026-02-02 08:10:49,USR00412,USR00276,2451.84,Healthcare,P2P,Jaipur,Tablet,GPay,0,
TXN02848,2026-02-02 08:19:04,USR00066,USR00149,7898.56,Shopping,P2M,Nagpur,Tablet,Paytm,0,
TXN01005,2026-02-02 08:46:23,USR00427,USR00397,1424.96,Education,P2M,Jaipur,Web,AmazonPay,0,
TXN05533,2026-02-02 09:00:30,USR00306,USR00261,1283.22,Food Delivery,P2P,Lucknow,Tablet,Paytm,0,
TXN00436,2026-02-02 09:07:45,USR00019,USR00199,7233.44,Fuel,P2M,Bengaluru,Android_Phone,BHIM,0,
TXN02134,2026-02-02 09:13:50,USR00151,USR00257,221.56,Rent,P2P,Surat,iPhone,PhonePe,0,
TXN03025,2026-02-02 09:20:47,USR00161,USR00411,112.9,P2P Transfer,P2P,Mumbai,Android_Phone,BHIM,0,
TXN05354,2026-02-02 09:34:21,USR00227,USR00134,6438.41,Shopping,P2P,Ahmedabad,iPhone,BHIM,0,
TXN04448,2026-02-02 09:41:58,USR00093,USR00380,1498.6,Shopping,P2M,Surat,Web,BHIM,0,
TXN04143,2026-02-02 10:02:48,USR00363,USR00101,2142.31,Fuel,P2M,Hyderabad,Android_Phone,AmazonPay,0,
TXN05956,2026-02-02 10:04:26,USR00150,USR00481,163.93,P2P Transfer,P2P,Chennai,iPhone,AmazonPay,0,
TXN08915,2026-02-02 10:15:05,USR00080,USR00496,15341.3,Travel,P2M,Delhi,iPhone,BHIM,0,
TXN04111,2026-02-02 10:24:57,USR00357,USR00037,11225.85,Travel,P2P,Mumbai,Web,PhonePe,0,
TXN02258,2026-02-02 10:26:29,USR00112,USR00223,372.48,Food Delivery,P2P,Delhi,Web,BHIM,0,
TXN05450,2026-02-02 10:37:21,USR00449,USR00483,1064.19,Food Delivery,P2P,Mumbai,Web,Paytm,0,
TXN08747,2026-02-02 10:39:17,USR00148,USR00037,1170.75,Food Delivery,P2M,Jaipur,Tablet,PhonePe,0,
TXN08858,2026-02-02 10:42:52,USR00463,USR00201,2299.07,Utilities,P2M,Lucknow,iPhone,PhonePe,0,
TXN03699,2026-02-02 10:58:59,USR00037,USR00155,750.94,Healthcare,P2P,Lucknow,iPhone,Paytm,0,
TXN03223,2026-02-02 11:22:41,USR00191,USR00356,109.01,P2P Transfer,P2M,Jaipur,Tablet,Paytm,0,
TXN04030,2026-02-02 11:23:23,USR00343,USR00277,2548.86,Fuel,P2M,Nagpur,iPhone,Paytm,0,
TXN07317,2026-02-02 11:27:27,USR00225,USR00118,43.1,Healthcare,P2P,Chennai,iPhone,PhonePe,0,
TXN07088,2026-02-02 11:28:13,USR00469,USR00429,694.3,Education,P2M,Mumbai,iPhone,GPay,0,
TXN07706,2026-02-02 11:30:06,USR00487,USR00462,205.46,Education,P2M,Bengaluru,Android_Phone,GPay,0,
TXN02534,2026-02-02 11:36:50,USR00083,USR00125,13688.74,Grocery,P2M,Kolkata,Web,AmazonPay,0,
TXN09636,2026-02-02 11:55:58,USR00056,USR00450,7598.83,P2P Transfer,P2M,Hyderabad,Web,PhonePe,1,rapid_burst
TXN07972,2026-02-02 11:57:45,USR00430,USR00016,13246.61,Entertainment,P2M,Delhi,iPhone,BHIM,0,
TXN08889,2026-02-02 12:28:39,USR00320,USR00338,4080.01,Fuel,P2M,Jaipur,Web,GPay,0,
TXN04622,2026-02-02 12:29:20,USR00214,USR00369,1385.9,Fuel,P2P,Chennai,Android_Phone,BHIM,0,
TXN03030,2026-02-02 12:34:19,USR00388,USR00484,992.1,Shopping,P2P,Nagpur,Web,BHIM,0,
TXN02196,2026-02-02 12:36:04,USR00185,USR00445,10017.34,Rent,P2P,Chennai,Tablet,BHIM,0,
TXN05882,2026-02-02 12:39:18,USR00188,USR00034,1717.62,Rent,P2M,Pune,Android_Phone,GPay,0,
TXN01622,2026-02-02 12:44:51,USR00369,USR00046,449.57,P2P Transfer,P2P,Bengaluru,Web,AmazonPay,0,
TXN03918,2026-02-02 12:49:47,USR00287,USR00152,1735.06,Utilities,P2P,Surat,Web,BHIM,0,
TXN02216,2026-02-02 12:54:21,USR00218,USR00419,532.73,Grocery,P2M,Nagpur,Web,BHIM,0,
TXN02909,2026-02-02 12:55:19,USR00078,USR00361,1828.89,Food Delivery,P2M,Mumbai,Tablet,BHIM,0,
TXN02057,2026-02-02 12:57:19,USR00301,USR00025,1691.35,Travel,P2P,Mumbai,iPhone,Paytm,0,
TXN03454,2026-02-02 13:13:30,USR00487,USR00462,374.57,Food Delivery,P2M,Bengaluru,Android_Phone,GPay,0,
TXN06820,2026-02-02 13:24:24,USR00099,USR00372,1497.8,Grocery,P2P,Ahmedabad,Android_Phone,AmazonPay,0,
TXN01619,2026-02-02 13:51:15,USR00460,USR00480,585.86,P2P Transfer,P2P,Lucknow,Android_Phone,AmazonPay,0,
TXN01710,2026-02-02 13:57:21,USR00393,USR00059,7080.39,Grocery,P2M,Lucknow,Tablet,Paytm,0,
TXN02047,2026-02-02 13:57:44,USR00002,USR00079,1541.52,Travel,P2M,Chennai,Tablet,Paytm,0,
TXN06161,2026-02-02 13:58:32,USR00090,USR00404,501.48,Shopping,P2P,Jaipur,Tablet,Paytm,0,
TXN06035,2026-02-02 13:58:33,USR00453,USR00373,77.82,Travel,P2P,Surat,Tablet,AmazonPay,0,
TXN00877,2026-02-02 14:01:43,USR00487,USR00462,160.79,Travel,P2P,Bengaluru,Android_Phone,GPay,0,
TXN06597,2026-02-02 14:02:53,USR00138,USR00139,11961.89,P2P Transfer,P2P,Surat,Android_Phone,BHIM,0,
TXN00373,2026-02-02 14:22:26,USR00326,USR00048,406.0,P2P Transfer,P2M,Chennai,Web,GPay,0,
TXN02351,2026-02-02 14:22:33,USR00138,USR00139,10893.51,Shopping,P2P,Surat,Android_Phone,BHIM,0,
TXN00836,2026-02-02 14:24:45,USR00420,USR00394,3131.3,Food Delivery,P2P,Nagpur,Android_Phone,BHIM,0,
TXN09077,2026-02-02 14:31:55,USR00422,USR00026,1277.9,Education,P2M,Ahmedabad,Web,PhonePe,0,
TXN09215,2026-02-02 14:36:27,USR00133,USR00367,981.96,P2P Transfer,P2P,Surat,Android_Phone,GPay,0,
TXN09312,2026-02-02 14:36:45,USR00478,USR00427,3292.51,Shopping,P2M,Nagpur,Tablet,Paytm,0,
TXN07661,2026-02-02 14:38:58,USR00024,USR00450,1953.94,Entertainment,P2M,Chennai,iPhone,Paytm,0,
TXN06464,2026-02-02 14:43:01,USR00352,USR00206,820.02,P2P Transfer,P2P,Jaipur,Tablet,Paytm,0,
TXN04220,2026-02-02 14:51:05,USR00383,USR00411,133.99,Education,P2P,Kolkata,Android_Phone,BHIM,0,
TXN04729,2026-02-02 14:59:45,USR00093,USR00214,1812.23,Utilities,P2P,Surat,Web,BHIM,0,
TXN05718,2026-02-02 15:02:07,USR00493,USR00246,90.44,P2P Transfer,P2P,Jaipur,iPhone,GPay,0,
TXN01159,2026-02-02 15:11:46,USR00127,USR00195,1766.67,Entertainment,P2M,Surat,Web,AmazonPay,0,
TXN01978,2026-02-02 15:19:41,USR00346,USR00444,176.55,Entertainment,P2M,Chennai,Android_Phone,AmazonPay,0,
TXN04848,2026-02-02 15:29:01,USR00431,USR00040,11073.46,P2P Transfer,P2P,Pune,Android_Phone,GPay,0,
TXN07611,2026-02-02 15:32:29,USR00351,USR00037,352.89,Travel,P2M,Ahmedabad,Web,AmazonPay,0,
TXN03579,2026-02-02 15:55:32,USR00413,USR00240,231.03,Healthcare,P2M,Jaipur,Android_Phone,AmazonPay,0,
TXN00015,2026-02-02 16:08:39,USR00435,USR00432,7827.6,Entertainment,P2M,Chennai,Tablet,BHIM,0,
TXN06573,2026-02-02 16:20:08,USR00237,USR00443,231.36,Rent,P2M,Bengaluru,Android_Phone,PhonePe,0,
TXN04116,2026-02-02 16:33:01,USR00171,USR00169,3486.6,Shopping,P2P,Mumbai,iPhone,BHIM,0,
TXN01968,2026-02-02 16:34:51,USR00190,USR00485,2032.1,Grocery,P2P,Kolkata,iPhone,AmazonPay,0,
TXN07367,2026-02-02 16:54:19,USR00416,USR00326,4725.33,Healthcare,P2M,Bengaluru,Android_Phone,BHIM,0,
TXN04602,2026-02-02 17:11:02,USR00098,USR00135,9482.34,Entertainment,P2P,Mumbai,Web,BHIM,0,
TXN00028,2026-02-02 17:12:02,USR00371,USR00135,297.82,P2P Transfer,P2P,Pune,Tablet,PhonePe,0,
TXN06046,2026-02-02 17:15:12,USR00246,USR00328,2037.91,Education,P2P,Kolkata,iPhone,GPay,0,
TXN00777,2026-02-02 17:23:29,USR00339,USR00063,8187.0,Fuel,P2M,Mumbai,Tablet,AmazonPay,0,
TXN05259,2026-02-02 17:32:14,USR00114,USR00202,307.1,Fuel,P2M,Kolkata,iPhone,Paytm,0,
TXN03455,2026-02-02 17:46:02,USR00223,USR00178,432.61,Healthcare,P2M,Ahmedabad,Web,BHIM,0,
TXN06049,2026-02-02 17:57:00,USR00366,USR00347,13995.48,Fuel,P2M,Chennai,Web,BHIM,0,
TXN08125,2026-02-02 18:06:18,USR00081,USR00035,10880.85,Utilities,P2M,Jaipur,Tablet,PhonePe,0,
TXN05528,2026-02-02 18:13:48,USR00334,USR00161,2194.14,Fuel,P2P,Delhi,Tablet,GPay,0,
TXN05657,2026-02-02 18:20:16,USR00051,USR00475,15402.82,Healthcare,P2P,Bengaluru,Android_Phone,Paytm,0,
TXN06059,2026-02-02 18:27:41,USR00183,USR00111,15469.59,Utilities,P2M,Hyderabad,Tablet,AmazonPay,0,
TXN04945,2026-02-02 18:32:34,USR00205,USR00087,1439.73,Fuel,P2M,Mumbai,Tablet,GPay,0,
TXN07477,2026-02-02 18:34:44,USR00048,USR00232,2803.59,Healthcare,P2P,Kolkata,Web,BHIM,0,
TXN05816,2026-02-02 18:36:17,USR00031,USR00359,824.37,Utilities,P2M,Hyderabad,iPhone,BHIM,0,
TXN05061,2026-02-02 18:48:10,USR00096,USR00416,2814.12,Education,P2P,Delhi,iPhone,Paytm,0,
TXN07382,2026-02-02 18:53:20,USR00152,USR00485,471.42,Entertainment,P2M,Mumbai,Android_Phone,AmazonPay,0,
TXN07146,2026-02-02 18:57:43,USR00155,USR00062,253.49,Utilities,P2P,Chennai,Android_Phone,BHIM,0,
TXN02272,2026-02-02 18:58:32,USR00388,USR00327,852.58,Utilities,P2P,Nagpur,Web,BHIM,0,
TXN02647,2026-02-02 19:24:06,USR00077,USR00176,1449.61,Grocery,P2M,Ahmedabad,iPhone,BHIM,0,
TXN00949,2026-02-02 19:26:19,USR00392,USR00262,390.33,Utilities,P2P,Chennai,Web,Paytm,0,
TXN03679,2026-02-02 19:39:27,USR00407,USR00363,1483.86,Entertainment,P2P,Pune,Web,Paytm,0,
TXN05189,2026-02-02 19:49:20,USR00152,USR00023,194.07,Shopping,P2P,Mumbai,Android_Phone,AmazonPay,0,
TXN00037,2026-02-02 19:49:28,USR00036,USR00259,142.03,Education,P2P,Nagpur,Android_Phone,Paytm,0,
TXN08566,2026-02-02 19:51:13,USR00166,USR00287,359.78,Education,P2P,Jaipur,iPhone,BHIM,0,
TXN04846,2026-02-02 19:51:22,USR00080,USR00496,18260.78,P2P Transfer,P2M,Delhi,iPhone,BHIM,0,
TXN08624,2026-02-02 19:53:07,USR00315,USR00273,364.59,Healthcare,P2M,Mumbai,Tablet,Paytm,0,
TXN02454,2026-02-02 19:55:59,USR00077,USR00390,1763.86,Healthcare,P2P,Ahmedabad,iPhone,BHIM,0,
TXN03799,2026-02-02 20:01:40,USR00388,USR00089,510.5,Travel,P2M,Nagpur,Web,BHIM,0,
TXN08079,2026-02-02 20:06:26,USR00496,USR00387,477.23,Rent,P2M,Lucknow,iPhone,PhonePe,0,
TXN06939,2026-02-02 20:06:31,USR00074,USR00282,124.81,Food Delivery,P2P,Nagpur,iPhone,AmazonPay,0,
TXN05664,2026-02-02 20:28:05,USR00135,USR00336,258.22,Fuel,P2P,Chennai,Android_Phone,GPay,0,
TXN08746,2026-02-02 20:52:22,USR00002,USR00110,1546.02,Shopping,P2P,Chennai,Tablet,Paytm,0,
TXN04484,2026-02-02 20:55:20,USR00437,USR00011,506.97,Rent,P2P,Pune,iPhone,Paytm,0,
TXN03934,2026-02-02 21:16:19,USR00094,USR00185,2811.29,Entertainment,P2P,Pune,Web,GPay,0,
TXN05495,2026-02-02 21:30:30,USR00327,USR00375,12124.23,Grocery,P2P,Lucknow,Tablet,Paytm,0,
TXN01896,2026-02-02 21:53:27,USR00080,USR00173,18471.89,Healthcare,P2P,Delhi,iPhone,BHIM,0,
TXN05735,2026-02-02 22:02:21,USR00162,USR00378,1228.61,P2P Transfer,P2M,Kolkata,iPhone,AmazonPay,0,
TXN01973,2026-02-02 22:14:47,USR00104,USR00026,128.69,Fuel,P2P,Surat,Web,Paytm,0,
TXN05314,2026-02-02 22:30:26,USR00296,USR00335,507.91,Shopping,P2M,Kolkata,Web,AmazonPay,0,
TXN01504,2026-02-02 22:31:25,USR00462,USR00313,2303.8,Education,P2M,Hyderabad,Web,GPay,0,
TXN04753,2026-02-02 22:35:17,USR00312,USR00445,422.75,Entertainment,P2P,Jaipur,Tablet,PhonePe,0,
TXN09430,2026-02-02 22:38:46,USR00168,USR00478,673.03,Grocery,P2P,Nagpur,Tablet,Paytm,1,new_location
TXN09726,2026-02-02 22:44:13,USR00175,USR00057,1826.51,Education,P2P,Bengaluru,Tablet,PhonePe,1,rapid_burst
TXN09415,2026-02-03 00:20:53,USR00180,USR00390,781.71,Travel,P2M,Jaipur,Tablet,AmazonPay,1,odd_hour
TXN02448,2026-02-03 06:04:41,USR00496,USR00387,435.7,Shopping,P2P,Lucknow,iPhone,PhonePe,0,
TXN02124,2026-02-03 06:15:53,USR00061,USR00385,12525.01,Travel,P2M,Nagpur,Web,BHIM,0,
TXN10247,2026-02-03 06:18:00,USR00018,USR00428,6307.21,Education,P2P,Mumbai,Android_Phone,PhonePe,1,rapid_burst
TXN10248,2026-02-03 06:21:00,USR00018,USR00428,5411.42,Grocery,P2P,Mumbai,Android_Phone,PhonePe,1,rapid_burst
TXN10249,2026-02-03 06:24:00,USR00018,USR00385,8436.68,Fuel,P2M,Mumbai,Android_Phone,PhonePe,1,rapid_burst
TXN03831,2026-02-03 06:24:30,USR00456,USR00381,11794.16,P2P Transfer,P2P,Kolkata,Web,Paytm,0,
TXN10250,2026-02-03 06:27:00,USR00018,USR00428,6826.31,Fuel,P2P,Mumbai,Android_Phone,PhonePe,1,rapid_burst
TXN06924,2026-02-03 06:44:12,USR00271,USR00218,255.98,Entertainment,P2P,Nagpur,Tablet,PhonePe,0,
TXN03497,2026-02-03 06:55:09,USR00144,USR00467,176.18,Education,P2M,Jaipur,Tablet,Paytm,0,
TXN08311,2026-02-03 07:00:43,USR00495,USR00055,10747.11,Education,P2M,Kolkata,Web,AmazonPay,0,
TXN01873,2026-02-03 07:04:56,USR00433,USR00098,6622.15,Grocery,P2P,Jaipur,iPhone,AmazonPay,0,
TXN02347,2026-02-03 07:18:20,USR00397,USR00434,1061.6,P2P Transfer,P2P,Jaipur,Android_Phone,Paytm,0,
TXN02654,2026-02-03 07:29:38,USR00326,USR00378,448.68,Fuel,P2M,Chennai,Web,GPay,0,
TXN06034,2026-02-03 07:35:46,USR00271,USR00254,259.36,P2P Transfer,P2M,Nagpur,Tablet,PhonePe,0,
TXN03865,2026-02-03 07:50:07,USR00323,USR00267,587.89,Shopping,P2M,Pune,Tablet,PhonePe,0,
TXN00793,2026-02-03 07:58:19,USR00495,USR00055,9723.44,Utilities,P2M,Kolkata,Web,AmazonPay,0,
TXN05924,2026-02-03 08:04:45,USR00146,USR00406,587.59,Education,P2P,Nagpur,iPhone,PhonePe,0,
TXN08705,2026-02-03 08:08:51,USR00243,USR00026,15623.54,Entertainment,P2M,Chennai,Android_Phone,Paytm,0,
TXN01323,2026-02-03 08:09:56,USR00090,USR00404,524.69,Food Delivery,P2P,Jaipur,Tablet,Paytm,0,
TXN00229,2026-02-03 08:10:32,USR00297,USR00353,13597.02,Fuel,P2M,Mumbai,Tablet,GPay,0,
TXN09948,2026-02-03 08:11:18,USR00120,USR00144,113.06,Healthcare,P2M,Mumbai,Tablet,BHIM,1,new_location
TXN07168,2026-02-03 08:20:00,USR00318,USR00470,742.15,Grocery,P2P,Pune,Web,BHIM,0,
TXN07114,2026-02-03 08:25:53,USR00167,USR00098,10125.98,Healthcare,P2P,Lucknow,Web,Paytm,0,
TXN03780,2026-02-03 08:31:55,USR00466,USR00393,367.61,Healthcare,P2P,Kolkata,Android_Phone,BHIM,0,
TXN09023,2026-02-03 08:44:28,USR00003,USR00373,2199.02,Grocery,P2M,Lucknow,Web,AmazonPay,0,
TXN02033,2026-02-03 08:46:46,USR00230,USR00147,14444.17,Entertainment,P2P,Jaipur,iPhone,PhonePe,0,
TXN02456,2026-02-03 08:53:56,USR00148,USR00209,1676.76,Utilities,P2M,Jaipur,Tablet,PhonePe,0,
TXN01792,2026-02-03 09:05:43,USR00207,USR00153,13043.95,Utilities,P2M,Nagpur,iPhone,PhonePe,0,
TXN06242,2026-02-03 09:07:24,USR00111,USR00003,954.54,Utilities,P2M,Hyderabad,iPhone,BHIM,0,
TXN03247,2026-02-03 09:15:39,USR00296,USR00196,299.1,Education,P2P,Kolkata,Web,AmazonPay,0,
TXN05113,2026-02-03 09:23:41,USR00161,USR00365,64.18,Travel,P2P,Mumbai,Android_Phone,BHIM,0,
TXN09122,2026-02-03 09:25:53,USR00312,USR00027,565.14,Education,P2P,Jaipur,Tablet,PhonePe,0,
TXN04902,2026-02-03 10:15:59,USR00182,USR00232,2232.9,Travel,P2P,Delhi,Tablet,BHIM,0,
TXN01230,2026-02-03 10:25:12,USR00046,USR00308,20499.62,Fuel,P2P,Jaipur,Tablet,Paytm,0,
TXN05819,2026-02-03 10:35:46,USR00437,USR00011,306.99,Rent,P2P,Pune,iPhone,Paytm,0,
TXN05405,2026-02-03 10:36:43,USR00466,USR00158,374.82,P2P Transfer,P2M,Kolkata,Android_Phone,BHIM,0,
TXN03303,2026-02-03 10:50:11,USR00481,USR00401,968.22,Rent,P2M,Bengaluru,Web,GPay,0,
TXN08504,2026-02-03 10:59:43,USR00033,USR00204,632.41,Utilities,P2M,Hyderabad,Android_Phone,AmazonPay,0,
TXN02141,2026-02-03 11:12:52,USR00115,USR00099,3039.66,Shopping,P2P,Jaipur,Android_Phone,PhonePe,0,
TXN01075,2026-02-03 11:21:18,USR00385,USR00361,8592.6,Fuel,P2M,Hyderabad,Tablet,BHIM,0,
TXN08838,2026-02-03 11:21:41,USR00051,USR00475,10574.23,Utilities,P2P,Bengaluru,Android_Phone,Paytm,0,
TXN01442,2026-02-03 11:26:03,USR00480,USR00211,492.95,Grocery,P2M,Nagpur,Web,GPay,0,
TXN02247,2026-02-03 11:26:13,USR00149,USR00257,758.56,Food Delivery,P2P,Jaipur,iPhone,GPay,0,
TXN07681,2026-02-03 11:29:14,USR00299,USR00045,467.96,Shopping,P2M,Nagpur,Web,PhonePe,0,
TXN03575,2026-02-03 11:29:51,USR00301,USR00025,1650.73,Grocery,P2M,Mumbai,iPhone,Paytm,0,
TXN08924,2026-02-03 11:40:12,USR00121,USR00370,305.13,Healthcare,P2M,Delhi,Web,AmazonPay,0,
TXN03706,2026-02-03 11:55:21,USR00467,USR00254,6840.36,Grocery,P2M,Mumbai,Web,GPay,0,
TXN06844,2026-02-03 12:00:08,USR00195,USR00492,265.51,Entertainment,P2M,Pune,Android_Phone,BHIM,0,
TXN09306,2026-02-03 12:07:17,USR00421,USR00242,2225.29,Rent,P2M,Jaipur,Android_Phone,Paytm,0,
TXN01568,2026-02-03 12:10:42,USR00050,USR00342,437.79,Rent,P2M,Pune,iPhone,AmazonPay,0,
TXN06312,2026-02-03 12:14:31,USR00111,USR00167,857.02,Shopping,P2P,Hyderabad,iPhone,BHIM,0,
TXN04503,2026-02-03 12:16:13,USR00218,USR00434,361.24,Education,P2M,Nagpur,Web,BHIM,0,
TXN08198,2026-02-03 12:24:29,USR00159,USR00287,7941.69,Grocery,P2P,Kolkata,Android_Phone,PhonePe,0,
TXN01072,2026-02-03 12:48:52,USR00053,USR00491,11344.8,Food Delivery,P2P,Mumbai,Web,Paytm,0,
TXN08611,2026-02-03 12:59:23,USR00102,USR00048,1539.21,Utilities,P2P,Chennai,Tablet,BHIM,0,
TXN04024,2026-02-03 12:59:59,USR00498,USR00495,16123.63,P2P Transfer,P2M,Mumbai,Web,GPay,0,
TXN08438,2026-02-03 13:02:23,USR00046,USR00112,12429.51,Travel,P2M,Jaipur,Tablet,Paytm,0,
TXN07059,2026-02-03 13:10:31,USR00447,USR00156,1019.35,Utilities,P2P,Mumbai,Web,BHIM,0,
TXN03910,2026-02-03 13:25:19,USR00478,USR00266,1647.5,Shopping,P2M,Nagpur,Tablet,Paytm,0,
TXN03077,2026-02-03 13:32:57,USR00062,USR00129,417.15,Fuel,P2M,Chennai,Tablet,BHIM,0,
TXN07207,2026-02-03 13:37:54,USR00261,USR00318,10128.01,Rent,P2P,Hyderabad,iPhone,Paytm,0,
TXN07002,2026-02-03 14:03:23,USR00353,USR00342,288.51,Fuel,P2P,Jaipur,Tablet,Paytm,0,
TXN00034,2026-02-03 14:11:28,USR00030,USR00499,1753.89,Education,P2P,Pune,iPhone,PhonePe,0,
TXN06512,2026-02-03 14:28:22,USR00178,USR00120,226.45,P2P Transfer,P2M,Surat,Web,GPay,0,
TXN03776,2026-02-03 14:38:09,USR00064,USR00404,553.11,Shopping,P2M,Lucknow,Tablet,BHIM,0,
TXN08590,2026-02-03 14:41:25,USR00478,USR00427,3716.82,Shopping,P2P,Nagpur,Tablet,Paytm,0,
TXN04768,2026-02-03 14:43:53,USR00400,USR00241,796.04,Grocery,P2P,Pune,Web,Paytm,0,
TXN09241,2026-02-03 14:44:37,USR00170,USR00315,7610.13,Healthcare,P2M,Bengaluru,Web,AmazonPay,0,
TXN08740,2026-02-03 14:55:08,USR00360,USR00324,2982.28,Fuel,P2P,Jaipur,Tablet,Paytm,0,
TXN00874,2026-02-03 14:55:31,USR00392,USR00411,314.98,Shopping,P2P,Chennai,Web,Paytm,0,
TXN02550,2026-02-03 15:06:37,USR00369,USR00046,534.07,Rent,P2M,Bengaluru,Web,AmazonPay,0,
TXN02523,2026-02-03 15:15:22,USR00432,USR00036,120.95,Food Delivery,P2M,Jaipur,Web,Paytm,0,
TXN02799,2026-02-03 15:17:45,USR00458,USR00098,1880.49,Healthcare,P2M,Bengaluru,Web,PhonePe,0,
TXN08253,2026-02-03 15:29:16,USR00175,USR00057,2616.41,Rent,P2P,Bengaluru,Tablet,PhonePe,0,
TXN05892,2026-02-03 15:34:11,USR00222,USR00053,164.96,Shopping,P2M,Chennai,iPhone,Paytm,0,
TXN06517,2026-02-03 15:35:59,USR00400,USR00241,596.87,Travel,P2M,Pune,Web,Paytm,0,
TXN00403,2026-02-03 15:41:04,USR00226,USR00002,6280.48,Food Delivery,P2M,Ahmedabad,iPhone,Paytm,0,
TXN06948,2026-02-03 15:42:38,USR00383,USR00161,182.8,Grocery,P2M,Kolkata,Android_Phone,BHIM,0,
TXN06551,2026-02-03 15:58:29,USR00499,USR00195,854.2,Fuel,P2P,Surat,Tablet,BHIM,0,
TXN06595,2026-02-03 15:59:34,USR00140,USR00308,434.24,Food Delivery,P2P,Hyderabad,Web,BHIM,0,
TXN04225,2026-02-03 16:11:47,USR00194,USR00389,5276.17,Travel,P2P,Delhi,Android_Phone,AmazonPay,0,
TXN08094,2026-02-03 16:13:20,USR00228,USR00416,1111.31,Fuel,P2P,Lucknow,Tablet,Paytm,0,
TXN09133,2026-02-03 16:27:47,USR00179,USR00314,838.49,Utilities,P2P,Surat,Android_Phone,PhonePe,0,
TXN08133,2026-02-03 16:31:08,USR00247,USR00051,4832.05,Food Delivery,P2M,Lucknow,Tablet,PhonePe,0,
TXN01761,2026-02-03 16:33:59,USR00052,USR00412,13222.84,Utilities,P2M,Nagpur,Android_Phone,GPay,0,
TXN09040,2026-02-03 16:37:11,USR00081,USR00035,8838.3,Entertainment,P2M,Jaipur,Tablet,PhonePe,0,
TXN05665,2026-02-03 16:49:06,USR00434,USR00218,352.91,Utilities,P2M,Surat,Web,PhonePe,0,
TXN05590,2026-02-03 16:50:46,USR00491,USR00179,108.56,Healthcare,P2P,Ahmedabad,Web,BHIM,0,
TXN00782,2026-02-03 16:58:43,USR00490,USR00114,275.0,Fuel,P2M,Ahmedabad,Tablet,AmazonPay,0,
TXN07219,2026-02-03 16:58:43,USR00187,USR00126,1986.05,Fuel,P2M,Jaipur,Tablet,PhonePe,0,
TXN02482,2026-02-03 17:01:32,USR00159,USR00291,5088.6,Education,P2P,Kolkata,Android_Phone,PhonePe,0,
TXN05106,2026-02-03 17:18:36,USR00135,USR00336,166.92,Education,P2M,Chennai,Android_Phone,GPay,0,
TXN02564,2026-02-03 17:25:42,USR00433,USR00336,7535.98,Grocery,P2M,Jaipur,iPhone,AmazonPay,0,
TXN07369,2026-02-03 17:40:33,USR00468,USR00307,7944.82,Fuel,P2M,Delhi,Tablet,AmazonPay,0,
TXN08770,2026-02-03 17:42:17,USR00300,USR00435,1714.89,Food Delivery,P2P,Nagpur,Web,AmazonPay,0,
TXN07782,2026-02-03 17:43:20,USR00466,USR00393,384.65,Shopping,P2M,Kolkata,Android_Phone,BHIM,0,
TXN05673,2026-02-03 17:54:48,USR00159,USR00287,8097.38,Grocery,P2P,Kolkata,Android_Phone,PhonePe,0,
TXN08952,2026-02-03 18:07:22,USR00013,USR00373,268.36,Travel,P2P,Pune,Tablet,BHIM,0,
TXN04152,2026-02-03 18:20:37,USR00346,USR00378,167.59,Rent,P2M,Chennai,Android_Phone,AmazonPay,0,
TXN08359,2026-02-03 18:22:42,USR00041,USR00490,12833.36,Entertainment,P2M,Pune,Tablet,AmazonPay,0,
TXN01521,2026-02-03 18:36:35,USR00435,USR00432,6234.46,Rent,P2M,Chennai,Tablet,BHIM,0,
TXN00713,2026-02-03 18:42:03,USR00371,USR00189,632.18,Food Delivery,P2P,Pune,Tablet,PhonePe,0,
TXN02040,2026-02-03 18:45:28,USR00082,USR00355,1134.71,Food Delivery,P2P,Ahmedabad,Android_Phone,GPay,0,
TXN05689,2026-02-03 18:45:52,USR00209,USR00283,836.43,Rent,P2M,Pune,Tablet,PhonePe,0,
TXN06571,2026-02-03 18:52:06,USR00441,USR00357,116.93,P2P Transfer,P2M,Chennai,Android_Phone,PhonePe,0,
TXN06484,2026-02-03 18:58:34,USR00323,USR00134,272.95,Education,P2M,Pune,Tablet,PhonePe,0,
TXN04521,2026-02-03 19:17:56,USR00382,USR00306,1327.8,Travel,P2M,Delhi,iPhone,Paytm,0,
TXN04894,2026-02-03 19:42:12,USR00249,USR00027,10895.39,P2P Transfer,P2P,Nagpur,iPhone,PhonePe,0,
TXN01214,2026-02-03 19:45:50,USR00321,USR00078,130.43,Entertainment,P2M,Jaipur,Android_Phone,GPay,0,
TXN05575,2026-02-03 20:16:31,USR00249,USR00401,7932.28,Food Delivery,P2P,Nagpur,iPhone,PhonePe,0,
TXN04378,2026-02-03 20:17:36,USR00288,USR00105,20956.97,Grocery,P2M,Pune,Tablet,PhonePe,0,
TXN07036,2026-02-03 20:18:05,USR00338,USR00312,104.13,Entertainment,P2P,Delhi,Tablet,BHIM,0,
TXN00669,2026-02-03 20:30:16,USR00091,USR00241,81.56,Rent,P2P,Surat,Tablet,GPay,0,
TXN00310,2026-02-03 20:37:31,USR00301,USR00025,1763.21,Healthcare,P2M,Mumbai,iPhone,Paytm,0,
TXN02625,2026-02-03 20:39:47,USR00301,USR00025,1520.92,P2P Transfer,P2M,Mumbai,iPhone,Paytm,0,
TXN02540,2026-02-03 20:55:49,USR00207,USR00475,10277.91,Fuel,P2P,Nagpur,iPhone,PhonePe,0,
TXN00650,2026-02-03 20:58:36,USR00283,USR00368,7879.07,Shopping,P2M,Chennai,Android_Phone,GPay,0,
TXN07321,2026-02-03 21:09:23,USR00305,USR00156,495.64,P2P Transfer,P2M,Hyderabad,iPhone,Paytm,0,
TXN02252,2026-02-03 21:12:02,USR00032,USR00446,193.09,Shopping,P2M,Chennai,Tablet,PhonePe,0,
TXN04632,2026-02-03 21:26:47,USR00202,USR00369,9761.11,Rent,P2M,Mumbai,Tablet,Paytm,0,
TXN04444,2026-02-03 21:48:28,USR00284,USR00442,19393.08,Healthcare,P2M,Delhi,Tablet,PhonePe,0,
TXN02183,2026-02-03 21:49:25,USR00273,USR00400,9859.11,Shopping,P2M,Surat,iPhone,BHIM,0,
TXN00995,2026-02-03 22:05:31,USR00132,USR00062,6902.89,P2P Transfer,P2M,Delhi,Tablet,PhonePe,0,
TXN03566,2026-02-03 22:13:02,USR00493,USR00498,91.28,Healthcare,P2M,Jaipur,iPhone,GPay,0,
TXN03493,2026-02-03 22:50:31,USR00416,USR00056,8200.62,P2P Transfer,P2M,Bengaluru,Android_Phone,BHIM,0,
TXN09974,2026-02-04 01:42:11,USR00149,USR00093,554.36,Healthcare,P2M,Jaipur,Android_Phone,GPay,1,"new_device,odd_hour"
TXN01924,2026-02-04 06:02:37,USR00340,USR00296,445.69,Shopping,P2P,Jaipur,Tablet,PhonePe,0,
TXN08550,2026-02-04 06:42:49,USR00270,USR00047,580.54,Rent,P2P,Pune,Android_Phone,Paytm,0,
TXN01490,2026-02-04 06:52:50,USR00034,USR00305,1216.14,Travel,P2P,Mumbai,Web,Paytm,0,
TXN00273,2026-02-04 06:57:41,USR00283,USR00000,12162.57,Education,P2P,Chennai,Android_Phone,GPay,0,
TXN08638,2026-02-04 06:59:43,USR00430,USR00050,7611.53,P2P Transfer,P2M,Delhi,iPhone,BHIM,0,
TXN03110,2026-02-04 07:05:02,USR00016,USR00442,160.55,Entertainment,P2M,Surat,Android_Phone,GPay,0,
TXN07241,2026-02-04 07:15:10,USR00103,USR00049,310.93,Food Delivery,P2M,Delhi,Android_Phone,Paytm,0,
TXN05584,2026-02-04 07:22:37,USR00083,USR00271,10614.65,Education,P2P,Kolkata,Web,AmazonPay,0,
TXN06894,2026-02-04 07:28:16,USR00314,USR00081,7906.32,Rent,P2M,Bengaluru,iPhone,GPay,0,
TXN02792,2026-02-04 08:31:27,USR00281,USR00200,107.87,Education,P2M,Nagpur,Android_Phone,PhonePe,0,
TXN09849,2026-02-04 08:37:28,USR00330,USR00133,135724.24,Shopping,P2M,Delhi,Tablet,Paytm,1,high_amount
TXN02505,2026-02-04 08:56:41,USR00029,USR00460,396.36,Utilities,P2P,Chennai,Web,PhonePe,0,
TXN08871,2026-02-04 09:03:25,USR00250,USR00429,874.5,Fuel,P2M,Chennai,Android_Phone,AmazonPay,0,
TXN05095,2026-02-04 09:08:43,USR00273,USR00400,8005.34,Shopping,P2P,Surat,iPhone,BHIM,0,
TXN03036,2026-02-04 09:11:47,USR00219,USR00306,1023.91,P2P Transfer,P2M,Delhi,Tablet,AmazonPay,0,
TXN07449,2026-02-04 09:19:59,USR00348,USR00301,256.53,Grocery,P2P,Pune,Tablet,AmazonPay,0,
TXN01971,2026-02-04 09:28:08,USR00227,USR00343,5704.21,Entertainment,P2P,Ahmedabad,iPhone,BHIM,0,
TXN01933,2026-02-04 09:34:25,USR00000,USR00346,274.23,P2P Transfer,P2P,Nagpur,iPhone,AmazonPay,0,
TXN07952,2026-02-04 09:48:19,USR00090,USR00007,416.21,Shopping,P2P,Jaipur,Tablet,Paytm,0,
TXN03044,2026-02-04 09:59:48,USR00449,USR00034,1080.36,Healthcare,P2M,Mumbai,Web,Paytm,0,
TXN02639,2026-02-04 10:05:10,USR00425,USR00193,1940.58,Grocery,P2M,Ahmedabad,Web,Paytm,0,
TXN00651,2026-02-04 10:05:33,USR00476,USR00291,12987.63,Utilities,P2P,Delhi,Android_Phone,AmazonPay,0,
TXN06834,2026-02-04 10:11:16,USR00199,USR00407,1566.6,Entertainment,P2P,Ahmedabad,Tablet,PhonePe,0,
TXN03877,2026-02-04 10:20:30,USR00390,USR00300,131.0,Utilities,P2M,Surat,Web,GPay,0,
TXN00590,2026-02-04 10:23:17,USR00155,USR00062,276.62,Healthcare,P2P,Chennai,Android_Phone,BHIM,0,
TXN09235,2026-02-04 10:54:00,USR00400,USR00241,853.52,Travel,P2M,Pune,Web,Paytm,0,
TXN08992,2026-02-04 11:02:37,USR00182,USR00232,1980.37,Food Delivery,P2M,Delhi,Tablet,BHIM,0,
TXN09646,2026-02-04 11:06:04,USR00477,USR00408,104.86,Healthcare,P2M,Surat,iPhone,PhonePe,1,new_device
TXN03069,2026-02-04 11:17:13,USR00115,USR00178,4911.57,Rent,P2M,Jaipur,Android_Phone,PhonePe,0,
TXN09759,2026-02-04 11:35:36,USR00017,USR00274,1650.91,Healthcare,P2M,Pune,Android_Phone,PhonePe,1,high_amount
TXN02697,2026-02-04 12:04:41,USR00264,USR00297,180.86,Grocery,P2M,Ahmedabad,Web,AmazonPay,0,
TXN06113,2026-02-04 12:06:55,USR00185,USR00193,17632.85,Travel,P2P,Chennai,Tablet,BHIM,0,
TXN07083,2026-02-04 12:12:56,USR00341,USR00493,7462.53,Entertainment,P2P,Lucknow,Tablet,Paytm,0,
TXN08128,2026-02-04 12:17:04,USR00159,USR00291,6949.78,Fuel,P2M,Kolkata,Android_Phone,PhonePe,0,
TXN05445,2026-02-04 12:18:05,USR00272,USR00125,10946.3,Shopping,P2M,Lucknow,Android_Phone,AmazonPay,0,
TXN03453,2026-02-04 12:26:12,USR00262,USR00277,2479.58,Entertainment,P2P,Mumbai,Tablet,GPay,0,
TXN06215,2026-02-04 12:51:18,USR00405,USR00275,3369.65,Food Delivery,P2P,Lucknow,iPhone,Paytm,0,
TXN08393,2026-02-04 12:52:17,USR00433,USR00127,12718.65,Food Delivery,P2P,Jaipur,iPhone,AmazonPay,0,
TXN09363,2026-02-04 12:55:47,USR00316,USR00355,15834.47,Utilities,P2P,Surat,Android_Phone,Paytm,0,
TXN07177,2026-02-04 13:03:23,USR00002,USR00079,1761.82,Travel,P2M,Chennai,Tablet,Paytm,0,
TXN04962,2026-02-04 13:26:44,USR00087,USR00180,154.15,Utilities,P2P,Pune,Web,Paytm,0,
TXN02486,2026-02-04 13:28:02,USR00261,USR00124,16217.58,Utilities,P2P,Hyderabad,iPhone,Paytm,0,
TXN00024,2026-02-04 13:51:06,USR00171,USR00169,4031.39,Rent,P2M,Mumbai,iPhone,BHIM,0,
TXN03244,2026-02-04 14:01:01,USR00099,USR00372,1908.48,Fuel,P2P,Ahmedabad,Android_Phone,AmazonPay,0,
TXN08384,2026-02-04 14:13:06,USR00097,USR00338,2124.61,Education,P2P,Bengaluru,Web,GPay,0,
TXN04550,2026-02-04 14:23:36,USR00478,USR00427,1758.96,Fuel,P2M,Nagpur,Tablet,Paytm,0,
TXN02819,2026-02-04 14:23:45,USR00243,USR00202,10789.44,Entertainment,P2M,Chennai,Android_Phone,Paytm,0,
TXN05832,2026-02-04 14:28:44,USR00200,USR00433,1097.27,Utilities,P2M,Jaipur,Android_Phone,GPay,0,
TXN04629,2026-02-04 14:33:18,USR00322,USR00368,280.94,Food Delivery,P2M,Kolkata,iPhone,AmazonPay,0,
TXN02753,2026-02-04 14:36:28,USR00093,USR00372,1670.47,Grocery,P2P,Surat,Web,BHIM,0,
TXN09541,2026-02-04 14:59:51,USR00370,USR00289,18232.24,Utilities,P2P,Ahmedabad,iPhone,AmazonPay,1,high_amount
TXN09511,2026-02-04 15:03:49,USR00213,USR00154,1375.78,Shopping,P2M,Bengaluru,iPhone,GPay,1,rapid_burst
TXN04216,2026-02-04 15:06:25,USR00377,USR00092,604.86,Education,P2P,Bengaluru,Android_Phone,BHIM,0,
TXN00074,2026-02-04 15:12:21,USR00323,USR00398,561.92,Grocery,P2P,Pune,Tablet,PhonePe,0,
TXN04691,2026-02-04 15:14:49,USR00204,USR00423,2539.02,Rent,P2M,Nagpur,iPhone,GPay,0,
TXN01839,2026-02-04 15:26:07,USR00163,USR00446,528.01,Rent,P2M,Lucknow,Tablet,GPay,0,
TXN05687,2026-02-04 15:38:39,USR00499,USR00195,875.08,Food Delivery,P2P,Surat,Tablet,BHIM,0,
TXN08131,2026-02-04 15:42:34,USR00137,USR00158,130.82,Entertainment,P2M,Mumbai,iPhone,AmazonPay,0,
TXN06605,2026-02-04 15:45:11,USR00194,USR00389,6356.87,P2P Transfer,P2M,Delhi,Android_Phone,AmazonPay,0,
TXN00843,2026-02-04 15:46:02,USR00484,USR00455,1103.66,Grocery,P2M,Chennai,Android_Phone,Paytm,0,
TXN01451,2026-02-04 15:55:18,USR00128,USR00052,283.66,Travel,P2P,Surat,Android_Phone,AmazonPay,0,
TXN09679,2026-02-04 15:57:49,USR00344,USR00433,281.96,Fuel,P2M,Chennai,Tablet,AmazonPay,1,new_location
TXN08175,2026-02-04 16:15:10,USR00092,USR00019,12553.8,Fuel,P2M,Bengaluru,Android_Phone,Paytm,0,
TXN10039,2026-02-04 16:27:00,USR00089,USR00139,14411.41,Rent,P2P,Jaipur,Web,BHIM,1,rapid_burst
TXN10040,2026-02-04 16:28:00,USR00089,USR00467,12174.79,Shopping,P2M,Jaipur,Web,BHIM,1,rapid_burst
TXN10041,2026-02-04 16:33:00,USR00089,USR00467,15866.23,Education,P2M,Jaipur,Web,BHIM,1,rapid_burst
TXN05006,2026-02-04 16:33:16,USR00291,USR00430,7268.58,Utilities,P2P,Lucknow,Tablet,BHIM,0,
TXN10042,2026-02-04 16:36:00,USR00089,USR00467,10347.69,Grocery,P2P,Jaipur,Web,BHIM,1,rapid_burst
TXN00006,2026-02-04 17:26:59,USR00364,USR00099,15070.31,Grocery,P2P,Lucknow,Web,Paytm,0,
TXN05491,2026-02-04 17:29:14,USR00338,USR00096,196.64,Rent,P2P,Delhi,Tablet,BHIM,0,
TXN00189,2026-02-04 17:52:18,USR00433,USR00098,8522.89,Entertainment,P2P,Jaipur,iPhone,AmazonPay,0,
TXN05833,2026-02-04 17:59:30,USR00220,USR00336,67.68,Utilities,P2M,Delhi,Android_Phone,PhonePe,0,
TXN06876,2026-02-04 18:08:18,USR00128,USR00478,182.92,Food Delivery,P2P,Surat,Android_Phone,AmazonPay,0,
TXN01615,2026-02-04 18:10:30,USR00493,USR00498,88.24,Education,P2P,Jaipur,iPhone,GPay,0,
TXN06444,2026-02-04 18:16:50,USR00047,USR00273,2257.65,Education,P2M,Ahmedabad,iPhone,BHIM,0,
TXN04273,2026-02-04 18:38:09,USR00139,USR00217,2583.7,Education,P2M,Jaipur,Web,GPay,0,
TXN07218,2026-02-04 19:03:01,USR00460,USR00201,750.55,P2P Transfer,P2M,Lucknow,Android_Phone,AmazonPay,0,
TXN05386,2026-02-04 19:10:39,USR00249,USR00459,13224.44,Shopping,P2P,Nagpur,iPhone,PhonePe,0,
TXN06496,2026-02-04 19:13:02,USR00364,USR00099,16165.27,Grocery,P2M,Lucknow,Web,Paytm,0,
TXN09536,2026-02-04 19:13:16,USR00239,USR00486,7314.56,Healthcare,P2P,Lucknow,Web,AmazonPay,1,new_location
TXN04640,2026-02-04 19:28:03,USR00005,USR00083,11031.65,Utilities,P2M,Surat,Tablet,Paytm,0,
TXN07499,2026-02-04 19:30:32,USR00049,USR00399,2963.85,Education,P2M,Chennai,Android_Phone,GPay,0,
TXN06432,2026-02-04 19:51:15,USR00201,USR00111,290.3,P2P Transfer,P2M,Delhi,iPhone,BHIM,0,
TXN03190,2026-02-04 19:55:08,USR00131,USR00388,12083.58,Utilities,P2P,Ahmedabad,Web,BHIM,0,
TXN02198,2026-02-04 20:01:36,USR00168,USR00178,371.31,P2P Transfer,P2M,Chennai,Tablet,Paytm,0,
TXN08586,2026-02-04 20:11:51,USR00227,USR00134,3891.4,Education,P2P,Ahmedabad,iPhone,BHIM,0,
TXN06230,2026-02-04 20:13:51,USR00133,USR00073,1598.15,Utilities,P2P,Surat,Android_Phone,GPay,0,
TXN01667,2026-02-04 20:32:14,USR00076,USR00437,3543.28,Fuel,P2P,Delhi,iPhone,Paytm,0,
TXN02218,2026-02-04 20:36:27,USR00301,USR00025,1013.69,Utilities,P2M,Mumbai,iPhone,Paytm,0,
TXN06157,2026-02-04 20:39:26,USR00281,USR00200,101.82,Utilities,P2P,Nagpur,Android_Phone,PhonePe,0,
TXN09637,2026-02-04 20:44:38,USR00417,USR00095,11732.88,Food Delivery,P2M,Mumbai,Web,PhonePe,1,new_device
TXN02692,2026-02-04 20:49:17,USR00227,USR00134,5401.69,Education,P2P,Ahmedabad,iPhone,BHIM,0,
TXN08739,2026-02-04 21:00:42,USR00287,USR00025,2612.43,Fuel,P2M,Surat,Web,BHIM,0,
TXN07727,2026-02-04 21:24:07,USR00287,USR00121,2587.45,Shopping,P2P,Surat,Web,BHIM,0,
TXN03130,2026-02-04 22:23:28,USR00119,USR00243,191.03,Food Delivery,P2M,Chennai,iPhone,GPay,0,
TXN00340,2026-02-04 22:38:16,USR00477,USR00018,167.22,Fuel,P2P,Surat,Web,PhonePe,0,
TXN09966,2026-02-04 22:57:24,USR00222,USR00247,1002.4,Rent,P2M,Chennai,iPhone,Paytm,1,high_amount
TXN09703,2026-02-05 01:28:09,USR00498,USR00461,10143.22,Education,P2P,Mumbai,Web,GPay,1,"odd_hour,rapid_burst"
TXN09754,2026-02-05 03:36:10,USR00102,USR00373,946.47,Utilities,P2M,Delhi,Tablet,BHIM,1,"new_location,odd_hour"
TXN06799,2026-02-05 06:14:50,USR00136,USR00032,531.9,Entertainment,P2M,Nagpur,Tablet,BHIM,0,
TXN05987,2026-02-05 06:27:03,USR00387,USR00134,1497.96,Fuel,P2M,Delhi,Tablet,Paytm,0,
TXN03397,2026-02-05 06:34:14,USR00001,USR00101,3697.27,Rent,P2P,Pune,iPhone,AmazonPay,0,
TXN08540,2026-02-05 06:38:35,USR00260,USR00035,6772.47,Food Delivery,P2M,Pune,iPhone,Paytm,0,
TXN01394,2026-02-05 06:45:18,USR00336,USR00307,12049.32,Shopping,P2M,Ahmedabad,iPhone,BHIM,0,
TXN01189,2026-02-05 06:53:46,USR00326,USR00059,667.87,Entertainment,P2M,Chennai,Web,GPay,0,
TXN07031,2026-02-05 06:54:07,USR00209,USR00481,843.91,Healthcare,P2P,Pune,Tablet,PhonePe,0,
TXN07039,2026-02-05 07:25:42,USR00418,USR00255,3106.8,Fuel,P2M,Kolkata,Web,BHIM,0,
TXN03407,2026-02-05 07:34:54,USR00063,USR00288,6349.24,Fuel,P2M,Bengaluru,Android_Phone,Paytm,0,
TXN00668,2026-02-05 07:36:23,USR00082,USR00153,607.65,Food Delivery,P2P,Ahmedabad,Android_Phone,GPay,0,
TXN04918,2026-02-05 07:46:37,USR00016,USR00181,196.26,Rent,P2M,Surat,Android_Phone,GPay,0,
TXN00033,2026-02-05 07:49:03,USR00082,USR00153,1038.18,Healthcare,P2M,Ahmedabad,Android_Phone,GPay,0,
TXN04775,2026-02-05 08:12:41,USR00492,USR00284,97.42,Rent,P2M,Kolkata,Android_Phone,GPay,0,
TXN07920,2026-02-05 08:18:35,USR00132,USR00024,8150.88,Rent,P2M,Delhi,Tablet,PhonePe,0,
TXN03178,2026-02-05 08:42:55,USR00048,USR00108,2166.88,Healthcare,P2M,Kolkata,Web,BHIM,0,
TXN00326,2026-02-05 08:50:13,USR00492,USR00166,70.39,P2P Transfer,P2M,Kolkata,Android_Phone,GPay,0,
TXN05138,2026-02-05 08:52:54,USR00162,USR00431,1248.2,P2P Transfer,P2P,Kolkata,iPhone,AmazonPay,0,
TXN05130,2026-02-05 08:53:17,USR00146,USR00406,380.64,Entertainment,P2M,Nagpur,iPhone,PhonePe,0,
TXN02963,2026-02-05 09:16:02,USR00264,USR00048,144.38,Fuel,P2P,Ahmedabad,Web,AmazonPay,0,
TXN02050,2026-02-05 09:30:49,USR00304,USR00346,1285.42,Healthcare,P2P,Surat,iPhone,BHIM,0,
TXN00912,2026-02-05 09:46:42,USR00044,USR00041,16309.05,Fuel,P2P,Chennai,Web,PhonePe,0,
TXN08048,2026-02-05 09:52:35,USR00369,USR00186,570.51,Grocery,P2M,Bengaluru,Web,AmazonPay,0,
TXN00516,2026-02-05 09:54:45,USR00158,USR00055,486.0,Education,P2P,Lucknow,Tablet,BHIM,0,
TXN04789,2026-02-05 10:07:34,USR00424,USR00320,1358.68,Rent,P2P,Surat,Android_Phone,GPay,0,
TXN03238,2026-02-05 10:09:12,USR00024,USR00125,2011.94,Rent,P2M,Chennai,iPhone,Paytm,0,
TXN06653,2026-02-05 10:13:13,USR00425,USR00352,1679.29,Rent,P2M,Ahmedabad,Web,Paytm,0,
TXN00767,2026-02-05 10:14:56,USR00033,USR00347,881.04,Healthcare,P2M,Hyderabad,Android_Phone,AmazonPay,0,
TXN08743,2026-02-05 10:56:18,USR00369,USR00203,778.81,Education,P2P,Bengaluru,Web,AmazonPay,0,
TXN01175,2026-02-05 11:03:25,USR00439,USR00048,11850.69,Healthcare,P2M,Nagpur,Tablet,GPay,0,
TXN01198,2026-02-05 11:28:50,USR00180,USR00390,1477.43,Fuel,P2M,Jaipur,Tablet,AmazonPay,0,
TXN04112,2026-02-05 11:53:33,USR00056,USR00141,11600.42,Entertainment,P2M,Hyderabad,Web,PhonePe,0,
TXN02038,2026-02-05 11:54:55,USR00423,USR00124,401.97,Utilities,P2P,Hyderabad,iPhone,GPay,0,
TXN07912,2026-02-05 12:07:48,USR00104,USR00369,156.91,Travel,P2M,Surat,Web,Paytm,0,
TXN09164,2026-02-05 12:19:01,USR00050,USR00242,481.83,Education,P2M,Pune,iPhone,AmazonPay,0,
TXN03586,2026-02-05 12:36:20,USR00245,USR00374,3687.52,Education,P2M,Delhi,Tablet,GPay,0,
TXN07916,2026-02-05 13:08:28,USR00397,USR00434,1967.92,Entertainment,P2M,Jaipur,Android_Phone,Paytm,0,
TXN06179,2026-02-05 13:10:00,USR00427,USR00326,1565.18,Education,P2P,Jaipur,Web,AmazonPay,0,
TXN04488,2026-02-05 13:35:55,USR00225,USR00218,48.92,Education,P2P,Chennai,iPhone,PhonePe,0,
TXN05842,2026-02-05 14:00:36,USR00214,USR00126,1376.85,Grocery,P2P,Chennai,Android_Phone,BHIM,0,
TXN00095,2026-02-05 14:07:44,USR00055,USR00194,55.03,Education,P2P,Lucknow,Tablet,Paytm,0,
TXN01478,2026-02-05 14:15:45,USR00180,USR00126,538.58,Shopping,P2M,Jaipur,Tablet,AmazonPay,0,
TXN06988,2026-02-05 15:03:03,USR00323,USR00398,900.16,Education,P2M,Pune,Tablet,PhonePe,0,
TXN07297,2026-02-05 15:18:41,USR00391,USR00206,110.71,Fuel,P2P,Pune,Web,GPay,0,
TXN03509,2026-02-05 15:25:27,USR00383,USR00352,199.03,Entertainment,P2M,Kolkata,Android_Phone,BHIM,0,
TXN01610,2026-02-05 15:27:03,USR00250,USR00440,1036.45,Grocery,P2M,Chennai,Android_Phone,AmazonPay,0,
TXN03858,2026-02-05 15:31:40,USR00249,USR00459,16544.79,Grocery,P2M,Nagpur,iPhone,PhonePe,0,
TXN03906,2026-02-05 15:36:12,USR00473,USR00294,7561.64,Education,P2M,Hyderabad,Web,AmazonPay,0,
TXN00431,2026-02-05 15:56:40,USR00122,USR00043,288.88,Entertainment,P2P,Hyderabad,Web,Paytm,0,
TXN03430,2026-02-05 15:58:46,USR00069,USR00013,2818.84,Travel,P2P,Lucknow,Web,AmazonPay,0,
TXN02039,2026-02-05 16:00:03,USR00470,USR00293,17348.73,Education,P2P,Lucknow,Web,AmazonPay,0,
TXN06411,2026-02-05 16:07:15,USR00206,USR00350,6751.58,Healthcare,P2M,Pune,iPhone,Paytm,0,
TXN00113,2026-02-05 16:12:01,USR00400,USR00241,902.96,Travel,P2M,Pune,Web,Paytm,0,
TXN00979,2026-02-05 16:40:03,USR00356,USR00379,9778.68,Grocery,P2M,Pune,Android_Phone,BHIM,0,
TXN00496,2026-02-05 16:44:48,USR00444,USR00136,352.92,Fuel,P2M,Pune,iPhone,BHIM,0,
TXN03421,2026-02-05 16:46:13,USR00078,USR00242,1975.95,Utilities,P2M,Mumbai,Tablet,BHIM,0,
TXN08797,2026-02-05 16:51:04,USR00178,USR00031,416.07,Entertainment,P2M,Surat,Web,GPay,0,
TXN03184,2026-02-05 16:52:51,USR00081,USR00035,13682.87,Fuel,P2P,Jaipur,Tablet,PhonePe,0,
TXN07888,2026-02-05 16:53:45,USR00031,USR00403,1860.0,Entertainment,P2P,Hyderabad,iPhone,BHIM,0,
TXN05871,2026-02-05 16:54:09,USR00164,USR00322,211.61,Food Delivery,P2P,Lucknow,Android_Phone,BHIM,0,
TXN02661,2026-02-05 17:03:56,USR00491,USR00179,134.15,Fuel,P2M,Ahmedabad,Web,BHIM,0,
TXN03306,2026-02-05 17:19:25,USR00413,USR00240,234.47,P2P Transfer,P2M,Jaipur,Android_Phone,AmazonPay,0,
TXN07344,2026-02-05 17:50:06,USR00159,USR00287,7360.74,Utilities,P2M,Kolkata,Android_Phone,PhonePe,0,
TXN00983,2026-02-05 17:54:12,USR00439,USR00153,12307.86,P2P Transfer,P2P,Nagpur,Tablet,GPay,0,
TXN00358,2026-02-05 18:07:43,USR00432,USR00036,201.02,Education,P2M,Jaipur,Web,Paytm,0,
TXN03703,2026-02-05 18:14:19,USR00004,USR00035,1223.89,Rent,P2M,Lucknow,Web,PhonePe,0,
TXN04210,2026-02-05 18:22:20,USR00281,USR00200,110.58,Shopping,P2P,Nagpur,Android_Phone,PhonePe,0,
TXN03995,2026-02-05 18:24:57,USR00003,USR00413,3244.82,Food Delivery,P2P,Lucknow,Web,AmazonPay,0,
TXN02583,2026-02-05 18:27:49,USR00388,USR00419,541.86,Education,P2P,Nagpur,Web,BHIM,0,
TXN03206,2026-02-05 18:36:45,USR00469,USR00429,437.73,Food Delivery,P2P,Mumbai,iPhone,GPay,0,
TXN04999,2026-02-05 18:51:26,USR00123,USR00185,4900.06,Shopping,P2P,Surat,Android_Phone,PhonePe,0,
TXN07825,2026-02-05 18:51:30,USR00421,USR00242,3174.68,Shopping,P2P,Jaipur,Android_Phone,Paytm,0,
TXN00817,2026-02-05 19:00:10,USR00451,USR00201,4667.98,Travel,P2P,Jaipur,iPhone,PhonePe,0,
TXN08185,2026-02-05 19:01:33,USR00335,USR00493,551.16,Grocery,P2M,Delhi,Android_Phone,AmazonPay,0,
TXN02679,2026-02-05 19:25:07,USR00164,USR00369,288.09,Grocery,P2M,Lucknow,Android_Phone,BHIM,0,
TXN05515,2026-02-05 19:29:13,USR00044,USR00118,15642.6,Education,P2M,Chennai,Web,PhonePe,0,
TXN08791,2026-02-05 19:30:51,USR00136,USR00032,593.33,Shopping,P2M,Nagpur,Tablet,BHIM,0,
TXN06760,2026-02-05 19:35:04,USR00430,USR00098,10539.57,Grocery,P2M,Delhi,iPhone,BHIM,0,
TXN02925,2026-02-05 19:39:53,USR00170,USR00315,17273.34,Education,P2P,Bengaluru,Web,AmazonPay,0,
TXN06627,2026-02-05 20:10:11,USR00166,USR00339,276.25,Travel,P2P,Jaipur,iPhone,BHIM,0,
TXN08633,2026-02-05 20:14:58,USR00231,USR00493,795.5,Travel,P2P,Pune,iPhone,BHIM,0,
TXN02748,2026-02-05 20:17:13,USR00344,USR00433,339.36,P2P Transfer,P2M,Surat,Tablet,AmazonPay,0,
TXN00783,2026-02-05 20:19:12,USR00301,USR00016,1548.55,P2P Transfer,P2M,Mumbai,iPhone,Paytm,0,
TXN06688,2026-02-05 20:26:47,USR00457,USR00118,6576.21,Healthcare,P2M,Lucknow,Web,GPay,0,
TXN07814,2026-02-05 20:36:21,USR00000,USR00346,179.44,Entertainment,P2M,Nagpur,iPhone,AmazonPay,0,
TXN02060,2026-02-05 20:45:03,USR00417,USR00052,8032.44,Fuel,P2M,Mumbai,iPhone,PhonePe,0,
TXN09043,2026-02-05 20:52:34,USR00358,USR00199,1480.22,Food Delivery,P2P,Surat,Tablet,GPay,0,
TXN06419,2026-02-05 20:57:03,USR00281,USR00494,67.03,Fuel,P2P,Nagpur,Android_Phone,PhonePe,0,
TXN02542,2026-02-05 21:05:51,USR00100,USR00460,980.92,Shopping,P2P,Ahmedabad,Android_Phone,PhonePe,0,
TXN02010,2026-02-05 21:26:50,USR00402,USR00491,2212.61,Rent,P2P,Kolkata,Tablet,PhonePe,0,
TXN02363,2026-02-05 21:42:21,USR00201,USR00111,286.41,Travel,P2M,Delhi,iPhone,BHIM,0,
TXN08034,2026-02-05 21:42:43,USR00408,USR00094,620.81,Utilities,P2P,Kolkata,Tablet,PhonePe,0,
TXN02535,2026-02-05 21:51:18,USR00337,USR00424,2496.71,Food Delivery,P2P,Chennai,Android_Phone,Paytm,0,
TXN07694,2026-02-05 21:55:31,USR00032,USR00446,424.73,Utilities,P2M,Chennai,Tablet,PhonePe,0,
TXN07998,2026-02-05 21:58:05,USR00079,USR00466,527.55,P2P Transfer,P2M,Ahmedabad,Android_Phone,BHIM,0,
TXN05188,2026-02-05 22:20:53,USR00383,USR00411,226.88,Rent,P2M,Kolkata,Android_Phone,BHIM,0,
TXN08780,2026-02-05 22:23:26,USR00162,USR00153,1290.05,P2P Transfer,P2P,Kolkata,iPhone,AmazonPay,0,
TXN04344,2026-02-05 22:29:27,USR00132,USR00121,6132.4,Rent,P2P,Delhi,Tablet,PhonePe,0,
TXN08451,2026-02-05 22:34:00,USR00255,USR00383,5532.78,Healthcare,P2P,Bengaluru,Web,Paytm,0,
TXN03589,2026-02-05 22:34:45,USR00472,USR00029,6015.42,Entertainment,P2P,Nagpur,iPhone,AmazonPay,0,
TXN08098,2026-02-05 22:35:59,USR00140,USR00085,375.19,Entertainment,P2P,Hyderabad,Web,BHIM,0,
TXN03058,2026-02-05 22:36:13,USR00197,USR00189,3460.41,Utilities,P2P,Chennai,Tablet,GPay,0,
TXN04449,2026-02-05 22:37:56,USR00266,USR00079,15151.85,Food Delivery,P2M,Lucknow,iPhone,PhonePe,0,
TXN07634,2026-02-05 22:39:59,USR00317,USR00152,310.16,Entertainment,P2P,Delhi,iPhone,Paytm,0,
TXN07484,2026-02-05 22:52:02,USR00490,USR00114,327.57,Grocery,P2P,Ahmedabad,Tablet,AmazonPay,0,
TXN10159,2026-02-06 01:24:00,USR00483,USR00235,28447.95,Education,P2M,Nagpur,iPhone,AmazonPay,1,rapid_burst
TXN10162,2026-02-06 01:27:00,USR00483,USR00198,15084.08,Rent,P2P,Nagpur,iPhone,AmazonPay,1,rapid_burst
TXN10160,2026-02-06 01:27:00,USR00483,USR00198,17299.48,Fuel,P2M,Nagpur,iPhone,AmazonPay,1,rapid_burst
TXN10161,2026-02-06 01:30:00,USR00483,USR00235,15959.07,Utilities,P2P,Nagpur,iPhone,AmazonPay,1,rapid_burst
TXN09987,2026-02-06 04:24:33,USR00470,USR00249,13409.1,Fuel,P2P,Lucknow,Web,AmazonPay,1,"odd_hour,new_receiver"
TXN04373,2026-02-06 06:22:01,USR00440,USR00334,6995.76,Utilities,P2P,Delhi,Tablet,AmazonPay,0,
TXN06845,2026-02-06 06:22:07,USR00390,USR00300,95.9,Education,P2M,Surat,Web,GPay,0,
TXN01891,2026-02-06 06:23:33,USR00496,USR00075,475.36,Education,P2M,Lucknow,iPhone,PhonePe,0,
TXN00014,2026-02-06 06:31:05,USR00414,USR00407,4312.21,Travel,P2P,Hyderabad,Tablet,BHIM,0,
TXN07550,2026-02-06 06:49:36,USR00118,USR00330,859.85,Rent,P2M,Chennai,Android_Phone,GPay,0,
TXN02153,2026-02-06 07:03:42,USR00197,USR00160,4426.7,Rent,P2P,Chennai,Tablet,GPay,0,
TXN07265,2026-02-06 07:31:16,USR00337,USR00493,1440.71,Utilities,P2P,Chennai,Android_Phone,Paytm,0,
TXN00428,2026-02-06 07:41:56,USR00377,USR00490,907.83,Fuel,P2M,Bengaluru,Android_Phone,BHIM,0,
TXN08994,2026-02-06 07:52:17,USR00486,USR00179,316.29,Healthcare,P2P,Pune,Android_Phone,Paytm,0,
TXN04719,2026-02-06 07:54:10,USR00297,USR00353,15282.77,Fuel,P2P,Mumbai,Tablet,GPay,0,
TXN03775,2026-02-06 07:56:10,USR00212,USR00197,474.41,Healthcare,P2P,Lucknow,Android_Phone,BHIM,0,
TXN02839,2026-02-06 07:56:53,USR00271,USR00195,325.16,Fuel,P2M,Nagpur,Tablet,PhonePe,0,
TXN08936,2026-02-06 08:09:44,USR00136,USR00069,576.5,Fuel,P2M,Nagpur,Tablet,BHIM,0,
TXN05989,2026-02-06 08:18:29,USR00319,USR00301,1330.63,Rent,P2M,Nagpur,iPhone,PhonePe,0,
TXN01819,2026-02-06 08:19:18,USR00349,USR00061,17098.3,Travel,P2M,Bengaluru,Android_Phone,BHIM,0,
TXN04577,2026-02-06 08:28:33,USR00270,USR00414,428.41,Healthcare,P2M,Pune,Android_Phone,Paytm,0,
TXN03730,2026-02-06 08:34:30,USR00271,USR00195,160.11,Shopping,P2P,Nagpur,Tablet,PhonePe,0,
TXN06404,2026-02-06 09:06:15,USR00055,USR00014,32.82,Education,P2M,Lucknow,Tablet,Paytm,0,
TXN00648,2026-02-06 09:07:09,USR00227,USR00134,4377.06,Rent,P2P,Ahmedabad,iPhone,BHIM,0,
TXN08492,2026-02-06 09:08:38,USR00192,USR00495,1563.35,Shopping,P2P,Mumbai,Tablet,BHIM,0,
TXN02148,2026-02-06 09:23:01,USR00090,USR00046,352.63,P2P Transfer,P2M,Jaipur,Tablet,Paytm,0,
TXN02774,2026-02-06 09:46:59,USR00436,USR00371,10453.38,Food Delivery,P2P,Chennai,Web,GPay,0,
TXN05157,2026-02-06 10:09:26,USR00481,USR00401,814.25,Education,P2M,Bengaluru,Web,GPay,0,
TXN06569,2026-02-06 10:17:31,USR00348,USR00279,354.69,Grocery,P2P,Pune,Tablet,AmazonPay,0,
TXN06609,2026-02-06 10:34:30,USR00459,USR00104,14213.24,Entertainment,P2M,Pune,Tablet,PhonePe,0,
TXN02674,2026-02-06 10:41:02,USR00034,USR00305,1483.07,Shopping,P2P,Mumbai,Web,Paytm,0,
TXN08515,2026-02-06 10:51:06,USR00413,USR00146,311.38,Food Delivery,P2P,Jaipur,Android_Phone,AmazonPay,0,
TXN00851,2026-02-06 11:02:20,USR00224,USR00434,228.53,P2P Transfer,P2P,Mumbai,Web,Paytm,0,
TXN08041,2026-02-06 11:03:31,USR00259,USR00213,2290.68,Utilities,P2P,Pune,Tablet,Paytm,0,
TXN01244,2026-02-06 11:20:08,USR00387,USR00113,2159.7,Shopping,P2M,Delhi,Tablet,Paytm,0,
TXN08772,2026-02-06 11:26:06,USR00452,USR00415,2092.67,Shopping,P2M,Pune,Web,BHIM,0,
TXN00278,2026-02-06 11:44:47,USR00318,USR00485,782.02,Rent,P2M,Pune,Web,BHIM,0,
TXN03723,2026-02-06 12:12:10,USR00208,USR00223,501.47,Shopping,P2P,Mumbai,Web,GPay,0,
TXN02883,2026-02-06 12:36:28,USR00373,USR00128,560.12,Fuel,P2M,Lucknow,Web,BHIM,0,
TXN02808,2026-02-06 12:44:27,USR00046,USR00112,16583.12,P2P Transfer,P2P,Jaipur,Tablet,Paytm,0,
TXN02836,2026-02-06 12:47:35,USR00022,USR00160,4233.13,Entertainment,P2M,Hyderabad,Web,PhonePe,0,
TXN04840,2026-02-06 12:51:03,USR00156,USR00416,7118.21,Healthcare,P2P,Pune,Tablet,AmazonPay,0,
TXN04986,2026-02-06 12:51:11,USR00341,USR00140,10104.24,Food Delivery,P2M,Lucknow,Tablet,Paytm,0,
TXN04573,2026-02-06 13:03:02,USR00082,USR00462,756.69,Shopping,P2P,Ahmedabad,Android_Phone,GPay,0,
TXN01539,2026-02-06 13:08:04,USR00425,USR00352,1759.12,P2P Transfer,P2M,Ahmedabad,Web,Paytm,0,
TXN00880,2026-02-06 13:09:01,USR00328,USR00332,4347.64,P2P Transfer,P2M,Nagpur,Tablet,PhonePe,0,
TXN00905,2026-02-06 13:10:07,USR00050,USR00342,504.51,Entertainment,P2M,Pune,iPhone,AmazonPay,0,
TXN04815,2026-02-06 13:15:08,USR00261,USR00155,9531.26,Food Delivery,P2M,Hyderabad,iPhone,Paytm,0,
TXN05372,2026-02-06 13:16:30,USR00247,USR00051,3979.07,Shopping,P2P,Lucknow,Tablet,PhonePe,0,
TXN01777,2026-02-06 13:22:28,USR00331,USR00338,247.14,Travel,P2M,Jaipur,Web,PhonePe,0,
TXN07479,2026-02-06 13:25:00,USR00096,USR00119,2339.99,Education,P2M,Delhi,iPhone,Paytm,0,
TXN03351,2026-02-06 13:40:16,USR00302,USR00348,2840.5,Food Delivery,P2P,Surat,Tablet,PhonePe,0,
TXN08444,2026-02-06 13:43:49,USR00190,USR00285,2141.86,Fuel,P2P,Kolkata,iPhone,AmazonPay,0,
TXN02684,2026-02-06 13:45:05,USR00006,USR00431,997.06,Entertainment,P2P,Hyderabad,Tablet,GPay,0,
TXN04982,2026-02-06 13:51:28,USR00258,USR00186,496.53,Shopping,P2P,Pune,Android_Phone,BHIM,0,
TXN07690,2026-02-06 13:56:52,USR00357,USR00037,11576.75,Healthcare,P2P,Mumbai,Web,PhonePe,0,
TXN08183,2026-02-06 14:01:48,USR00409,USR00479,236.69,Grocery,P2M,Delhi,Android_Phone,BHIM,0,
TXN00385,2026-02-06 14:11:14,USR00101,USR00232,40.67,Utilities,P2M,Kolkata,Web,GPay,0,
TXN04317,2026-02-06 14:26:23,USR00403,USR00290,562.07,Rent,P2M,Ahmedabad,Web,GPay,0,
TXN07338,2026-02-06 14:26:30,USR00347,USR00474,2078.9,Rent,P2P,Nagpur,Web,BHIM,0,
TXN06727,2026-02-06 14:28:35,USR00300,USR00435,2564.41,Grocery,P2M,Nagpur,Web,AmazonPay,0,
TXN02877,2026-02-06 15:05:46,USR00069,USR00013,1935.02,Rent,P2M,Lucknow,Web,AmazonPay,0,
TXN07991,2026-02-06 15:30:55,USR00442,USR00067,2426.63,Utilities,P2M,Pune,Android_Phone,Paytm,0,
TXN09442,2026-02-06 15:34:04,USR00040,USR00294,1967.21,Grocery,P2M,Ahmedabad,Tablet,BHIM,1,new_device
TXN07510,2026-02-06 15:38:23,USR00429,USR00337,8256.05,Healthcare,P2P,Kolkata,Web,GPay,0,
TXN08066,2026-02-06 15:44:05,USR00142,USR00398,13726.02,Utilities,P2M,Mumbai,Tablet,Paytm,0,
TXN05181,2026-02-06 16:35:15,USR00054,USR00303,1816.21,Rent,P2P,Ahmedabad,Tablet,PhonePe,0,
TXN08122,2026-02-06 16:41:55,USR00436,USR00000,10721.89,Shopping,P2P,Chennai,Web,GPay,0,
TXN04895,2026-02-06 17:06:27,USR00439,USR00153,12977.82,Healthcare,P2M,Nagpur,Tablet,GPay,0,
TXN00740,2026-02-06 17:08:53,USR00466,USR00492,275.71,Grocery,P2P,Kolkata,Android_Phone,BHIM,0,
TXN07703,2026-02-06 17:13:02,USR00077,USR00390,1212.66,Shopping,P2M,Ahmedabad,iPhone,BHIM,0,
TXN01466,2026-02-06 17:27:15,USR00319,USR00301,1526.84,Shopping,P2M,Nagpur,iPhone,PhonePe,0,
TXN09743,2026-02-06 17:28:58,USR00344,USR00216,297.87,Travel,P2P,Jaipur,Tablet,AmazonPay,1,new_location
TXN08415,2026-02-06 17:58:30,USR00371,USR00135,562.67,Education,P2M,Pune,Tablet,PhonePe,0,
TXN09098,2026-02-06 17:59:22,USR00161,USR00170,125.93,Shopping,P2P,Mumbai,Android_Phone,BHIM,0,
TXN05861,2026-02-06 18:23:48,USR00194,USR00300,3041.8,Travel,P2P,Delhi,Android_Phone,AmazonPay,0,
TXN05216,2026-02-06 18:25:37,USR00068,USR00239,1104.52,Food Delivery,P2M,Ahmedabad,Web,Paytm,0,
TXN04545,2026-02-06 18:26:45,USR00335,USR00326,600.93,Grocery,P2P,Delhi,Android_Phone,AmazonPay,0,
TXN08787,2026-02-06 18:30:16,USR00482,USR00472,92.35,Entertainment,P2P,Jaipur,Tablet,BHIM,0,
TXN03248,2026-02-06 18:30:42,USR00185,USR00445,12082.72,Healthcare,P2P,Chennai,Tablet,BHIM,0,
TXN00553,2026-02-06 18:35:17,USR00358,USR00344,2232.06,Food Delivery,P2P,Surat,Tablet,GPay,0,
TXN08224,2026-02-06 18:36:09,USR00121,USR00347,409.79,Fuel,P2P,Delhi,Web,AmazonPay,0,
TXN08472,2026-02-06 18:48:46,USR00441,USR00076,46.83,Utilities,P2M,Chennai,Android_Phone,PhonePe,0,
TXN04147,2026-02-06 19:25:55,USR00326,USR00048,454.07,Shopping,P2M,Chennai,Web,GPay,0,
TXN06127,2026-02-06 19:43:53,USR00362,USR00343,438.68,Utilities,P2P,Pune,Web,AmazonPay,0,
TXN05911,2026-02-06 19:56:10,USR00450,USR00248,400.64,Travel,P2M,Kolkata,iPhone,AmazonPay,0,
TXN00341,2026-02-06 20:02:10,USR00299,USR00226,295.03,P2P Transfer,P2P,Nagpur,Web,PhonePe,0,
TXN01359,2026-02-06 20:10:37,USR00361,USR00043,1260.07,Fuel,P2P,Jaipur,Tablet,Paytm,0,
TXN01865,2026-02-06 20:11:06,USR00076,USR00395,5368.42,Entertainment,P2P,Delhi,iPhone,Paytm,0,
TXN00993,2026-02-06 20:11:17,USR00027,USR00170,290.91,P2P Transfer,P2M,Mumbai,Web,PhonePe,0,
TXN08052,2026-02-06 20:20:24,USR00363,USR00101,2356.72,Travel,P2M,Hyderabad,Android_Phone,AmazonPay,0,
TXN04617,2026-02-06 20:21:51,USR00205,USR00359,1036.97,Education,P2P,Mumbai,Tablet,GPay,0,
TXN09533,2026-02-06 20:36:28,USR00023,USR00234,17809.56,Education,P2M,Delhi,Web,AmazonPay,1,high_amount
TXN02987,2026-02-06 20:42:40,USR00274,USR00112,16319.91,Shopping,P2P,Mumbai,iPhone,Paytm,0,
TXN08334,2026-02-06 21:10:21,USR00209,USR00192,965.46,Utilities,P2M,Pune,Tablet,PhonePe,0,
TXN07546,2026-02-06 21:13:01,USR00382,USR00306,1040.27,Shopping,P2P,Delhi,iPhone,Paytm,0,
TXN03971,2026-02-06 21:18:50,USR00015,USR00067,1955.51,Travel,P2P,Hyderabad,iPhone,AmazonPay,0,
TXN09081,2026-02-06 21:26:37,USR00130,USR00191,489.84,Food Delivery,P2M,Kolkata,iPhone,GPay,0,
TXN07057,2026-02-06 21:28:52,USR00110,USR00112,156.88,Education,P2P,Jaipur,Tablet,GPay,0,
TXN09710,2026-02-06 21:40:13,USR00170,USR00327,13246.16,Fuel,P2M,Bengaluru,Web,AmazonPay,1,"rapid_burst,new_receiver"
TXN07705,2026-02-06 21:50:24,USR00100,USR00164,684.33,Grocery,P2M,Ahmedabad,Android_Phone,PhonePe,0,
TXN06952,2026-02-06 21:59:07,USR00094,USR00227,5101.32,Fuel,P2P,Pune,Web,GPay,0,
TXN02228,2026-02-06 22:14:36,USR00296,USR00248,286.37,Healthcare,P2M,Kolkata,Web,AmazonPay,0,
TXN04668,2026-02-06 22:31:28,USR00134,USR00283,2666.63,Shopping,P2M,Delhi,Web,BHIM,0,
TXN05297,2026-02-06 22:36:53,USR00472,USR00029,5505.16,Education,P2M,Nagpur,iPhone,AmazonPay,0,
TXN00769,2026-02-06 22:45:38,USR00177,USR00133,4228.71,Grocery,P2P,Chennai,Tablet,PhonePe,0,
TXN09531,2026-02-07 00:08:47,USR00214,USR00369,1342.51,Food Delivery,P2P,Chennai,Android_Phone,BHIM,1,odd_hour
TXN09739,2026-02-07 00:09:16,USR00198,USR00168,2923.69,Travel,P2M,Bengaluru,Web,AmazonPay,1,"odd_hour,high_amount"
TXN09578,2026-02-07 01:59:40,USR00339,USR00063,8795.72,Fuel,P2P,Mumbai,Tablet,AmazonPay,1,odd_hour
TXN09823,2026-02-07 02:45:53,USR00042,USR00486,3943.61,Education,P2P,Surat,Tablet,BHIM,1,odd_hour
TXN09418,2026-02-07 06:01:06,USR00027,USR00394,151.67,Food Delivery,P2P,Mumbai,iPhone,PhonePe,1,new_device
TXN06389,2026-02-07 06:13:14,USR00261,USR00237,8221.86,Healthcare,P2M,Hyderabad,iPhone,Paytm,0,
TXN02772,2026-02-07 06:19:03,USR00459,USR00033,8043.11,Rent,P2M,Pune,Tablet,PhonePe,0,
TXN06177,2026-02-07 06:19:55,USR00423,USR00061,361.36,Healthcare,P2M,Hyderabad,iPhone,GPay,0,
TXN01506,2026-02-07 06:23:03,USR00459,USR00104,14974.33,Education,P2M,Pune,Tablet,PhonePe,0,
TXN09342,2026-02-07 06:26:46,USR00001,USR00308,4382.93,Utilities,P2P,Pune,iPhone,AmazonPay,0,
TXN00400,2026-02-07 06:28:33,USR00068,USR00352,837.17,Shopping,P2P,Ahmedabad,Web,Paytm,0,
TXN04928,2026-02-07 06:45:17,USR00338,USR00096,58.85,Fuel,P2M,Delhi,Tablet,BHIM,0,
TXN06824,2026-02-07 06:45:33,USR00316,USR00449,17596.92,Education,P2M,Surat,Android_Phone,Paytm,0,
TXN03290,2026-02-07 07:07:49,USR00015,USR00370,2909.29,Food Delivery,P2M,Hyderabad,iPhone,AmazonPay,0,
TXN01486,2026-02-07 07:09:54,USR00231,USR00334,1782.88,Entertainment,P2P,Pune,iPhone,BHIM,0,
TXN04102,2026-02-07 07:11:37,USR00197,USR00189,6606.75,Education,P2P,Chennai,Tablet,GPay,0,
TXN02702,2026-02-07 07:14:29,USR00377,USR00264,307.67,Entertainment,P2P,Bengaluru,Android_Phone,BHIM,0,
TXN08039,2026-02-07 07:35:58,USR00431,USR00239,8395.7,Shopping,P2P,Pune,Android_Phone,GPay,0,
TXN03911,2026-02-07 07:42:40,USR00007,USR00255,69.63,Fuel,P2M,Lucknow,iPhone,BHIM,0,
TXN09470,2026-02-07 07:44:22,USR00388,USR00327,646.29,Food Delivery,P2M,Nagpur,iPhone,BHIM,1,new_device
TXN00509,2026-02-07 08:05:07,USR00132,USR00121,6028.4,Fuel,P2P,Delhi,Tablet,PhonePe,0,
TXN04614,2026-02-07 08:13:20,USR00048,USR00232,1635.06,Grocery,P2M,Kolkata,Web,BHIM,0,
TXN01296,2026-02-07 08:19:06,USR00360,USR00324,2849.48,Utilities,P2P,Jaipur,Tablet,Paytm,0,
TXN07320,2026-02-07 08:46:48,USR00387,USR00134,729.42,Grocery,P2M,Delhi,Tablet,Paytm,0,
TXN05377,2026-02-07 08:54:56,USR00373,USR00128,414.3,Entertainment,P2P,Lucknow,Web,BHIM,0,
TXN03192,2026-02-07 08:57:31,USR00403,USR00290,137.29,Travel,P2P,Ahmedabad,Web,GPay,0,
TXN00787,2026-02-07 09:00:29,USR00147,USR00283,82.57,Shopping,P2M,Mumbai,Tablet,AmazonPay,0,
TXN09143,2026-02-07 09:01:40,USR00091,USR00055,87.96,Fuel,P2P,Surat,Tablet,GPay,0,
TXN00602,2026-02-07 09:02:36,USR00356,USR00424,10338.38,Shopping,P2M,Pune,Android_Phone,BHIM,0,
TXN05759,2026-02-07 09:04:07,USR00283,USR00000,6353.17,Entertainment,P2P,Chennai,Android_Phone,GPay,0,
TXN05270,2026-02-07 09:24:07,USR00434,USR00218,222.09,P2P Transfer,P2M,Surat,Web,PhonePe,0,
TXN06564,2026-02-07 09:43:49,USR00016,USR00239,154.74,Shopping,P2P,Surat,Android_Phone,GPay,0,
TXN07429,2026-02-07 09:53:36,USR00210,USR00401,2578.88,Food Delivery,P2M,Bengaluru,Web,BHIM,0,
TXN03260,2026-02-07 10:00:02,USR00342,USR00440,475.65,Rent,P2P,Nagpur,Web,PhonePe,0,
TXN03541,2026-02-07 10:00:28,USR00413,USR00146,360.46,Travel,P2P,Jaipur,Android_Phone,AmazonPay,0,
TXN07442,2026-02-07 10:05:26,USR00289,USR00278,15203.99,P2P Transfer,P2P,Ahmedabad,Tablet,PhonePe,0,
TXN08416,2026-02-07 10:18:51,USR00363,USR00371,1889.33,Rent,P2M,Hyderabad,Android_Phone,AmazonPay,0,
TXN02362,2026-02-07 10:19:16,USR00118,USR00330,939.87,P2P Transfer,P2P,Chennai,Android_Phone,GPay,0,
TXN07488,2026-02-07 10:30:56,USR00404,USR00286,3465.68,Food Delivery,P2P,Ahmedabad,Android_Phone,AmazonPay,0,
TXN05537,2026-02-07 10:49:14,USR00384,USR00313,145.87,Healthcare,P2M,Jaipur,Web,BHIM,0,
TXN02245,2026-02-07 10:56:11,USR00024,USR00450,1151.41,Healthcare,P2P,Chennai,iPhone,Paytm,0,
TXN06542,2026-02-07 10:57:44,USR00249,USR00027,16393.24,Food Delivery,P2M,Nagpur,iPhone,PhonePe,0,
TXN03434,2026-02-07 11:00:45,USR00245,USR00196,3367.54,Entertainment,P2P,Delhi,Tablet,GPay,0,
TXN04717,2026-02-07 11:07:18,USR00257,USR00085,181.32,Food Delivery,P2P,Ahmedabad,Android_Phone,AmazonPay,0,
TXN03393,2026-02-07 11:32:14,USR00191,USR00356,148.41,P2P Transfer,P2M,Jaipur,Tablet,Paytm,0,
TXN06884,2026-02-07 11:37:37,USR00393,USR00059,9614.01,P2P Transfer,P2M,Lucknow,Tablet,Paytm,0,
TXN07582,2026-02-07 11:39:36,USR00120,USR00190,91.68,Food Delivery,P2P,Jaipur,Tablet,BHIM,0,
TXN09755,2026-02-07 11:41:40,USR00464,USR00454,1541.16,Shopping,P2M,Nagpur,iPhone,BHIM,1,new_receiver
TXN00606,2026-02-07 11:45:17,USR00155,USR00136,184.08,Food Delivery,P2P,Chennai,Android_Phone,BHIM,0,
TXN07523,2026-02-07 11:56:40,USR00159,USR00287,5784.57,Food Delivery,P2M,Kolkata,Android_Phone,PhonePe,0,
TXN01356,2026-02-07 12:01:01,USR00104,USR00026,239.31,Food Delivery,P2M,Surat,Web,Paytm,0,
TXN00897,2026-02-07 12:07:21,USR00356,USR00449,13325.91,P2P Transfer,P2P,Pune,Android_Phone,BHIM,0,
TXN07563,2026-02-07 12:11:38,USR00475,USR00327,6816.06,Fuel,P2P,Chennai,Web,Paytm,0,
TXN04299,2026-02-07 12:23:54,USR00457,USR00351,9979.75,Fuel,P2M,Lucknow,Web,GPay,0,
TXN03160,2026-02-07 12:28:46,USR00169,USR00040,7361.23,Shopping,P2M,Mumbai,Web,BHIM,0,
TXN09022,2026-02-07 12:33:35,USR00248,USR00330,10172.1,Entertainment,P2M,Pune,iPhone,AmazonPay,0,
TXN00934,2026-02-07 12:51:10,USR00440,USR00334,4724.57,Fuel,P2M,Delhi,Tablet,AmazonPay,0,
TXN05496,2026-02-07 13:00:35,USR00040,USR00322,1839.74,Travel,P2M,Ahmedabad,Android_Phone,BHIM,0,
TXN09748,2026-02-07 13:07:26,USR00165,USR00214,253.87,P2P Transfer,P2P,Mumbai,Android_Phone,PhonePe,1,new_device
TXN03709,2026-02-07 13:10:30,USR00438,USR00127,11672.2,Education,P2M,Chennai,Web,AmazonPay,0,
TXN02888,2026-02-07 13:13:08,USR00396,USR00117,7615.79,Shopping,P2M,Hyderabad,iPhone,PhonePe,0,
TXN03209,2026-02-07 13:25:07,USR00460,USR00313,682.97,Fuel,P2P,Lucknow,Android_Phone,AmazonPay,0,
TXN06819,2026-02-07 13:40:21,USR00321,USR00242,150.76,Shopping,P2M,Jaipur,Android_Phone,GPay,0,
TXN09945,2026-02-07 13:51:29,USR00366,USR00160,12063.16,Healthcare,P2P,Chennai,Web,BHIM,1,new_receiver
TXN03538,2026-02-07 14:05:05,USR00463,USR00211,1648.62,Healthcare,P2P,Lucknow,iPhone,PhonePe,0,
TXN08075,2026-02-07 14:39:05,USR00115,USR00179,3169.86,Education,P2M,Jaipur,Android_Phone,PhonePe,0,
TXN01542,2026-02-07 14:41:45,USR00487,USR00462,362.93,Healthcare,P2P,Bengaluru,Android_Phone,GPay,0,
TXN06875,2026-02-07 14:48:04,USR00013,USR00373,241.11,Education,P2P,Pune,Tablet,BHIM,0,
TXN03895,2026-02-07 15:05:51,USR00137,USR00263,206.09,Fuel,P2M,Mumbai,iPhone,AmazonPay,0,
TXN02428,2026-02-07 15:11:33,USR00175,USR00239,2708.05,Healthcare,P2M,Bengaluru,Tablet,PhonePe,0,
TXN02054,2026-02-07 15:13:56,USR00035,USR00473,4720.17,Education,P2M,Nagpur,Android_Phone,PhonePe,0,
TXN00642,2026-02-07 15:29:09,USR00434,USR00053,236.2,Healthcare,P2P,Surat,Web,PhonePe,0,
TXN01683,2026-02-07 15:32:36,USR00210,USR00378,3642.46,Travel,P2P,Bengaluru,Web,BHIM,0,
TXN09257,2026-02-07 15:46:29,USR00275,USR00336,16821.31,Grocery,P2M,Bengaluru,iPhone,PhonePe,0,
TXN04182,2026-02-07 15:52:08,USR00252,USR00158,2487.68,Food Delivery,P2P,Hyderabad,iPhone,AmazonPay,0,
TXN09992,2026-02-07 16:04:12,USR00267,USR00298,300.18,Healthcare,P2P,Hyderabad,Tablet,Paytm,1,new_receiver
TXN06362,2026-02-07 16:04:44,USR00395,USR00160,1250.15,P2P Transfer,P2M,Delhi,Web,AmazonPay,0,
TXN06893,2026-02-07 16:09:39,USR00444,USR00136,386.85,Food Delivery,P2P,Pune,iPhone,BHIM,0,
TXN06149,2026-02-07 16:10:34,USR00164,USR00317,97.91,Grocery,P2M,Lucknow,Android_Phone,BHIM,0,
TXN06813,2026-02-07 16:25:46,USR00080,USR00400,16836.84,Fuel,P2P,Delhi,iPhone,BHIM,0,
TXN04099,2026-02-07 16:34:52,USR00435,USR00166,5787.49,P2P Transfer,P2M,Chennai,Tablet,BHIM,0,
TXN08601,2026-02-07 16:51:20,USR00363,USR00371,2517.7,Shopping,P2P,Hyderabad,Android_Phone,AmazonPay,0,
TXN05648,2026-02-07 16:55:41,USR00400,USR00490,311.44,Entertainment,P2M,Pune,Web,Paytm,0,
TXN06495,2026-02-07 17:04:51,USR00030,USR00415,1436.4,Healthcare,P2M,Pune,iPhone,PhonePe,0,
TXN07688,2026-02-07 17:05:50,USR00058,USR00188,7762.18,P2P Transfer,P2P,Hyderabad,iPhone,AmazonPay,0,
TXN04029,2026-02-07 17:18:26,USR00186,USR00427,4235.5,Fuel,P2P,Jaipur,Tablet,GPay,0,
TXN00122,2026-02-07 17:35:31,USR00426,USR00097,85.88,Entertainment,P2M,Jaipur,Web,Paytm,0,
TXN03750,2026-02-07 17:47:34,USR00246,USR00328,3873.46,Shopping,P2P,Kolkata,iPhone,GPay,0,
TXN09234,2026-02-07 17:56:52,USR00144,USR00467,214.89,Travel,P2P,Jaipur,Tablet,Paytm,0,
TXN03452,2026-02-07 18:00:24,USR00334,USR00254,4576.5,Rent,P2P,Delhi,Tablet,GPay,0,
TXN08321,2026-02-07 18:15:25,USR00051,USR00055,15143.73,Rent,P2P,Bengaluru,Android_Phone,Paytm,0,
TXN09655,2026-02-07 18:23:46,USR00406,USR00323,440.51,Rent,P2M,Lucknow,Tablet,PhonePe,1,rapid_burst
TXN03201,2026-02-07 18:32:58,USR00456,USR00381,3486.27,Utilities,P2M,Kolkata,Web,Paytm,0,
TXN02297,2026-02-07 18:42:48,USR00088,USR00067,2365.13,Grocery,P2M,Lucknow,Android_Phone,Paytm,0,
TXN04863,2026-02-07 18:43:40,USR00396,USR00103,4420.5,P2P Transfer,P2M,Hyderabad,iPhone,PhonePe,0,
TXN04388,2026-02-07 18:43:45,USR00063,USR00288,4493.92,Travel,P2M,Bengaluru,Android_Phone,Paytm,0,
TXN02791,2026-02-07 18:54:19,USR00374,USR00451,9875.87,Education,P2M,Ahmedabad,Tablet,PhonePe,0,
TXN01721,2026-02-07 19:09:34,USR00045,USR00426,13144.9,P2P Transfer,P2M,Kolkata,Tablet,BHIM,0,
TXN09302,2026-02-07 19:11:29,USR00434,USR00359,398.61,Shopping,P2M,Surat,Web,PhonePe,0,
TXN07481,2026-02-07 19:27:44,USR00330,USR00032,14272.62,Entertainment,P2M,Delhi,Tablet,Paytm,0,
TXN02264,2026-02-07 19:29:04,USR00065,USR00041,383.78,Grocery,P2P,Pune,Android_Phone,PhonePe,0,
TXN05758,2026-02-07 19:54:08,USR00340,USR00296,433.09,Grocery,P2M,Jaipur,Tablet,PhonePe,0,
TXN05582,2026-02-07 20:00:20,USR00059,USR00380,8003.24,Grocery,P2M,Nagpur,Android_Phone,AmazonPay,0,
TXN06572,2026-02-07 20:02:09,USR00166,USR00339,358.7,P2P Transfer,P2P,Jaipur,iPhone,BHIM,0,
TXN05057,2026-02-07 20:10:33,USR00288,USR00013,14677.13,Utilities,P2M,Pune,Tablet,PhonePe,0,
TXN02835,2026-02-07 20:42:20,USR00469,USR00152,554.97,Entertainment,P2P,Mumbai,iPhone,GPay,0,
TXN03194,2026-02-07 20:44:41,USR00059,USR00161,8562.0,Education,P2P,Nagpur,Android_Phone,AmazonPay,0,
TXN00752,2026-02-07 20:45:05,USR00135,USR00336,301.19,Travel,P2P,Chennai,Android_Phone,GPay,0,
TXN02029,2026-02-07 20:45:05,USR00249,USR00330,10472.03,Education,P2M,Nagpur,iPhone,PhonePe,0,
TXN02398,2026-02-07 20:57:18,USR00339,USR00395,5811.58,Rent,P2M,Mumbai,Tablet,AmazonPay,0,
TXN04192,2026-02-07 21:02:20,USR00454,USR00067,229.36,Food Delivery,P2P,Ahmedabad,Web,PhonePe,0,
TXN03134,2026-02-07 21:17:19,USR00327,USR00190,11691.58,Education,P2P,Lucknow,Tablet,Paytm,0,
TXN08882,2026-02-07 21:34:59,USR00496,USR00075,515.23,Healthcare,P2M,Lucknow,iPhone,PhonePe,0,
TXN00392,2026-02-07 21:50:09,USR00437,USR00420,313.69,Shopping,P2P,Pune,iPhone,Paytm,0,
TXN09911,2026-02-07 21:53:44,USR00173,USR00471,5404.73,Rent,P2M,Jaipur,iPhone,PhonePe,1,high_amount
TXN04108,2026-02-07 22:04:15,USR00452,USR00031,2541.84,Grocery,P2P,Pune,Web,BHIM,0,
TXN09283,2026-02-07 22:08:24,USR00477,USR00408,229.44,Travel,P2M,Surat,Web,PhonePe,0,
TXN08828,2026-02-07 22:10:28,USR00229,USR00261,9031.06,Fuel,P2M,Nagpur,Web,AmazonPay,0,
TXN06728,2026-02-07 22:18:10,USR00224,USR00434,170.02,Rent,P2P,Mumbai,Web,Paytm,0,
TXN05333,2026-02-07 22:24:02,USR00008,USR00219,5147.03,Education,P2P,Nagpur,Web,PhonePe,0,
TXN02302,2026-02-07 22:32:42,USR00190,USR00140,1391.49,Fuel,P2P,Kolkata,iPhone,AmazonPay,0,
TXN08155,2026-02-07 22:36:17,USR00494,USR00378,6483.13,Food Delivery,P2M,Bengaluru,iPhone,AmazonPay,0,
TXN07450,2026-02-07 22:50:21,USR00237,USR00443,240.3,Education,P2M,Bengaluru,Android_Phone,PhonePe,0,
TXN09137,2026-02-08 06:06:34,USR00188,USR00051,3528.91,P2P Transfer,P2M,Pune,Android_Phone,GPay,0,
TXN08026,2026-02-08 06:07:32,USR00355,USR00489,2032.55,P2P Transfer,P2M,Delhi,Android_Phone,AmazonPay,0,
TXN09010,2026-02-08 06:17:08,USR00156,USR00478,6251.67,Grocery,P2P,Pune,Tablet,AmazonPay,0,
TXN00941,2026-02-08 06:17:29,USR00262,USR00277,3480.78,Food Delivery,P2M,Mumbai,Tablet,GPay,0,
TXN04532,2026-02-08 06:33:55,USR00413,USR00176,178.6,Grocery,P2P,Jaipur,Android_Phone,AmazonPay,0,
TXN03150,2026-02-08 06:34:49,USR00256,USR00364,1030.97,Grocery,P2P,Jaipur,Web,AmazonPay,0,
TXN02132,2026-02-08 06:41:38,USR00176,USR00207,176.99,Utilities,P2M,Bengaluru,iPhone,AmazonPay,0,
TXN06452,2026-02-08 06:43:13,USR00361,USR00156,2441.09,Shopping,P2M,Jaipur,Tablet,Paytm,0,
TXN07594,2026-02-08 06:47:34,USR00065,USR00041,556.57,Entertainment,P2M,Pune,Android_Phone,PhonePe,0,
TXN04258,2026-02-08 06:59:25,USR00061,USR00444,15613.79,Entertainment,P2M,Nagpur,Web,BHIM,0,
TXN07332,2026-02-08 07:13:24,USR00323,USR00267,494.6,Utilities,P2M,Pune,Tablet,PhonePe,0,
TXN02236,2026-02-08 07:17:36,USR00005,USR00107,11061.67,Entertainment,P2M,Surat,Tablet,Paytm,0,
TXN02470,2026-02-08 07:18:54,USR00074,USR00159,73.41,Utilities,P2M,Nagpur,iPhone,AmazonPay,0,
TXN05180,2026-02-08 07:19:52,USR00163,USR00446,909.5,Healthcare,P2P,Lucknow,Tablet,GPay,0,
TXN01921,2026-02-08 07:38:25,USR00288,USR00013,18264.04,Rent,P2P,Pune,Tablet,PhonePe,0,
TXN00502,2026-02-08 07:53:43,USR00407,USR00363,2881.84,Utilities,P2M,Pune,Web,Paytm,0,
TXN06008,2026-02-08 07:53:52,USR00041,USR00411,7629.24,Shopping,P2M,Pune,Tablet,AmazonPay,0,
TXN00683,2026-02-08 07:55:45,USR00207,USR00083,12432.08,Healthcare,P2P,Nagpur,iPhone,PhonePe,0,
TXN04190,2026-02-08 07:59:45,USR00250,USR00067,936.9,Education,P2P,Chennai,Android_Phone,AmazonPay,0,
TXN00809,2026-02-08 08:25:30,USR00474,USR00060,190.61,Shopping,P2M,Pune,Web,BHIM,0,
TXN07034,2026-02-08 08:42:24,USR00067,USR00278,653.22,Healthcare,P2P,Kolkata,iPhone,PhonePe,0,
TXN08935,2026-02-08 08:46:19,USR00223,USR00266,466.03,Entertainment,P2P,Ahmedabad,Web,BHIM,0,
TXN03636,2026-02-08 09:01:29,USR00227,USR00134,4917.72,Entertainment,P2M,Ahmedabad,iPhone,BHIM,0,
TXN03694,2026-02-08 09:03:58,USR00376,USR00011,18050.05,Utilities,P2P,Surat,iPhone,AmazonPay,0,
TXN09064,2026-02-08 09:09:54,USR00468,USR00003,9378.91,Travel,P2M,Delhi,Tablet,AmazonPay,0,
TXN03863,2026-02-08 09:23:02,USR00236,USR00143,355.01,Food Delivery,P2P,Lucknow,Android_Phone,PhonePe,0,
TXN05948,2026-02-08 09:35:35,USR00055,USR00342,57.58,Healthcare,P2P,Lucknow,Tablet,Paytm,0,
TXN02657,2026-02-08 09:49:34,USR00376,USR00065,14466.7,Education,P2P,Surat,iPhone,AmazonPay,0,
TXN00921,2026-02-08 09:53:14,USR00247,USR00044,4428.01,Rent,P2M,Lucknow,Tablet,PhonePe,0,
TXN00747,2026-02-08 10:04:16,USR00056,USR00141,8649.6,P2P Transfer,P2M,Hyderabad,Web,PhonePe,0,
TXN07700,2026-02-08 10:18:47,USR00091,USR00345,124.02,Fuel,P2M,Surat,Tablet,GPay,0,
TXN02979,2026-02-08 10:18:50,USR00466,USR00492,227.98,Education,P2M,Kolkata,Android_Phone,BHIM,0,
TXN06328,2026-02-08 10:35:42,USR00023,USR00318,495.93,Education,P2P,Delhi,Web,AmazonPay,0,
TXN01940,2026-02-08 11:31:09,USR00464,USR00058,830.34,Food Delivery,P2P,Nagpur,iPhone,BHIM,0,
TXN04579,2026-02-08 11:32:44,USR00278,USR00367,601.32,Utilities,P2M,Bengaluru,iPhone,Paytm,0,
TXN07840,2026-02-08 11:47:14,USR00159,USR00291,7811.7,Entertainment,P2M,Kolkata,Android_Phone,PhonePe,0,
TXN04771,2026-02-08 12:04:45,USR00256,USR00364,641.66,Grocery,P2P,Jaipur,Web,AmazonPay,0,
TXN03786,2026-02-08 12:29:46,USR00393,USR00246,7244.83,Healthcare,P2M,Lucknow,Tablet,Paytm,0,
TXN00119,2026-02-08 12:30:55,USR00073,USR00281,587.72,Fuel,P2P,Surat,Tablet,PhonePe,0,
TXN08011,2026-02-08 12:32:42,USR00320,USR00055,8621.39,Food Delivery,P2M,Jaipur,Web,GPay,0,
TXN04700,2026-02-08 12:53:21,USR00196,USR00332,523.24,Entertainment,P2M,Hyderabad,Web,Paytm,0,
TXN00205,2026-02-08 13:05:59,USR00474,USR00060,95.01,Entertainment,P2P,Pune,Web,BHIM,0,
TXN07065,2026-02-08 13:21:53,USR00075,USR00361,3419.24,Utilities,P2M,Ahmedabad,iPhone,BHIM,0,
TXN00574,2026-02-08 13:23:27,USR00202,USR00271,17498.92,Travel,P2M,Mumbai,Tablet,Paytm,0,
TXN01025,2026-02-08 13:27:16,USR00394,USR00489,12538.31,P2P Transfer,P2M,Chennai,iPhone,Paytm,0,
TXN03710,2026-02-08 13:51:30,USR00418,USR00190,3124.99,Food Delivery,P2P,Kolkata,Web,BHIM,0,
TXN03563,2026-02-08 13:56:30,USR00214,USR00369,1366.19,Education,P2M,Chennai,Android_Phone,BHIM,0,
TXN01851,2026-02-08 14:15:59,USR00008,USR00204,4830.12,Rent,P2P,Nagpur,Web,PhonePe,0,
TXN05813,2026-02-08 14:17:45,USR00431,USR00239,13138.56,Travel,P2P,Pune,Android_Phone,GPay,0,
TXN06552,2026-02-08 14:25:54,USR00435,USR00190,5797.08,Travel,P2M,Chennai,Tablet,BHIM,0,
TXN03232,2026-02-08 14:27:06,USR00064,USR00316,447.85,Grocery,P2M,Lucknow,Tablet,BHIM,0,
TXN05391,2026-02-08 14:29:21,USR00427,USR00397,1195.64,Education,P2P,Jaipur,Web,AmazonPay,0,
TXN09459,2026-02-08 14:44:49,USR00064,USR00316,7818.63,Fuel,P2M,Jaipur,Tablet,BHIM,1,"high_amount,new_location"
TXN09167,2026-02-08 15:02:09,USR00194,USR00411,5597.87,Food Delivery,P2P,Delhi,Android_Phone,AmazonPay,0,
TXN09134,2026-02-08 15:29:48,USR00348,USR00378,224.48,Healthcare,P2P,Pune,Tablet,AmazonPay,0,
TXN08648,2026-02-08 15:32:31,USR00254,USR00061,1201.25,Grocery,P2M,Hyderabad,Android_Phone,PhonePe,0,
TXN07394,2026-02-08 15:38:57,USR00343,USR00355,2734.2,Utilities,P2P,Nagpur,iPhone,Paytm,0,
TXN02130,2026-02-08 15:41:02,USR00398,USR00295,8886.89,Healthcare,P2M,Kolkata,Web,GPay,0,
TXN09168,2026-02-08 15:48:36,USR00137,USR00477,235.4,Rent,P2M,Mumbai,iPhone,AmazonPay,0,
TXN04186,2026-02-08 15:51:23,USR00346,USR00315,156.43,Shopping,P2P,Chennai,Android_Phone,AmazonPay,0,
TXN09439,2026-02-08 15:51:43,USR00036,USR00259,139.39,Grocery,P2P,Bengaluru,Web,Paytm,1,"new_location,new_device"
TXN06555,2026-02-08 16:20:16,USR00322,USR00368,314.23,Grocery,P2M,Kolkata,iPhone,AmazonPay,0,
TXN02403,2026-02-08 16:33:34,USR00419,USR00200,2165.21,Rent,P2M,Mumbai,iPhone,BHIM,0,
TXN05458,2026-02-08 16:35:42,USR00126,USR00119,384.93,Food Delivery,P2P,Ahmedabad,iPhone,AmazonPay,0,
TXN03543,2026-02-08 16:42:49,USR00314,USR00250,13168.46,Fuel,P2M,Bengaluru,iPhone,GPay,0,
TXN03882,2026-02-08 17:04:00,USR00417,USR00052,9714.48,Grocery,P2P,Mumbai,iPhone,PhonePe,0,
TXN02777,2026-02-08 17:10:47,USR00426,USR00290,104.78,Entertainment,P2P,Jaipur,Web,Paytm,0,
TXN10122,2026-02-08 17:22:00,USR00004,USR00360,1244.72,Utilities,P2P,Lucknow,Web,PhonePe,1,rapid_burst
TXN10123,2026-02-08 17:24:00,USR00004,USR00360,1270.61,Utilities,P2M,Lucknow,Web,PhonePe,1,rapid_burst
TXN10125,2026-02-08 17:25:00,USR00004,USR00360,1437.57,Entertainment,P2M,Lucknow,Web,PhonePe,1,rapid_burst
TXN10124,2026-02-08 17:28:00,USR00004,USR00035,1438.07,Shopping,P2M,Lucknow,Web,PhonePe,1,rapid_burst
TXN04501,2026-02-08 17:33:16,USR00058,USR00176,8518.41,Education,P2M,Hyderabad,iPhone,AmazonPay,0,
TXN10126,2026-02-08 17:34:00,USR00004,USR00023,1726.48,Travel,P2M,Lucknow,Web,PhonePe,1,rapid_burst
TXN01095,2026-02-08 17:36:00,USR00306,USR00261,1603.96,Food Delivery,P2M,Lucknow,Tablet,Paytm,0,
TXN05637,2026-02-08 17:37:15,USR00030,USR00499,1234.94,Healthcare,P2M,Pune,iPhone,PhonePe,0,
TXN02878,2026-02-08 17:46:03,USR00405,USR00332,2279.65,Education,P2M,Lucknow,iPhone,Paytm,0,
TXN04806,2026-02-08 17:52:31,USR00394,USR00489,6701.77,Entertainment,P2M,Chennai,iPhone,Paytm,0,
TXN09970,2026-02-08 17:56:39,USR00071,USR00082,191.93,Entertainment,P2M,Surat,Android_Phone,Paytm,1,"new_device,rapid_burst"
TXN02893,2026-02-08 18:11:52,USR00480,USR00016,512.15,Fuel,P2M,Nagpur,Web,GPay,0,
TXN00280,2026-02-08 18:15:13,USR00482,USR00472,75.15,Grocery,P2P,Jaipur,Tablet,BHIM,0,
TXN09596,2026-02-08 18:39:49,USR00174,USR00290,375.65,Education,P2P,Mumbai,Web,AmazonPay,1,rapid_burst
TXN09440,2026-02-08 18:47:06,USR00003,USR00403,2575.64,Entertainment,P2P,Lucknow,Web,AmazonPay,1,new_receiver
TXN07176,2026-02-08 18:49:19,USR00347,USR00195,1770.27,Education,P2P,Nagpur,Web,BHIM,0,
TXN09245,2026-02-08 18:51:03,USR00239,USR00232,6535.15,Fuel,P2M,Nagpur,Web,AmazonPay,0,
TXN09024,2026-02-08 18:59:13,USR00290,USR00137,115.18,Entertainment,P2M,Ahmedabad,Tablet,GPay,0,
TXN07766,2026-02-08 19:10:09,USR00276,USR00303,2831.68,Rent,P2M,Bengaluru,Web,Paytm,0,
TXN07781,2026-02-08 19:10:29,USR00102,USR00212,1759.85,Food Delivery,P2P,Chennai,Tablet,BHIM,0,
TXN04260,2026-02-08 19:11:46,USR00185,USR00469,14233.34,Education,P2P,Chennai,Tablet,BHIM,0,
TXN01503,2026-02-08 19:25:15,USR00332,USR00258,18148.98,Grocery,P2P,Surat,Android_Phone,BHIM,0,
TXN03088,2026-02-08 19:39:07,USR00019,USR00474,4807.34,Food Delivery,P2M,Bengaluru,Android_Phone,BHIM,0,
TXN02077,2026-02-08 19:40:39,USR00036,USR00259,169.74,Shopping,P2M,Nagpur,Android_Phone,Paytm,0,
TXN09157,2026-02-08 19:47:09,USR00475,USR00108,8740.34,Grocery,P2M,Chennai,Web,Paytm,0,
TXN08378,2026-02-08 19:55:19,USR00232,USR00115,109.46,P2P Transfer,P2P,Hyderabad,iPhone,AmazonPay,0,
TXN02340,2026-02-08 19:56:08,USR00391,USR00206,98.59,P2P Transfer,P2P,Pune,Web,GPay,0,
TXN05117,2026-02-08 19:57:15,USR00128,USR00478,241.93,Travel,P2M,Surat,Android_Phone,AmazonPay,0,
TXN08687,2026-02-08 20:05:51,USR00306,USR00261,1577.46,Travel,P2M,Lucknow,Tablet,Paytm,0,
TXN03789,2026-02-08 20:09:28,USR00442,USR00067,2474.89,Education,P2P,Pune,Android_Phone,Paytm,0,
TXN05032,2026-02-08 20:17:03,USR00117,USR00302,432.66,Travel,P2P,Ahmedabad,Android_Phone,GPay,0,
TXN06498,2026-02-08 20:24:53,USR00108,USR00369,15085.38,Entertainment,P2M,Chennai,Tablet,Paytm,0,
TXN08468,2026-02-08 20:45:30,USR00146,USR00406,322.76,Utilities,P2P,Nagpur,iPhone,PhonePe,0,
TXN08725,2026-02-08 20:48:31,USR00097,USR00338,2245.34,Education,P2M,Bengaluru,Web,GPay,0,
TXN02913,2026-02-08 20:51:59,USR00023,USR00318,1126.49,Utilities,P2P,Delhi,Web,AmazonPay,0,
TXN00860,2026-02-08 20:52:05,USR00301,USR00016,1513.02,Entertainment,P2M,Mumbai,iPhone,Paytm,0,
TXN06430,2026-02-08 21:01:39,USR00350,USR00002,268.6,Healthcare,P2M,Bengaluru,iPhone,PhonePe,0,
TXN02484,2026-02-08 21:02:03,USR00043,USR00248,1850.53,P2P Transfer,P2P,Pune,Web,PhonePe,0,
TXN07771,2026-02-08 21:20:10,USR00042,USR00304,6481.98,Travel,P2P,Surat,Tablet,BHIM,0,
TXN00228,2026-02-08 21:25:42,USR00258,USR00186,406.97,Utilities,P2P,Pune,Android_Phone,BHIM,0,
TXN04715,2026-02-08 21:37:11,USR00090,USR00404,513.13,Food Delivery,P2P,Jaipur,Tablet,Paytm,0,
TXN08906,2026-02-08 21:48:26,USR00074,USR00007,72.04,Food Delivery,P2P,Nagpur,iPhone,AmazonPay,0,
TXN04310,2026-02-08 21:53:36,USR00047,USR00013,1806.32,Rent,P2M,Ahmedabad,iPhone,BHIM,0,
TXN08877,2026-02-08 22:12:02,USR00084,USR00326,883.24,Utilities,P2M,Ahmedabad,iPhone,Paytm,0,
TXN01524,2026-02-08 22:31:46,USR00168,USR00478,512.58,Grocery,P2M,Chennai,Tablet,Paytm,0,
TXN05588,2026-02-08 22:32:47,USR00268,USR00419,5123.92,Rent,P2M,Kolkata,Web,GPay,0,
TXN08091,2026-02-08 22:47:39,USR00212,USR00401,381.97,Fuel,P2M,Lucknow,Android_Phone,BHIM,0,
TXN02706,2026-02-08 22:56:44,USR00188,USR00034,2843.88,Travel,P2M,Pune,Android_Phone,GPay,0,
TXN09746,2026-02-09 01:05:56,USR00316,USR00355,14435.04,Travel,P2M,Surat,Android_Phone,Paytm,1,odd_hour
TXN09917,2026-02-09 02:55:10,USR00051,USR00055,17191.55,Travel,P2P,Bengaluru,Android_Phone,Paytm,1,odd_hour
TXN09589,2026-02-09 04:49:29,USR00164,USR00268,131.05,Grocery,P2M,Lucknow,Android_Phone,BHIM,1,odd_hour
TXN01382,2026-02-09 06:00:13,USR00261,USR00155,9141.95,Fuel,P2P,Hyderabad,iPhone,Paytm,0,
TXN07520,2026-02-09 06:03:49,USR00295,USR00075,436.48,Utilities,P2M,Kolkata,Android_Phone,AmazonPay,0,
TXN09096,2026-02-09 06:14:59,USR00389,USR00314,109.03,Education,P2P,Mumbai,iPhone,GPay,0,
TXN02802,2026-02-09 06:20:57,USR00456,USR00381,16099.64,Food Delivery,P2M,Kolkata,Web,Paytm,0,
TXN00559,2026-02-09 06:26:49,USR00156,USR00167,6289.15,Food Delivery,P2P,Pune,Tablet,AmazonPay,0,
TXN09138,2026-02-09 06:32:38,USR00029,USR00183,172.99,Fuel,P2M,Chennai,Web,PhonePe,0,
TXN04452,2026-02-09 06:35:45,USR00387,USR00134,1686.8,Healthcare,P2M,Delhi,Tablet,Paytm,0,
TXN03616,2026-02-09 06:38:49,USR00153,USR00125,1853.69,Fuel,P2P,Surat,Web,BHIM,0,
TXN04221,2026-02-09 06:45:13,USR00278,USR00410,610.86,Food Delivery,P2P,Bengaluru,iPhone,Paytm,0,
TXN06030,2026-02-09 06:46:55,USR00249,USR00330,12694.75,Fuel,P2P,Nagpur,iPhone,PhonePe,0,
TXN01248,2026-02-09 06:57:37,USR00484,USR00392,1155.74,Travel,P2P,Chennai,Android_Phone,Paytm,0,
TXN00988,2026-02-09 07:17:35,USR00325,USR00131,956.58,Food Delivery,P2M,Nagpur,Android_Phone,PhonePe,0,
TXN07245,2026-02-09 07:18:33,USR00092,USR00019,5874.25,Rent,P2P,Bengaluru,Android_Phone,Paytm,0,
TXN03317,2026-02-09 07:20:51,USR00182,USR00228,1544.59,Fuel,P2P,Delhi,Tablet,BHIM,0,
TXN08116,2026-02-09 07:22:44,USR00368,USR00018,1539.56,Grocery,P2M,Lucknow,Android_Phone,AmazonPay,0,
TXN03533,2026-02-09 07:34:48,USR00300,USR00268,1935.54,Food Delivery,P2P,Nagpur,Web,AmazonPay,0,
TXN08634,2026-02-09 07:41:55,USR00018,USR00474,4550.34,Utilities,P2M,Mumbai,Android_Phone,PhonePe,0,
TXN00051,2026-02-09 07:52:50,USR00323,USR00102,814.85,Education,P2P,Pune,Tablet,PhonePe,0,
TXN08892,2026-02-09 08:15:37,USR00293,USR00040,374.81,Travel,P2M,Bengaluru,iPhone,BHIM,0,
TXN09460,2026-02-09 08:26:16,USR00128,USR00283,343.1,Grocery,P2M,Surat,iPhone,AmazonPay,1,new_device
TXN01798,2026-02-09 08:40:39,USR00003,USR00413,2381.7,Rent,P2P,Lucknow,Web,AmazonPay,0,
TXN02311,2026-02-09 08:44:04,USR00093,USR00214,2017.17,Entertainment,P2P,Surat,Web,BHIM,0,
TXN06131,2026-02-09 08:55:41,USR00375,USR00418,2577.31,Entertainment,P2M,Bengaluru,iPhone,PhonePe,0,
TXN08473,2026-02-09 10:05:04,USR00361,USR00379,1906.67,Fuel,P2M,Jaipur,Tablet,Paytm,0,
TXN05625,2026-02-09 10:05:14,USR00147,USR00239,189.63,Food Delivery,P2M,Mumbai,Tablet,AmazonPay,0,
TXN01003,2026-02-09 10:10:29,USR00095,USR00305,56.11,Utilities,P2P,Delhi,Tablet,GPay,0,
TXN05118,2026-02-09 10:13:47,USR00481,USR00191,1092.22,Rent,P2P,Bengaluru,Web,GPay,0,
TXN06862,2026-02-09 10:28:51,USR00249,USR00401,11461.09,Food Delivery,P2P,Nagpur,iPhone,PhonePe,0,
TXN04976,2026-02-09 10:35:59,USR00172,USR00244,3302.47,Entertainment,P2M,Surat,Tablet,Paytm,0,
TXN00857,2026-02-09 10:47:35,USR00430,USR00050,8279.17,Food Delivery,P2M,Delhi,iPhone,BHIM,0,
TXN02964,2026-02-09 11:04:19,USR00053,USR00221,13258.34,Grocery,P2P,Mumbai,Web,Paytm,0,
TXN01976,2026-02-09 11:08:07,USR00485,USR00163,1355.7,Travel,P2M,Hyderabad,iPhone,GPay,0,
TXN02393,2026-02-09 11:14:13,USR00301,USR00233,1685.02,Utilities,P2M,Mumbai,iPhone,Paytm,0,
TXN03793,2026-02-09 11:14:43,USR00318,USR00470,445.08,Healthcare,P2P,Pune,Web,BHIM,0,
TXN00624,2026-02-09 11:21:30,USR00417,USR00095,11638.32,Shopping,P2P,Mumbai,iPhone,PhonePe,0,
TXN08087,2026-02-09 11:24:06,USR00017,USR00229,224.79,Food Delivery,P2M,Pune,Android_Phone,PhonePe,0,
TXN08905,2026-02-09 11:41:58,USR00333,USR00206,2664.46,Fuel,P2P,Mumbai,Web,PhonePe,0,
TXN07674,2026-02-09 11:46:59,USR00233,USR00396,7656.05,Entertainment,P2M,Lucknow,Android_Phone,AmazonPay,0,
TXN08494,2026-02-09 12:25:01,USR00236,USR00143,441.39,Entertainment,P2M,Lucknow,Android_Phone,PhonePe,0,
TXN05509,2026-02-09 12:26:05,USR00498,USR00027,15576.84,Rent,P2M,Mumbai,Web,GPay,0,
TXN07858,2026-02-09 12:30:02,USR00372,USR00165,1924.57,Education,P2P,Mumbai,Tablet,GPay,0,
TXN04793,2026-02-09 12:38:12,USR00185,USR00445,10424.08,P2P Transfer,P2P,Chennai,Tablet,BHIM,0,
TXN09374,2026-02-09 12:43:28,USR00204,USR00350,3109.93,Utilities,P2P,Nagpur,iPhone,GPay,0,
TXN00413,2026-02-09 12:47:00,USR00071,USR00082,103.35,Rent,P2M,Surat,Web,Paytm,0,
TXN08692,2026-02-09 12:57:05,USR00475,USR00412,11721.97,Rent,P2P,Chennai,Web,Paytm,0,
TXN06308,2026-02-09 13:15:32,USR00302,USR00015,4850.74,Healthcare,P2M,Surat,Tablet,PhonePe,0,
TXN00315,2026-02-09 13:23:19,USR00060,USR00116,1393.98,Education,P2P,Delhi,Web,PhonePe,0,
TXN01150,2026-02-09 13:25:40,USR00254,USR00006,2040.04,Entertainment,P2M,Hyderabad,Android_Phone,PhonePe,0,
TXN05335,2026-02-09 13:38:03,USR00358,USR00344,2279.89,Entertainment,P2M,Surat,Tablet,GPay,0,
TXN07134,2026-02-09 13:46:55,USR00182,USR00228,1907.29,P2P Transfer,P2M,Delhi,Tablet,BHIM,0,
TXN03443,2026-02-09 13:53:40,USR00019,USR00199,8524.44,Entertainment,P2M,Bengaluru,Android_Phone,BHIM,0,
TXN07734,2026-02-09 14:44:39,USR00181,USR00424,584.1,Education,P2P,Delhi,Web,PhonePe,0,
TXN00167,2026-02-09 14:45:24,USR00220,USR00340,114.01,Food Delivery,P2M,Delhi,Android_Phone,PhonePe,0,
TXN08732,2026-02-09 14:53:38,USR00412,USR00116,1181.87,P2P Transfer,P2M,Jaipur,Tablet,GPay,0,
TXN07287,2026-02-09 15:12:12,USR00173,USR00471,753.61,P2P Transfer,P2M,Jaipur,iPhone,PhonePe,0,
TXN01085,2026-02-09 15:13:14,USR00175,USR00139,1480.6,Entertainment,P2P,Bengaluru,Tablet,PhonePe,0,
TXN08523,2026-02-09 15:13:35,USR00431,USR00455,9001.05,Utilities,P2M,Pune,Android_Phone,GPay,0,
TXN05429,2026-02-09 15:15:04,USR00073,USR00136,448.14,Rent,P2P,Surat,Tablet,PhonePe,0,
TXN09806,2026-02-09 15:15:37,USR00494,USR00390,88337.88,Entertainment,P2M,Bengaluru,iPhone,AmazonPay,1,"new_receiver,high_amount"
TXN00977,2026-02-09 15:21:06,USR00002,USR00490,1995.92,Entertainment,P2P,Chennai,Tablet,Paytm,0,
TXN04342,2026-02-09 15:26:39,USR00107,USR00324,202.65,Healthcare,P2M,Delhi,Tablet,GPay,0,
TXN02011,2026-02-09 15:26:55,USR00099,USR00372,1330.72,Fuel,P2P,Ahmedabad,Android_Phone,AmazonPay,0,
TXN03892,2026-02-09 15:38:12,USR00160,USR00065,11614.08,Grocery,P2M,Lucknow,Web,Paytm,0,
TXN06068,2026-02-09 15:59:46,USR00158,USR00274,418.99,Grocery,P2P,Lucknow,Tablet,BHIM,0,
TXN09209,2026-02-09 16:05:19,USR00450,USR00462,275.33,Rent,P2M,Kolkata,iPhone,AmazonPay,0,
TXN06645,2026-02-09 16:06:10,USR00178,USR00120,428.43,Entertainment,P2M,Surat,Web,GPay,0,
TXN01487,2026-02-09 16:10:33,USR00117,USR00323,489.27,Shopping,P2P,Ahmedabad,Android_Phone,GPay,0,
TXN07388,2026-02-09 16:21:40,USR00219,USR00298,630.85,Rent,P2P,Delhi,Tablet,AmazonPay,0,
TXN04244,2026-02-09 16:29:37,USR00104,USR00369,285.95,Fuel,P2P,Surat,Web,Paytm,0,
TXN00376,2026-02-09 16:38:21,USR00075,USR00139,3919.47,Fuel,P2P,Ahmedabad,iPhone,BHIM,0,
TXN01078,2026-02-09 16:45:10,USR00365,USR00219,4159.51,Rent,P2M,Lucknow,iPhone,GPay,0,
TXN08925,2026-02-09 16:45:42,USR00436,USR00000,4778.46,Rent,P2M,Chennai,Web,GPay,0,
TXN03437,2026-02-09 16:57:00,USR00222,USR00247,149.38,Travel,P2P,Chennai,iPhone,Paytm,0,
TXN01801,2026-02-09 17:05:20,USR00107,USR00324,198.03,Education,P2P,Delhi,Tablet,GPay,0,
TXN09689,2026-02-09 17:16:22,USR00176,USR00218,259.09,Utilities,P2P,Bengaluru,iPhone,AmazonPay,1,rapid_burst
TXN06307,2026-02-09 17:22:59,USR00248,USR00127,16666.92,Grocery,P2M,Pune,iPhone,AmazonPay,0,
TXN01570,2026-02-09 17:34:44,USR00391,USR00206,99.7,Rent,P2P,Pune,Web,GPay,0,
TXN01723,2026-02-09 17:36:39,USR00395,USR00091,1086.04,Utilities,P2P,Delhi,Web,AmazonPay,0,
TXN08538,2026-02-09 17:39:17,USR00422,USR00184,750.75,Utilities,P2P,Ahmedabad,Web,PhonePe,0,
TXN09910,2026-02-09 17:56:48,USR00422,USR00349,9897.68,Food Delivery,P2P,Ahmedabad,Web,PhonePe,1,"high_amount,new_receiver"
TXN09629,2026-02-09 18:27:54,USR00003,USR00104,2322.21,Healthcare,P2P,Lucknow,Android_Phone,AmazonPay,1,"new_receiver,new_device"
TXN06278,2026-02-09 18:30:12,USR00218,USR00434,518.42,Healthcare,P2M,Nagpur,Web,BHIM,0,
TXN08093,2026-02-09 18:32:25,USR00262,USR00177,1663.67,Grocery,P2P,Mumbai,Tablet,GPay,0,
TXN00552,2026-02-09 18:37:52,USR00089,USR00084,6937.93,Food Delivery,P2M,Jaipur,Web,BHIM,0,
TXN00474,2026-02-09 18:41:37,USR00196,USR00238,464.56,Healthcare,P2P,Hyderabad,Web,Paytm,0,
TXN08836,2026-02-09 18:49:08,USR00352,USR00047,595.29,Travel,P2P,Jaipur,Tablet,Paytm,0,
TXN03438,2026-02-09 19:18:17,USR00332,USR00258,13752.53,Entertainment,P2M,Surat,Android_Phone,BHIM,0,
TXN03412,2026-02-09 19:38:26,USR00214,USR00126,1234.99,Education,P2P,Chennai,Android_Phone,BHIM,0,
TXN09694,2026-02-09 19:49:45,USR00460,USR00343,899.61,Food Delivery,P2P,Lucknow,Android_Phone,AmazonPay,1,new_receiver
TXN06248,2026-02-09 20:00:04,USR00426,USR00095,146.99,Healthcare,P2M,Jaipur,Web,Paytm,0,
TXN00465,2026-02-09 20:10:46,USR00218,USR00419,589.15,Shopping,P2M,Nagpur,Web,BHIM,0,
TXN03743,2026-02-09 20:21:43,USR00091,USR00055,94.31,Utilities,P2P,Surat,Tablet,GPay,0,
TXN04661,2026-02-09 20:27:01,USR00218,USR00434,460.93,Education,P2P,Nagpur,Web,BHIM,0,
TXN06262,2026-02-09 20:27:33,USR00047,USR00318,2686.01,Rent,P2P,Ahmedabad,iPhone,BHIM,0,
TXN05121,2026-02-09 20:38:06,USR00124,USR00403,1948.51,Food Delivery,P2M,Delhi,iPhone,AmazonPay,0,
TXN04763,2026-02-09 20:43:28,USR00180,USR00348,1191.13,Rent,P2M,Jaipur,Tablet,AmazonPay,0,
TXN01588,2026-02-09 20:47:19,USR00038,USR00407,297.9,Grocery,P2P,Jaipur,iPhone,PhonePe,0,
TXN01948,2026-02-09 20:59:32,USR00356,USR00499,7531.84,P2P Transfer,P2M,Pune,Android_Phone,BHIM,0,
TXN09203,2026-02-09 21:32:18,USR00066,USR00149,11880.32,Food Delivery,P2M,Nagpur,Tablet,Paytm,0,
TXN05211,2026-02-09 21:35:53,USR00432,USR00036,174.59,P2P Transfer,P2M,Jaipur,Web,Paytm,0,
TXN02131,2026-02-09 21:38:49,USR00100,USR00460,1623.35,Shopping,P2M,Ahmedabad,Android_Phone,PhonePe,0,
TXN00203,2026-02-09 21:40:44,USR00129,USR00223,7706.38,Rent,P2P,Ahmedabad,Web,PhonePe,0,
TXN08975,2026-02-09 21:42:03,USR00305,USR00156,436.03,Education,P2M,Hyderabad,iPhone,Paytm,0,
TXN01342,2026-02-09 21:43:39,USR00173,USR00471,422.16,P2P Transfer,P2P,Jaipur,iPhone,PhonePe,0,
TXN06634,2026-02-09 21:49:30,USR00496,USR00075,595.49,Travel,P2P,Lucknow,iPhone,PhonePe,0,
TXN09382,2026-02-09 21:51:28,USR00384,USR00313,142.24,Healthcare,P2P,Jaipur,Web,BHIM,0,
TXN00770,2026-02-09 21:54:58,USR00094,USR00486,3109.6,Utilities,P2M,Pune,Web,GPay,0,
TXN07074,2026-02-09 21:58:30,USR00202,USR00271,15557.63,Rent,P2P,Mumbai,Tablet,Paytm,0,
TXN05995,2026-02-09 22:01:24,USR00092,USR00484,5173.71,Travel,P2P,Bengaluru,Android_Phone,Paytm,0,
TXN04581,2026-02-09 22:17:54,USR00372,USR00332,2493.15,Entertainment,P2M,Mumbai,Tablet,GPay,0,
TXN01966,2026-02-09 22:25:08,USR00355,USR00489,2085.24,P2P Transfer,P2P,Delhi,Android_Phone,AmazonPay,0,
TXN09049,2026-02-09 22:28:55,USR00114,USR00268,578.24,Utilities,P2M,Kolkata,iPhone,Paytm,0,
TXN08328,2026-02-09 22:29:16,USR00331,USR00338,460.01,Travel,P2P,Jaipur,Web,PhonePe,0,
TXN02368,2026-02-09 22:30:57,USR00132,USR00024,8797.55,Entertainment,P2M,Delhi,Tablet,PhonePe,0,
TXN04790,2026-02-09 22:46:43,USR00255,USR00064,3962.67,Shopping,P2P,Bengaluru,Web,Paytm,0,
TXN09704,2026-02-10 00:34:27,USR00065,USR00338,356.82,Utilities,P2M,Pune,iPhone,PhonePe,1,"new_device,odd_hour"
TXN09494,2026-02-10 03:33:15,USR00385,USR00396,11258.81,Shopping,P2P,Delhi,Tablet,BHIM,1,"new_location,odd_hour"
TXN03262,2026-02-10 06:05:37,USR00404,USR00133,4210.64,Travel,P2M,Ahmedabad,Android_Phone,AmazonPay,0,
TXN04683,2026-02-10 06:20:30,USR00191,USR00076,166.67,Education,P2P,Jaipur,Tablet,Paytm,0,
TXN06719,2026-02-10 06:36:25,USR00486,USR00163,161.6,Education,P2P,Pune,Android_Phone,Paytm,0,
TXN07216,2026-02-10 06:42:00,USR00475,USR00108,7867.66,Rent,P2M,Chennai,Web,Paytm,0,
TXN01093,2026-02-10 06:50:40,USR00050,USR00242,589.28,Shopping,P2M,Pune,iPhone,AmazonPay,0,
TXN01100,2026-02-10 06:57:32,USR00249,USR00401,12765.18,Education,P2P,Nagpur,iPhone,PhonePe,0,
TXN02818,2026-02-10 07:14:38,USR00075,USR00212,2726.0,Rent,P2P,Ahmedabad,iPhone,BHIM,0,
TXN03908,2026-02-10 07:29:38,USR00244,USR00067,13912.06,Food Delivery,P2P,Ahmedabad,iPhone,PhonePe,0,
TXN05310,2026-02-10 07:55:56,USR00173,USR00471,401.06,Education,P2P,Jaipur,iPhone,PhonePe,0,
TXN03406,2026-02-10 08:10:59,USR00319,USR00301,1290.29,Food Delivery,P2M,Nagpur,iPhone,PhonePe,0,
TXN01902,2026-02-10 08:15:42,USR00293,USR00216,491.04,Fuel,P2P,Bengaluru,iPhone,BHIM,0,
TXN05048,2026-02-10 08:18:46,USR00190,USR00485,2783.85,Entertainment,P2M,Kolkata,iPhone,AmazonPay,0,
TXN01334,2026-02-10 08:24:55,USR00447,USR00411,612.61,Healthcare,P2M,Mumbai,Web,BHIM,0,
TXN05574,2026-02-10 08:33:00,USR00333,USR00114,1840.94,Grocery,P2M,Mumbai,Web,PhonePe,0,
TXN00200,2026-02-10 08:34:27,USR00358,USR00199,3311.59,Rent,P2P,Surat,Tablet,GPay,0,
TXN00230,2026-02-10 08:45:33,USR00067,USR00115,578.16,Utilities,P2M,Kolkata,iPhone,PhonePe,0,
TXN06752,2026-02-10 08:49:14,USR00345,USR00402,1523.72,Healthcare,P2P,Pune,Android_Phone,Paytm,0,
TXN05124,2026-02-10 09:00:08,USR00461,USR00285,1634.41,Food Delivery,P2M,Nagpur,Tablet,AmazonPay,0,
TXN03815,2026-02-10 09:02:18,USR00481,USR00191,736.65,Grocery,P2M,Bengaluru,Web,GPay,0,
TXN05817,2026-02-10 09:19:01,USR00431,USR00040,9477.45,Education,P2P,Pune,Android_Phone,GPay,0,
TXN04626,2026-02-10 09:29:04,USR00296,USR00196,324.38,Utilities,P2P,Kolkata,Web,AmazonPay,0,
TXN05944,2026-02-10 09:30:22,USR00192,USR00211,1519.17,Entertainment,P2P,Mumbai,Tablet,BHIM,0,
TXN00026,2026-02-10 09:35:00,USR00346,USR00052,135.64,Food Delivery,P2P,Chennai,Android_Phone,AmazonPay,0,
TXN00104,2026-02-10 09:36:08,USR00059,USR00061,10369.15,Entertainment,P2M,Nagpur,Android_Phone,AmazonPay,0,
TXN04018,2026-02-10 09:44:42,USR00234,USR00134,214.22,Food Delivery,P2M,Hyderabad,iPhone,Paytm,0,
TXN00233,2026-02-10 09:47:31,USR00223,USR00266,372.15,Travel,P2M,Ahmedabad,Web,BHIM,0,
TXN05747,2026-02-10 09:55:07,USR00497,USR00406,11789.35,Food Delivery,P2M,Hyderabad,Web,BHIM,0,
TXN05761,2026-02-10 09:56:18,USR00449,USR00034,1534.29,Healthcare,P2P,Mumbai,Web,Paytm,0,
TXN00332,2026-02-10 10:09:26,USR00199,USR00407,1874.44,Entertainment,P2M,Ahmedabad,Tablet,PhonePe,0,
TXN06995,2026-02-10 10:26:31,USR00327,USR00047,10573.77,Entertainment,P2P,Lucknow,Tablet,Paytm,0,
TXN08324,2026-02-10 10:26:40,USR00280,USR00455,421.92,Entertainment,P2P,Bengaluru,Web,PhonePe,0,
TXN04003,2026-02-10 10:29:43,USR00400,USR00313,685.47,Entertainment,P2M,Pune,Web,Paytm,0,
TXN06381,2026-02-10 10:30:19,USR00186,USR00427,2672.6,Healthcare,P2P,Jaipur,Tablet,GPay,0,
TXN05430,2026-02-10 10:32:19,USR00294,USR00166,367.0,Entertainment,P2M,Delhi,Android_Phone,Paytm,0,
TXN05597,2026-02-10 11:18:22,USR00301,USR00025,1268.25,Food Delivery,P2M,Mumbai,iPhone,Paytm,0,
TXN05433,2026-02-10 11:45:50,USR00200,USR00433,605.89,Grocery,P2P,Jaipur,Android_Phone,GPay,0,
TXN09826,2026-02-10 11:51:09,USR00073,USR00389,2911.44,Healthcare,P2P,Surat,Tablet,PhonePe,1,high_amount
TXN02067,2026-02-10 11:52:58,USR00470,USR00287,17047.66,Food Delivery,P2P,Lucknow,Web,AmazonPay,0,
TXN01437,2026-02-10 11:58:15,USR00155,USR00062,200.82,Shopping,P2P,Chennai,Android_Phone,BHIM,0,
TXN01817,2026-02-10 12:04:13,USR00409,USR00479,210.32,Fuel,P2M,Delhi,Android_Phone,BHIM,0,
TXN07936,2026-02-10 12:07:24,USR00494,USR00378,8056.15,Utilities,P2P,Bengaluru,iPhone,AmazonPay,0,
TXN07603,2026-02-10 12:08:34,USR00035,USR00412,4265.36,Travel,P2M,Nagpur,Android_Phone,PhonePe,0,
TXN06226,2026-02-10 12:10:35,USR00071,USR00439,130.65,Rent,P2M,Surat,Web,Paytm,0,
TXN03810,2026-02-10 12:22:31,USR00354,USR00370,3852.24,Healthcare,P2M,Hyderabad,Tablet,Paytm,0,
TXN01959,2026-02-10 12:27:55,USR00007,USR00255,57.34,Education,P2M,Lucknow,iPhone,BHIM,0,
TXN09449,2026-02-10 12:34:42,USR00193,USR00370,6107.33,Rent,P2M,Chennai,Tablet,PhonePe,1,"rapid_burst,high_amount"
TXN08737,2026-02-10 12:36:12,USR00016,USR00239,113.22,Fuel,P2P,Surat,Android_Phone,GPay,0,
TXN09614,2026-02-10 12:37:54,USR00420,USR00197,2746.92,Grocery,P2P,Nagpur,Android_Phone,BHIM,1,rapid_burst
TXN02271,2026-02-10 12:38:02,USR00092,USR00019,10903.04,Healthcare,P2M,Bengaluru,Android_Phone,Paytm,0,
TXN07092,2026-02-10 12:41:27,USR00494,USR00378,6312.75,Rent,P2M,Bengaluru,iPhone,AmazonPay,0,
TXN00548,2026-02-10 12:50:27,USR00214,USR00320,1120.07,Grocery,P2P,Chennai,Android_Phone,BHIM,0,
TXN01267,2026-02-10 13:02:36,USR00393,USR00246,8571.21,Utilities,P2M,Lucknow,Tablet,Paytm,0,
TXN07658,2026-02-10 13:04:37,USR00133,USR00219,954.21,Utilities,P2M,Surat,Android_Phone,GPay,0,
TXN07549,2026-02-10 13:23:47,USR00292,USR00317,212.64,Rent,P2M,Jaipur,Android_Phone,PhonePe,0,
TXN03639,2026-02-10 13:36:21,USR00063,USR00415,6336.0,Travel,P2P,Bengaluru,Android_Phone,Paytm,0,
TXN04013,2026-02-10 13:42:01,USR00048,USR00108,2228.8,Education,P2P,Kolkata,Web,BHIM,0,
TXN00855,2026-02-10 13:44:34,USR00269,USR00421,242.45,Food Delivery,P2P,Mumbai,Android_Phone,BHIM,0,
TXN02531,2026-02-10 13:55:17,USR00064,USR00316,654.84,Entertainment,P2P,Lucknow,Tablet,BHIM,0,
TXN01055,2026-02-10 14:49:23,USR00461,USR00285,488.06,Rent,P2M,Nagpur,Tablet,AmazonPay,0,
TXN08961,2026-02-10 14:50:05,USR00029,USR00460,379.99,Healthcare,P2M,Chennai,Web,PhonePe,0,
TXN07149,2026-02-10 15:24:59,USR00359,USR00144,8868.32,Entertainment,P2P,Hyderabad,Android_Phone,BHIM,0,
TXN04791,2026-02-10 15:32:21,USR00178,USR00120,310.66,P2P Transfer,P2P,Surat,Web,GPay,0,
TXN08465,2026-02-10 16:12:56,USR00171,USR00169,3586.39,P2P Transfer,P2M,Mumbai,iPhone,BHIM,0,
TXN01141,2026-02-10 16:26:12,USR00379,USR00067,94.56,Food Delivery,P2M,Pune,Android_Phone,AmazonPay,0,
TXN08200,2026-02-10 16:31:05,USR00451,USR00250,5102.76,Fuel,P2M,Jaipur,iPhone,PhonePe,0,
TXN01295,2026-02-10 16:37:57,USR00185,USR00464,14630.64,Education,P2M,Chennai,Tablet,BHIM,0,
TXN06051,2026-02-10 16:53:27,USR00261,USR00378,9404.1,Rent,P2P,Hyderabad,iPhone,Paytm,0,
TXN07906,2026-02-10 17:34:36,USR00058,USR00242,6820.34,Travel,P2P,Hyderabad,iPhone,AmazonPay,0,
TXN00951,2026-02-10 17:41:15,USR00279,USR00491,2341.81,Education,P2M,Delhi,iPhone,BHIM,0,
TXN02438,2026-02-10 17:48:22,USR00391,USR00493,86.0,Shopping,P2M,Pune,Web,GPay,0,
TXN02295,2026-02-10 17:48:42,USR00077,USR00278,1462.44,P2P Transfer,P2M,Ahmedabad,iPhone,BHIM,0,
TXN05076,2026-02-10 18:04:04,USR00021,USR00482,5246.43,Education,P2M,Surat,Android_Phone,AmazonPay,0,
TXN07269,2026-02-10 18:10:20,USR00408,USR00094,468.97,Travel,P2M,Kolkata,Tablet,PhonePe,0,
TXN07860,2026-02-10 18:25:24,USR00051,USR00475,15913.43,Education,P2P,Bengaluru,Android_Phone,Paytm,0,
TXN00972,2026-02-10 18:33:05,USR00159,USR00291,9418.25,Utilities,P2M,Kolkata,Android_Phone,PhonePe,0,
TXN06394,2026-02-10 18:33:35,USR00263,USR00121,4854.95,Entertainment,P2P,Pune,Android_Phone,PhonePe,0,
TXN05275,2026-02-10 18:36:24,USR00294,USR00166,535.95,Food Delivery,P2P,Delhi,Android_Phone,Paytm,0,
TXN02217,2026-02-10 18:44:14,USR00125,USR00354,93.77,Shopping,P2P,Bengaluru,iPhone,AmazonPay,0,
TXN07894,2026-02-10 18:49:18,USR00123,USR00009,5017.9,Healthcare,P2M,Surat,Android_Phone,PhonePe,0,
TXN00165,2026-02-10 18:54:24,USR00196,USR00183,316.67,Education,P2P,Hyderabad,Web,Paytm,0,
TXN08064,2026-02-10 19:02:46,USR00020,USR00029,435.41,Travel,P2P,Lucknow,Android_Phone,BHIM,0,
TXN08176,2026-02-10 19:05:42,USR00494,USR00378,9807.18,Rent,P2M,Bengaluru,iPhone,AmazonPay,0,
TXN03321,2026-02-10 19:17:40,USR00432,USR00036,170.66,Rent,P2P,Jaipur,Web,Paytm,0,
TXN00294,2026-02-10 19:25:49,USR00043,USR00398,1505.82,Healthcare,P2P,Pune,Web,PhonePe,0,
TXN08842,2026-02-10 19:26:45,USR00397,USR00434,1299.48,Healthcare,P2M,Jaipur,Android_Phone,Paytm,0,
TXN07820,2026-02-10 19:30:45,USR00460,USR00201,485.53,Food Delivery,P2P,Lucknow,Android_Phone,AmazonPay,0,
TXN05002,2026-02-10 19:31:13,USR00061,USR00444,12478.92,Food Delivery,P2M,Nagpur,Web,BHIM,0,
TXN05135,2026-02-10 19:31:30,USR00014,USR00003,3403.68,Education,P2P,Mumbai,Web,GPay,0,
TXN08864,2026-02-10 19:54:57,USR00203,USR00317,389.34,Shopping,P2P,Delhi,Android_Phone,Paytm,0,
TXN07270,2026-02-10 19:55:01,USR00152,USR00023,402.45,Grocery,P2M,Mumbai,Android_Phone,AmazonPay,0,
TXN07018,2026-02-10 20:07:38,USR00356,USR00499,8382.28,Education,P2P,Pune,Android_Phone,BHIM,0,
TXN02755,2026-02-10 20:08:54,USR00124,USR00051,2379.1,Grocery,P2M,Delhi,iPhone,AmazonPay,0,
TXN07880,2026-02-10 20:11:38,USR00469,USR00169,251.2,Rent,P2M,Mumbai,iPhone,GPay,0,
TXN05398,2026-02-10 20:27:39,USR00361,USR00379,2344.04,Entertainment,P2P,Jaipur,Tablet,Paytm,0,
TXN03446,2026-02-10 20:39:17,USR00162,USR00431,1477.56,P2P Transfer,P2P,Kolkata,iPhone,AmazonPay,0,
TXN09393,2026-02-10 20:53:18,USR00181,USR00031,1324.16,Utilities,P2P,Delhi,Web,PhonePe,0,
TXN06078,2026-02-10 21:12:18,USR00031,USR00359,1158.78,Education,P2M,Hyderabad,iPhone,BHIM,0,
TXN08570,2026-02-10 21:19:59,USR00010,USR00222,15020.6,Fuel,P2P,Surat,Web,BHIM,0,
TXN00984,2026-02-10 21:57:45,USR00170,USR00315,15538.31,P2P Transfer,P2M,Bengaluru,Web,AmazonPay,0,
TXN00297,2026-02-10 21:58:22,USR00369,USR00256,589.04,Entertainment,P2P,Bengaluru,Web,AmazonPay,0,
TXN03182,2026-02-10 21:59:48,USR00344,USR00216,260.16,P2P Transfer,P2M,Surat,Tablet,AmazonPay,0,
TXN06672,2026-02-10 22:00:21,USR00052,USR00412,15692.18,Rent,P2M,Nagpur,Android_Phone,GPay,0,
TXN02088,2026-02-10 22:16:08,USR00108,USR00159,12363.6,Utilities,P2M,Chennai,Tablet,Paytm,0,
TXN03849,2026-02-10 22:17:26,USR00224,USR00434,176.47,Utilities,P2M,Mumbai,Web,Paytm,0,
TXN04795,2026-02-10 22:54:26,USR00116,USR00487,3431.49,Grocery,P2P,Surat,iPhone,BHIM,0,
TXN04959,2026-02-10 22:54:46,USR00347,USR00474,1614.19,Grocery,P2P,Nagpur,Web,BHIM,0,
TXN02576,2026-02-11 06:01:52,USR00047,USR00318,1995.39,Entertainment,P2M,Ahmedabad,iPhone,BHIM,0,
TXN07907,2026-02-11 06:12:29,USR00288,USR00013,14089.1,Food Delivery,P2P,Pune,Tablet,PhonePe,0,
TXN03977,2026-02-11 06:32:53,USR00338,USR00100,91.86,Education,P2M,Delhi,Tablet,BHIM,0,
TXN01246,2026-02-11 06:35:30,USR00251,USR00030,10536.46,Entertainment,P2M,Mumbai,Android_Phone,BHIM,0,
TXN01061,2026-02-11 06:39:15,USR00484,USR00023,810.36,P2P Transfer,P2M,Chennai,Android_Phone,Paytm,0,
TXN04881,2026-02-11 06:51:39,USR00107,USR00497,183.99,Travel,P2M,Delhi,Tablet,GPay,0,
TXN01044,2026-02-11 07:14:04,USR00115,USR00179,2573.99,Entertainment,P2M,Jaipur,Android_Phone,PhonePe,0,
TXN06313,2026-02-11 07:26:25,USR00292,USR00409,175.69,Rent,P2P,Jaipur,Android_Phone,PhonePe,0,
TXN05521,2026-02-11 07:31:20,USR00163,USR00371,1291.8,Food Delivery,P2M,Lucknow,Tablet,GPay,0,
TXN05929,2026-02-11 07:32:19,USR00015,USR00067,2435.47,Healthcare,P2M,Hyderabad,iPhone,AmazonPay,0,
TXN01360,2026-02-11 07:35:30,USR00063,USR00288,6395.62,Utilities,P2M,Bengaluru,Android_Phone,Paytm,0,
TXN03522,2026-02-11 07:38:16,USR00001,USR00287,3524.61,Food Delivery,P2P,Pune,iPhone,AmazonPay,0,
TXN01362,2026-02-11 07:39:53,USR00202,USR00271,17654.09,Rent,P2M,Mumbai,Tablet,Paytm,0,
TXN08312,2026-02-11 07:44:25,USR00433,USR00127,14573.3,P2P Transfer,P2P,Jaipur,iPhone,AmazonPay,0,
TXN04634,2026-02-11 07:45:19,USR00438,USR00153,11035.85,Travel,P2P,Chennai,Web,AmazonPay,0,
TXN01406,2026-02-11 07:46:53,USR00250,USR00440,1000.25,Travel,P2M,Chennai,Android_Phone,AmazonPay,0,
TXN06253,2026-02-11 08:04:02,USR00215,USR00417,876.68,P2P Transfer,P2M,Chennai,Tablet,AmazonPay,0,
TXN05730,2026-02-11 08:11:00,USR00471,USR00149,5951.02,Utilities,P2P,Delhi,Tablet,PhonePe,0,
TXN09492,2026-02-11 08:18:55,USR00079,USR00466,638.8,P2P Transfer,P2M,Ahmedabad,Android_Phone,BHIM,1,rapid_burst
TXN00446,2026-02-11 08:20:35,USR00262,USR00325,2051.43,Shopping,P2P,Mumbai,Tablet,GPay,0,
TXN01949,2026-02-11 08:21:37,USR00352,USR00178,678.9,Fuel,P2P,Jaipur,Tablet,Paytm,0,
TXN01036,2026-02-11 08:23:02,USR00020,USR00382,501.28,P2P Transfer,P2P,Lucknow,Android_Phone,BHIM,0,
TXN03359,2026-02-11 08:28:13,USR00203,USR00129,527.62,Education,P2M,Delhi,Android_Phone,Paytm,0,
TXN04755,2026-02-11 08:39:04,USR00362,USR00343,165.96,Entertainment,P2P,Pune,Web,AmazonPay,0,
TXN03222,2026-02-11 08:55:01,USR00445,USR00335,1588.2,Travel,P2P,Pune,Web,Paytm,0,
TXN07620,2026-02-11 08:55:09,USR00360,USR00491,2136.04,P2P Transfer,P2M,Jaipur,Tablet,Paytm,0,
TXN08211,2026-02-11 09:02:43,USR00223,USR00178,196.77,Healthcare,P2P,Ahmedabad,Web,BHIM,0,
TXN01835,2026-02-11 09:11:11,USR00489,USR00047,2163.43,P2P Transfer,P2P,Ahmedabad,Android_Phone,BHIM,0,
TXN07096,2026-02-11 09:19:06,USR00479,USR00192,724.55,Healthcare,P2P,Hyderabad,iPhone,AmazonPay,0,
TXN01114,2026-02-11 09:46:30,USR00124,USR00259,1617.9,Grocery,P2M,Delhi,iPhone,AmazonPay,0,
TXN01377,2026-02-11 09:57:16,USR00171,USR00169,3783.99,Food Delivery,P2M,Mumbai,iPhone,BHIM,0,
TXN02294,2026-02-11 09:59:55,USR00059,USR00061,10251.03,Shopping,P2P,Nagpur,Android_Phone,AmazonPay,0,
TXN09242,2026-02-11 10:27:30,USR00034,USR00305,1262.28,Rent,P2M,Mumbai,Web,Paytm,0,
TXN07475,2026-02-11 10:27:48,USR00441,USR00257,61.2,Rent,P2M,Chennai,Android_Phone,PhonePe,0,
TXN09380,2026-02-11 10:39:59,USR00135,USR00375,286.04,Utilities,P2M,Chennai,Android_Phone,GPay,0,
TXN08869,2026-02-11 10:40:45,USR00024,USR00450,1707.7,Grocery,P2P,Chennai,iPhone,Paytm,0,
TXN08331,2026-02-11 10:51:44,USR00088,USR00067,2208.65,Entertainment,P2M,Lucknow,Android_Phone,Paytm,0,
TXN01204,2026-02-11 11:01:07,USR00491,USR00033,143.98,P2P Transfer,P2M,Ahmedabad,Web,BHIM,0,
TXN04027,2026-02-11 11:01:28,USR00431,USR00040,10144.66,Food Delivery,P2P,Pune,Android_Phone,GPay,0,
TXN07195,2026-02-11 11:07:35,USR00248,USR00283,14845.42,Fuel,P2P,Pune,iPhone,AmazonPay,0,
TXN01064,2026-02-11 11:08:18,USR00479,USR00173,766.45,Grocery,P2P,Hyderabad,iPhone,AmazonPay,0,
TXN08395,2026-02-11 11:21:56,USR00225,USR00118,70.38,Shopping,P2P,Chennai,iPhone,PhonePe,0,
TXN00091,2026-02-11 11:22:57,USR00385,USR00396,7761.54,Travel,P2M,Hyderabad,Tablet,BHIM,0,
TXN00879,2026-02-11 11:36:23,USR00121,USR00436,226.97,Healthcare,P2P,Delhi,Web,AmazonPay,0,
TXN01119,2026-02-11 11:36:34,USR00224,USR00434,279.91,Travel,P2M,Mumbai,Web,Paytm,0,
TXN06750,2026-02-11 11:46:02,USR00224,USR00434,137.61,Fuel,P2P,Mumbai,Web,Paytm,0,
TXN04544,2026-02-11 11:47:01,USR00299,USR00226,319.74,P2P Transfer,P2P,Nagpur,Web,PhonePe,0,
TXN08483,2026-02-11 12:13:16,USR00219,USR00205,937.04,P2P Transfer,P2M,Delhi,Tablet,AmazonPay,0,
TXN05631,2026-02-11 12:18:06,USR00401,USR00143,2380.49,Fuel,P2M,Chennai,Web,AmazonPay,0,
TXN08774,2026-02-11 12:22:48,USR00086,USR00011,2195.74,Healthcare,P2P,Kolkata,iPhone,BHIM,0,
TXN01273,2026-02-11 12:23:02,USR00316,USR00115,12783.34,Food Delivery,P2P,Surat,Android_Phone,Paytm,0,
TXN08222,2026-02-11 12:54:26,USR00356,USR00359,12093.0,Travel,P2M,Pune,Android_Phone,BHIM,0,
TXN03660,2026-02-11 12:55:10,USR00320,USR00338,6449.51,Food Delivery,P2P,Jaipur,Web,GPay,0,
TXN01332,2026-02-11 12:59:50,USR00450,USR00161,440.91,Education,P2M,Kolkata,iPhone,AmazonPay,0,
TXN09424,2026-02-11 13:40:30,USR00447,USR00411,556.01,Shopping,P2P,Pune,Web,BHIM,1,new_location
TXN01324,2026-02-11 13:48:14,USR00096,USR00300,1990.66,Healthcare,P2M,Delhi,iPhone,Paytm,0,
TXN02150,2026-02-11 13:50:23,USR00305,USR00495,585.44,Healthcare,P2M,Hyderabad,iPhone,Paytm,0,
TXN05426,2026-02-11 14:00:26,USR00220,USR00340,70.15,Utilities,P2M,Delhi,Android_Phone,PhonePe,0,
TXN00170,2026-02-11 14:03:01,USR00392,USR00411,290.85,Utilities,P2M,Chennai,Web,Paytm,0,
TXN07101,2026-02-11 14:15:46,USR00054,USR00137,2719.28,Fuel,P2P,Ahmedabad,Tablet,PhonePe,0,
TXN01608,2026-02-11 14:26:24,USR00444,USR00397,289.31,Education,P2P,Pune,iPhone,BHIM,0,
TXN06324,2026-02-11 14:59:22,USR00061,USR00444,15506.03,Entertainment,P2M,Nagpur,Web,BHIM,0,
TXN03790,2026-02-11 15:20:16,USR00431,USR00475,14055.43,Entertainment,P2P,Pune,Android_Phone,GPay,0,
TXN08181,2026-02-11 15:25:39,USR00213,USR00154,2159.49,P2P Transfer,P2P,Bengaluru,iPhone,GPay,0,
TXN00687,2026-02-11 15:42:52,USR00039,USR00101,7144.09,Grocery,P2P,Surat,iPhone,GPay,0,
TXN05671,2026-02-11 15:47:10,USR00304,USR00105,1718.57,Utilities,P2M,Surat,iPhone,BHIM,0,
TXN00751,2026-02-11 15:49:46,USR00499,USR00195,956.01,Shopping,P2P,Surat,Tablet,BHIM,0,
TXN08177,2026-02-11 16:04:28,USR00256,USR00134,1071.95,Fuel,P2M,Jaipur,Web,AmazonPay,0,
TXN06918,2026-02-11 16:22:06,USR00282,USR00453,1533.28,P2P Transfer,P2P,Pune,Android_Phone,GPay,0,
TXN01371,2026-02-11 16:24:48,USR00256,USR00364,1181.69,Grocery,P2M,Jaipur,Web,AmazonPay,0,
TXN06674,2026-02-11 16:34:59,USR00330,USR00133,12676.13,P2P Transfer,P2M,Delhi,Tablet,Paytm,0,
TXN05598,2026-02-11 16:35:23,USR00117,USR00407,609.96,Grocery,P2M,Ahmedabad,Android_Phone,GPay,0,
TXN09328,2026-02-11 16:58:51,USR00200,USR00429,1167.52,Healthcare,P2P,Jaipur,Android_Phone,GPay,0,
TXN09762,2026-02-11 17:02:50,USR00397,USR00434,1319.74,Food Delivery,P2M,Chennai,Android_Phone,Paytm,1,new_location
TXN03473,2026-02-11 18:01:56,USR00294,USR00282,335.48,Fuel,P2P,Delhi,Android_Phone,Paytm,0,
TXN06245,2026-02-11 18:04:14,USR00235,USR00363,1844.63,Rent,P2P,Pune,iPhone,BHIM,0,
TXN00331,2026-02-11 18:11:01,USR00030,USR00415,1190.73,Grocery,P2M,Pune,iPhone,PhonePe,0,
TXN07330,2026-02-11 18:16:40,USR00218,USR00434,709.02,Fuel,P2M,Nagpur,Web,BHIM,0,
TXN08374,2026-02-11 18:27:07,USR00386,USR00205,412.49,Shopping,P2M,Delhi,iPhone,Paytm,0,
TXN05634,2026-02-11 18:33:28,USR00013,USR00373,246.55,Shopping,P2M,Pune,Tablet,BHIM,0,
TXN08170,2026-02-11 18:42:37,USR00371,USR00189,435.85,Food Delivery,P2M,Pune,Tablet,PhonePe,0,
TXN07390,2026-02-11 18:48:54,USR00196,USR00157,447.11,Entertainment,P2M,Hyderabad,Web,Paytm,0,
TXN00214,2026-02-11 18:51:18,USR00088,USR00067,2193.77,Food Delivery,P2M,Lucknow,Android_Phone,Paytm,0,
TXN08843,2026-02-11 19:01:53,USR00434,USR00053,346.97,Rent,P2P,Surat,Web,PhonePe,0,
TXN00054,2026-02-11 19:07:43,USR00415,USR00216,9403.99,Fuel,P2P,Pune,Tablet,AmazonPay,0,
TXN02903,2026-02-11 19:22:57,USR00050,USR00342,551.26,Education,P2M,Pune,iPhone,AmazonPay,0,
TXN09768,2026-02-11 19:47:04,USR00185,USR00469,22462.11,Healthcare,P2M,Chennai,Tablet,BHIM,1,rapid_burst
TXN08670,2026-02-11 19:56:30,USR00381,USR00411,8360.57,Grocery,P2M,Ahmedabad,iPhone,AmazonPay,0,
TXN00321,2026-02-11 20:05:51,USR00076,USR00212,3616.08,Healthcare,P2P,Delhi,iPhone,Paytm,0,
TXN06698,2026-02-11 20:11:46,USR00100,USR00460,797.38,Shopping,P2M,Ahmedabad,Android_Phone,PhonePe,0,
TXN07545,2026-02-11 20:13:00,USR00361,USR00383,1857.89,Utilities,P2M,Jaipur,Tablet,Paytm,0,
TXN08477,2026-02-11 20:16:25,USR00023,USR00234,985.11,Food Delivery,P2M,Delhi,Web,AmazonPay,0,
TXN08271,2026-02-11 20:21:00,USR00272,USR00331,15694.73,Grocery,P2M,Lucknow,Android_Phone,AmazonPay,0,
TXN09525,2026-02-11 20:21:50,USR00099,USR00113,10350.81,Grocery,P2P,Ahmedabad,Web,AmazonPay,1,"new_device,high_amount"
TXN07772,2026-02-11 20:43:13,USR00108,USR00159,11849.65,Travel,P2M,Chennai,Tablet,Paytm,0,
TXN08425,2026-02-11 20:48:53,USR00087,USR00317,86.36,Food Delivery,P2P,Pune,Web,Paytm,0,
TXN01304,2026-02-11 21:18:45,USR00492,USR00166,53.41,Fuel,P2M,Kolkata,Android_Phone,GPay,0,
TXN04587,2026-02-11 21:21:51,USR00047,USR00273,2498.17,Healthcare,P2M,Ahmedabad,iPhone,BHIM,0,
TXN03737,2026-02-11 21:35:25,USR00318,USR00464,581.77,Shopping,P2P,Pune,Web,BHIM,0,
TXN03011,2026-02-11 22:18:15,USR00007,USR00202,85.82,Education,P2M,Lucknow,iPhone,BHIM,0,
TXN01383,2026-02-11 22:29:25,USR00255,USR00383,4203.79,Education,P2M,Bengaluru,Web,Paytm,0,
TXN08376,2026-02-11 22:40:21,USR00057,USR00251,316.72,Healthcare,P2M,Nagpur,iPhone,GPay,0,
TXN04125,2026-02-11 22:45:53,USR00181,USR00424,624.9,Food Delivery,P2P,Delhi,Web,PhonePe,0,
TXN10046,2026-02-11 23:17:00,USR00164,USR00317,170.75,Food Delivery,P2M,Lucknow,Android_Phone,BHIM,1,rapid_burst
TXN10047,2026-02-11 23:19:00,USR00164,USR00268,402.78,Shopping,P2P,Lucknow,Android_Phone,BHIM,1,rapid_burst
TXN10048,2026-02-11 23:19:00,USR00164,USR00268,302.86,Education,P2P,Lucknow,Android_Phone,BHIM,1,rapid_burst
TXN10049,2026-02-11 23:23:00,USR00164,USR00268,359.19,Education,P2M,Lucknow,Android_Phone,BHIM,1,rapid_burst
TXN09538,2026-02-12 00:29:19,USR00494,USR00476,7546.73,Education,P2P,Bengaluru,iPhone,AmazonPay,1,odd_hour
TXN09846,2026-02-12 01:08:29,USR00054,USR00443,2729.1,Food Delivery,P2P,Ahmedabad,Tablet,PhonePe,1,"new_receiver,odd_hour"
TXN09820,2026-02-12 01:57:51,USR00389,USR00261,830.73,Shopping,P2P,Mumbai,iPhone,GPay,1,"odd_hour,high_amount"
TXN09577,2026-02-12 03:39:32,USR00114,USR00205,356.32,Rent,P2M,Kolkata,iPhone,Paytm,1,"rapid_burst,odd_hour"
TXN09510,2026-02-12 04:57:22,USR00422,USR00101,476.99,Travel,P2M,Kolkata,Web,PhonePe,1,"new_location,odd_hour"
TXN06523,2026-02-12 06:09:59,USR00065,USR00338,383.58,Education,P2P,Pune,Android_Phone,PhonePe,0,
TXN01895,2026-02-12 06:12:42,USR00287,USR00121,1520.53,P2P Transfer,P2M,Surat,Web,BHIM,0,
TXN00734,2026-02-12 06:13:29,USR00163,USR00371,1139.52,Shopping,P2P,Lucknow,Tablet,GPay,0,
TXN06742,2026-02-12 06:25:01,USR00176,USR00423,179.06,Fuel,P2P,Bengaluru,iPhone,AmazonPay,0,
TXN03249,2026-02-12 06:31:50,USR00390,USR00007,120.95,Food Delivery,P2P,Surat,Web,GPay,0,
TXN04498,2026-02-12 06:38:09,USR00135,USR00375,136.21,P2P Transfer,P2M,Chennai,Android_Phone,GPay,0,
TXN01074,2026-02-12 06:41:44,USR00135,USR00375,108.91,Education,P2M,Chennai,Android_Phone,GPay,0,
TXN02737,2026-02-12 07:00:12,USR00461,USR00198,1075.25,Grocery,P2P,Nagpur,Tablet,AmazonPay,0,
TXN01151,2026-02-12 07:01:56,USR00014,USR00112,2313.97,Grocery,P2P,Mumbai,Web,GPay,0,
TXN02014,2026-02-12 07:01:57,USR00224,USR00011,284.0,Healthcare,P2M,Mumbai,Web,Paytm,0,
TXN08755,2026-02-12 07:13:19,USR00480,USR00139,337.2,Rent,P2M,Nagpur,Web,GPay,0,
TXN06852,2026-02-12 07:16:56,USR00224,USR00434,177.77,Education,P2M,Mumbai,Web,Paytm,0,
TXN05001,2026-02-12 07:18:47,USR00480,USR00211,379.61,Shopping,P2M,Nagpur,Web,GPay,0,
TXN07336,2026-02-12 07:33:00,USR00388,USR00089,576.51,Healthcare,P2M,Nagpur,Web,BHIM,0,
TXN01309,2026-02-12 07:35:02,USR00337,USR00324,2724.65,P2P Transfer,P2P,Chennai,Android_Phone,Paytm,0,
TXN05370,2026-02-12 07:37:01,USR00338,USR00096,187.5,Food Delivery,P2P,Delhi,Tablet,BHIM,0,
TXN02890,2026-02-12 07:39:18,USR00338,USR00096,160.55,Shopping,P2M,Delhi,Tablet,BHIM,0,
TXN02876,2026-02-12 07:39:20,USR00193,USR00274,575.53,P2P Transfer,P2M,Chennai,Tablet,PhonePe,0,
TXN02298,2026-02-12 07:42:16,USR00193,USR00274,427.59,Rent,P2M,Chennai,Tablet,PhonePe,0,
TXN02868,2026-02-12 07:53:17,USR00441,USR00113,103.25,Fuel,P2P,Chennai,Android_Phone,PhonePe,0,
TXN09815,2026-02-12 08:01:49,USR00438,USR00047,11763.85,Entertainment,P2M,Surat,Web,AmazonPay,1,new_location
TXN05369,2026-02-12 08:03:48,USR00415,USR00320,8923.47,Rent,P2M,Pune,Tablet,AmazonPay,0,
TXN05554,2026-02-12 08:23:19,USR00240,USR00422,711.81,P2P Transfer,P2P,Delhi,Web,BHIM,0,
TXN06617,2026-02-12 08:32:26,USR00177,USR00196,6551.6,Fuel,P2M,Chennai,Tablet,PhonePe,0,
TXN02815,2026-02-12 08:34:17,USR00051,USR00013,8337.25,Travel,P2P,Bengaluru,Android_Phone,Paytm,0,
TXN04677,2026-02-12 09:11:27,USR00120,USR00144,42.42,Utilities,P2P,Jaipur,Tablet,BHIM,0,
TXN03976,2026-02-12 09:23:10,USR00428,USR00337,112.79,Utilities,P2P,Nagpur,Web,AmazonPay,0,
TXN07203,2026-02-12 10:00:54,USR00390,USR00300,185.02,Grocery,P2P,Surat,Web,GPay,0,
TXN03213,2026-02-12 10:12:33,USR00351,USR00162,235.04,Rent,P2P,Ahmedabad,Web,AmazonPay,0,
TXN06915,2026-02-12 10:12:51,USR00190,USR00140,2891.83,Fuel,P2P,Kolkata,iPhone,AmazonPay,0,
TXN02904,2026-02-12 10:31:42,USR00486,USR00072,156.69,Healthcare,P2M,Pune,Android_Phone,Paytm,0,
TXN01809,2026-02-12 10:35:51,USR00455,USR00272,2911.57,Healthcare,P2P,Chennai,iPhone,GPay,0,
TXN01685,2026-02-12 10:46:08,USR00425,USR00352,1883.13,P2P Transfer,P2P,Ahmedabad,Web,Paytm,0,
TXN05442,2026-02-12 10:53:23,USR00151,USR00273,367.3,Healthcare,P2P,Surat,iPhone,PhonePe,0,
TXN08806,2026-02-12 11:47:43,USR00224,USR00011,244.1,Grocery,P2M,Mumbai,Web,Paytm,0,
TXN01987,2026-02-12 11:54:14,USR00136,USR00415,312.29,Grocery,P2P,Nagpur,Tablet,BHIM,0,
TXN01558,2026-02-12 12:01:26,USR00022,USR00160,3029.42,Rent,P2P,Hyderabad,Web,PhonePe,0,
TXN01227,2026-02-12 12:05:06,USR00373,USR00128,368.47,P2P Transfer,P2M,Lucknow,Web,BHIM,0,
TXN05448,2026-02-12 12:42:22,USR00196,USR00238,257.94,Fuel,P2P,Hyderabad,Web,Paytm,0,
TXN09091,2026-02-12 12:42:38,USR00493,USR00196,52.69,Fuel,P2P,Jaipur,iPhone,GPay,0,
TXN01270,2026-02-12 12:42:46,USR00321,USR00105,162.59,Grocery,P2M,Jaipur,Android_Phone,GPay,0,
TXN02225,2026-02-12 12:48:16,USR00126,USR00383,449.15,Shopping,P2M,Ahmedabad,iPhone,AmazonPay,0,
TXN05150,2026-02-12 13:04:10,USR00372,USR00332,1883.65,Fuel,P2M,Mumbai,Tablet,GPay,0,
TXN05545,2026-02-12 13:25:44,USR00090,USR00202,176.1,Entertainment,P2P,Jaipur,Tablet,Paytm,0,
TXN02500,2026-02-12 13:32:09,USR00355,USR00395,2488.45,Entertainment,P2P,Delhi,Android_Phone,AmazonPay,0,
TXN06715,2026-02-12 13:52:08,USR00382,USR00278,1464.35,Rent,P2M,Delhi,iPhone,Paytm,0,
TXN05267,2026-02-12 14:13:06,USR00435,USR00166,5999.73,P2P Transfer,P2P,Chennai,Tablet,BHIM,0,
TXN00300,2026-02-12 14:24:46,USR00018,USR00385,4448.97,Utilities,P2M,Mumbai,Android_Phone,PhonePe,0,
TXN05641,2026-02-12 14:35:19,USR00021,USR00206,6592.68,Rent,P2P,Surat,Android_Phone,AmazonPay,0,
TXN04279,2026-02-12 14:48:08,USR00099,USR00484,768.05,Grocery,P2P,Ahmedabad,Android_Phone,AmazonPay,0,
TXN07406,2026-02-12 15:25:36,USR00346,USR00444,165.24,Utilities,P2M,Chennai,Android_Phone,AmazonPay,0,
TXN00371,2026-02-12 15:37:12,USR00232,USR00140,110.35,Food Delivery,P2P,Hyderabad,iPhone,AmazonPay,0,
TXN06966,2026-02-12 15:42:58,USR00493,USR00196,86.98,Utilities,P2P,Jaipur,iPhone,GPay,0,
TXN00041,2026-02-12 15:43:19,USR00062,USR00026,227.01,Grocery,P2P,Chennai,Tablet,BHIM,0,
TXN09795,2026-02-12 15:56:26,USR00173,USR00116,4626.72,Utilities,P2M,Jaipur,iPhone,PhonePe,1,"new_receiver,high_amount"
TXN06649,2026-02-12 16:06:58,USR00394,USR00264,10839.47,P2P Transfer,P2P,Chennai,iPhone,Paytm,0,
TXN08878,2026-02-12 16:07:08,USR00096,USR00445,2225.35,Fuel,P2P,Delhi,iPhone,Paytm,0,
TXN03417,2026-02-12 16:17:37,USR00314,USR00391,14125.77,Grocery,P2M,Bengaluru,iPhone,GPay,0,
TXN06996,2026-02-12 16:17:40,USR00419,USR00036,1504.34,Fuel,P2M,Mumbai,iPhone,BHIM,0,
TXN08264,2026-02-12 16:46:36,USR00187,USR00421,2122.72,Shopping,P2M,Jaipur,Tablet,PhonePe,0,
TXN02405,2026-02-12 16:51:06,USR00468,USR00125,13968.48,Shopping,P2M,Delhi,Tablet,AmazonPay,0,
TXN03965,2026-02-12 16:51:13,USR00101,USR00309,59.08,Food Delivery,P2M,Kolkata,Web,GPay,0,
TXN07927,2026-02-12 17:05:34,USR00134,USR00010,2114.38,Healthcare,P2M,Delhi,Web,BHIM,0,
TXN03117,2026-02-12 17:15:19,USR00052,USR00435,9798.03,P2P Transfer,P2M,Nagpur,Android_Phone,GPay,0,
TXN03904,2026-02-12 17:42:15,USR00433,USR00127,16491.93,Utilities,P2M,Jaipur,iPhone,AmazonPay,0,
TXN04973,2026-02-12 17:44:44,USR00120,USR00081,110.2,Utilities,P2M,Jaipur,Tablet,BHIM,0,
TXN07778,2026-02-12 18:00:06,USR00004,USR00035,1328.39,Shopping,P2P,Lucknow,Web,PhonePe,0,
TXN01223,2026-02-12 18:14:36,USR00275,USR00336,9310.57,Utilities,P2M,Bengaluru,iPhone,PhonePe,0,
TXN07365,2026-02-12 18:32:40,USR00466,USR00492,269.37,Food Delivery,P2M,Kolkata,Android_Phone,BHIM,0,
TXN08891,2026-02-12 18:38:32,USR00276,USR00162,1686.11,Grocery,P2M,Bengaluru,Web,Paytm,0,
TXN03404,2026-02-12 18:43:28,USR00434,USR00053,344.1,P2P Transfer,P2M,Surat,Web,PhonePe,0,
TXN04021,2026-02-12 19:56:02,USR00217,USR00349,16243.36,Shopping,P2M,Delhi,Web,AmazonPay,0,
TXN05609,2026-02-12 20:00:50,USR00257,USR00085,194.5,Rent,P2M,Ahmedabad,Android_Phone,AmazonPay,0,
TXN09821,2026-02-12 20:07:54,USR00059,USR00161,9589.47,Travel,P2M,Nagpur,Android_Phone,AmazonPay,1,rapid_burst
TXN08652,2026-02-12 20:14:46,USR00269,USR00066,466.11,Entertainment,P2M,Mumbai,Android_Phone,BHIM,0,
TXN00570,2026-02-12 20:19:22,USR00315,USR00273,515.36,Grocery,P2M,Mumbai,Tablet,Paytm,0,
TXN03227,2026-02-12 20:35:02,USR00463,USR00069,2528.29,Rent,P2M,Lucknow,iPhone,PhonePe,0,
TXN02789,2026-02-12 20:53:39,USR00075,USR00260,3340.1,P2P Transfer,P2P,Ahmedabad,iPhone,BHIM,0,
TXN06390,2026-02-12 20:54:50,USR00168,USR00478,382.08,Entertainment,P2M,Chennai,Tablet,Paytm,0,
TXN02423,2026-02-12 20:55:24,USR00044,USR00118,16505.11,Shopping,P2M,Chennai,Web,PhonePe,0,
TXN06349,2026-02-12 20:57:40,USR00308,USR00071,3395.5,Grocery,P2P,Surat,Tablet,BHIM,0,
TXN00406,2026-02-12 21:16:19,USR00100,USR00041,1350.42,Shopping,P2P,Ahmedabad,Android_Phone,PhonePe,0,
TXN00460,2026-02-12 21:21:15,USR00117,USR00155,805.72,Travel,P2P,Ahmedabad,Android_Phone,GPay,0,
TXN04686,2026-02-12 21:31:22,USR00035,USR00000,6945.1,P2P Transfer,P2P,Nagpur,Android_Phone,PhonePe,0,
TXN04536,2026-02-12 21:40:43,USR00425,USR00352,2185.58,Shopping,P2P,Ahmedabad,Web,Paytm,0,
TXN04517,2026-02-12 21:42:18,USR00109,USR00248,84.94,Entertainment,P2M,Ahmedabad,Web,PhonePe,0,
TXN04016,2026-02-12 21:43:49,USR00066,USR00240,10345.21,Utilities,P2P,Nagpur,Tablet,Paytm,0,
TXN09038,2026-02-12 21:46:01,USR00080,USR00496,13403.0,Travel,P2M,Delhi,iPhone,BHIM,0,
TXN00382,2026-02-12 21:51:47,USR00122,USR00480,467.86,Shopping,P2M,Hyderabad,Web,Paytm,0,
TXN04997,2026-02-12 22:18:25,USR00477,USR00408,280.82,Travel,P2M,Surat,Web,PhonePe,0,
TXN04549,2026-02-12 22:19:28,USR00228,USR00344,997.14,Rent,P2M,Lucknow,Tablet,Paytm,0,
TXN05595,2026-02-12 22:23:31,USR00475,USR00327,11275.14,Rent,P2P,Chennai,Web,Paytm,0,
TXN09563,2026-02-12 22:24:11,USR00407,USR00002,1495.62,Utilities,P2P,Pune,Web,Paytm,1,new_receiver
TXN03580,2026-02-12 22:24:44,USR00427,USR00000,1574.63,P2P Transfer,P2P,Jaipur,Web,AmazonPay,0,
TXN00776,2026-02-12 22:28:31,USR00155,USR00136,276.56,Fuel,P2M,Chennai,Android_Phone,BHIM,0,
TXN07970,2026-02-12 22:29:01,USR00065,USR00041,368.41,Healthcare,P2M,Pune,Android_Phone,PhonePe,0,
TXN00086,2026-02-12 22:33:02,USR00197,USR00160,7493.31,Healthcare,P2M,Chennai,Tablet,GPay,0,
TXN00208,2026-02-12 22:45:27,USR00474,USR00060,68.7,Utilities,P2M,Pune,Web,BHIM,0,
TXN02551,2026-02-12 22:55:23,USR00420,USR00197,2890.53,Rent,P2P,Nagpur,Android_Phone,BHIM,0,
TXN00932,2026-02-12 22:58:22,USR00046,USR00249,8462.1,Food Delivery,P2P,Jaipur,Tablet,Paytm,0,
TXN02095,2026-02-12 22:59:58,USR00458,USR00083,1757.69,Fuel,P2M,Bengaluru,Web,PhonePe,0,
TXN10156,2026-02-12 23:40:00,USR00165,USR00214,548.03,Utilities,P2P,Mumbai,iPhone,PhonePe,1,rapid_burst
TXN10157,2026-02-12 23:43:00,USR00165,USR00211,372.22,Grocery,P2P,Mumbai,iPhone,PhonePe,1,rapid_burst
TXN10158,2026-02-12 23:44:00,USR00165,USR00353,371.14,Entertainment,P2M,Mumbai,iPhone,PhonePe,1,rapid_burst
TXN09493,2026-02-13 00:55:16,USR00414,USR00191,8319.31,Food Delivery,P2P,Hyderabad,Tablet,BHIM,1,odd_hour
TXN01607,2026-02-13 06:13:28,USR00211,USR00067,9120.1,Utilities,P2P,Hyderabad,Web,PhonePe,0,
TXN03441,2026-02-13 06:26:17,USR00336,USR00286,14719.47,P2P Transfer,P2M,Ahmedabad,iPhone,BHIM,0,
TXN00282,2026-02-13 06:27:07,USR00413,USR00240,284.37,Shopping,P2P,Jaipur,Android_Phone,AmazonPay,0,
TXN06353,2026-02-13 06:27:51,USR00050,USR00058,270.66,Utilities,P2P,Pune,iPhone,AmazonPay,0,
TXN04255,2026-02-13 06:33:35,USR00423,USR00202,496.57,Food Delivery,P2M,Hyderabad,iPhone,GPay,0,
TXN06604,2026-02-13 06:44:41,USR00000,USR00346,222.81,Utilities,P2P,Nagpur,iPhone,AmazonPay,0,
TXN00864,2026-02-13 06:46:53,USR00387,USR00113,1903.98,Healthcare,P2P,Delhi,Tablet,Paytm,0,
TXN06180,2026-02-13 06:47:33,USR00285,USR00053,3718.22,Travel,P2P,Mumbai,Web,Paytm,0,
TXN00018,2026-02-13 07:05:09,USR00092,USR00484,9367.88,Education,P2M,Bengaluru,Android_Phone,Paytm,0,
TXN02070,2026-02-13 07:13:55,USR00163,USR00460,1256.53,Fuel,P2M,Lucknow,Tablet,GPay,0,
TXN08837,2026-02-13 07:20:11,USR00069,USR00046,3867.41,Grocery,P2M,Lucknow,Web,AmazonPay,0,
TXN09984,2026-02-13 07:25:04,USR00339,USR00230,96027.76,Utilities,P2M,Mumbai,Tablet,AmazonPay,1,high_amount
TXN07329,2026-02-13 07:33:45,USR00271,USR00195,169.71,Fuel,P2P,Nagpur,Tablet,PhonePe,0,
TXN08184,2026-02-13 07:36:52,USR00177,USR00196,6310.58,P2P Transfer,P2P,Chennai,Tablet,PhonePe,0,
TXN05206,2026-02-13 07:36:56,USR00208,USR00118,374.25,Fuel,P2P,Mumbai,Web,GPay,0,
TXN07252,2026-02-13 07:47:42,USR00114,USR00202,290.79,P2P Transfer,P2P,Kolkata,iPhone,Paytm,0,
TXN09898,2026-02-13 08:01:21,USR00118,USR00442,676.47,Travel,P2M,Pune,iPhone,GPay,1,"new_device,new_location"
TXN08573,2026-02-13 08:17:44,USR00333,USR00114,1205.01,Education,P2M,Mumbai,Web,PhonePe,0,
TXN02959,2026-02-13 08:22:44,USR00498,USR00027,17684.1,Grocery,P2M,Mumbai,Web,GPay,0,
TXN04562,2026-02-13 08:35:15,USR00144,USR00060,129.66,Fuel,P2M,Jaipur,Tablet,Paytm,0,
TXN02614,2026-02-13 08:43:00,USR00454,USR00067,231.21,Entertainment,P2P,Ahmedabad,Web,PhonePe,0,
TXN06466,2026-02-13 08:43:12,USR00124,USR00432,1052.34,Grocery,P2P,Delhi,iPhone,AmazonPay,0,
TXN04396,2026-02-13 08:52:47,USR00174,USR00290,368.32,Grocery,P2P,Mumbai,Web,AmazonPay,0,
TXN04557,2026-02-13 08:57:01,USR00186,USR00372,3776.81,Education,P2M,Jaipur,Tablet,GPay,0,
TXN03177,2026-02-13 08:57:13,USR00291,USR00430,12095.16,Utilities,P2P,Lucknow,Tablet,BHIM,0,
TXN01028,2026-02-13 08:59:45,USR00076,USR00437,3300.38,Shopping,P2M,Delhi,iPhone,Paytm,0,
TXN01656,2026-02-13 09:01:02,USR00348,USR00386,201.91,Grocery,P2P,Pune,Tablet,AmazonPay,0,
TXN00664,2026-02-13 09:18:23,USR00229,USR00214,13082.09,Healthcare,P2P,Nagpur,Web,AmazonPay,0,
TXN06949,2026-02-13 09:46:39,USR00102,USR00373,1526.75,Grocery,P2M,Chennai,Tablet,BHIM,0,
TXN03457,2026-02-13 10:01:28,USR00283,USR00368,8086.26,Shopping,P2M,Chennai,Android_Phone,GPay,0,
TXN08738,2026-02-13 10:02:40,USR00272,USR00315,9386.43,Utilities,P2P,Lucknow,Android_Phone,AmazonPay,0,
TXN08626,2026-02-13 10:14:46,USR00365,USR00219,2551.27,Travel,P2M,Lucknow,iPhone,GPay,0,
TXN08686,2026-02-13 10:15:31,USR00128,USR00283,179.77,Utilities,P2M,Surat,Android_Phone,AmazonPay,0,
TXN06549,2026-02-13 10:33:06,USR00441,USR00076,54.96,Rent,P2M,Chennai,Android_Phone,PhonePe,0,
TXN07485,2026-02-13 11:04:13,USR00393,USR00059,7710.08,Rent,P2M,Lucknow,Tablet,Paytm,0,
TXN02918,2026-02-13 11:09:35,USR00430,USR00016,12706.48,Food Delivery,P2P,Delhi,iPhone,BHIM,0,
TXN07704,2026-02-13 11:11:04,USR00352,USR00178,216.3,Food Delivery,P2M,Jaipur,Tablet,Paytm,0,
TXN06678,2026-02-13 11:37:05,USR00195,USR00060,261.94,Food Delivery,P2M,Pune,Android_Phone,BHIM,0,
TXN02055,2026-02-13 11:55:58,USR00268,USR00346,5072.44,Healthcare,P2P,Kolkata,Web,GPay,0,
TXN04138,2026-02-13 11:57:27,USR00245,USR00196,2149.13,Shopping,P2P,Delhi,Tablet,GPay,0,
TXN03872,2026-02-13 11:58:05,USR00159,USR00291,7943.53,Utilities,P2M,Kolkata,Android_Phone,PhonePe,0,
TXN03909,2026-02-13 12:01:25,USR00198,USR00194,594.41,P2P Transfer,P2P,Bengaluru,Web,AmazonPay,0,
TXN01714,2026-02-13 12:19:15,USR00399,USR00004,14802.87,Rent,P2P,Delhi,Tablet,PhonePe,0,
TXN00678,2026-02-13 12:38:31,USR00033,USR00260,889.66,Education,P2P,Hyderabad,Android_Phone,AmazonPay,0,
TXN03287,2026-02-13 12:39:30,USR00069,USR00492,2248.52,Education,P2P,Lucknow,Web,AmazonPay,0,
TXN00929,2026-02-13 12:40:52,USR00248,USR00330,12795.9,Entertainment,P2M,Pune,iPhone,AmazonPay,0,
TXN06071,2026-02-13 12:42:43,USR00092,USR00019,11907.02,Rent,P2P,Bengaluru,Android_Phone,Paytm,0,
TXN05296,2026-02-13 12:48:56,USR00193,USR00370,393.95,Food Delivery,P2P,Chennai,Tablet,PhonePe,0,
TXN00411,2026-02-13 12:50:05,USR00369,USR00046,389.66,Shopping,P2M,Bengaluru,Web,AmazonPay,0,
TXN00319,2026-02-13 12:50:24,USR00289,USR00198,17104.99,P2P Transfer,P2P,Ahmedabad,Tablet,PhonePe,0,
TXN05139,2026-02-13 12:51:27,USR00499,USR00364,610.58,Utilities,P2M,Surat,Tablet,BHIM,0,
TXN03564,2026-02-13 13:02:45,USR00354,USR00264,4828.04,Grocery,P2M,Hyderabad,Tablet,Paytm,0,
TXN02634,2026-02-13 13:18:21,USR00058,USR00217,5466.59,Rent,P2P,Hyderabad,iPhone,AmazonPay,0,
TXN08215,2026-02-13 13:21:32,USR00088,USR00374,2293.85,Shopping,P2P,Lucknow,Android_Phone,Paytm,0,
TXN07736,2026-02-13 13:22:28,USR00040,USR00099,3207.83,Food Delivery,P2P,Ahmedabad,Android_Phone,BHIM,0,
TXN06417,2026-02-13 13:46:09,USR00153,USR00413,2064.15,Travel,P2M,Surat,Web,BHIM,0,
TXN01366,2026-02-13 13:48:04,USR00041,USR00490,7704.26,Healthcare,P2P,Pune,Tablet,AmazonPay,0,
TXN09653,2026-02-13 13:55:28,USR00387,USR00134,1488.26,Shopping,P2P,Delhi,Web,Paytm,1,"new_device,rapid_burst"
TXN03687,2026-02-13 14:10:25,USR00373,USR00264,219.72,Utilities,P2P,Lucknow,Web,BHIM,0,
TXN03045,2026-02-13 14:13:35,USR00341,USR00493,7881.35,Healthcare,P2P,Lucknow,Tablet,Paytm,0,
TXN03629,2026-02-13 14:17:41,USR00053,USR00221,17076.92,Entertainment,P2P,Mumbai,Web,Paytm,0,
TXN09752,2026-02-13 14:31:18,USR00000,USR00379,199.62,Utilities,P2M,Nagpur,Tablet,AmazonPay,1,new_device
TXN04162,2026-02-13 14:36:21,USR00180,USR00348,1231.19,P2P Transfer,P2M,Jaipur,Tablet,AmazonPay,0,
TXN06984,2026-02-13 14:51:32,USR00370,USR00485,761.64,Entertainment,P2M,Ahmedabad,iPhone,AmazonPay,0,
TXN09084,2026-02-13 15:07:38,USR00462,USR00313,3446.86,Entertainment,P2P,Hyderabad,Web,GPay,0,
TXN08660,2026-02-13 15:19:20,USR00428,USR00495,88.33,Fuel,P2M,Nagpur,Web,AmazonPay,0,
TXN02961,2026-02-13 15:40:02,USR00165,USR00077,320.94,Education,P2P,Mumbai,iPhone,PhonePe,0,
TXN07956,2026-02-13 15:41:06,USR00490,USR00485,147.79,Rent,P2M,Ahmedabad,Tablet,AmazonPay,0,
TXN01587,2026-02-13 15:54:26,USR00078,USR00381,2516.2,Travel,P2M,Mumbai,Tablet,BHIM,0,
TXN04888,2026-02-13 16:00:37,USR00349,USR00263,14400.07,P2P Transfer,P2P,Bengaluru,Android_Phone,BHIM,0,
TXN09166,2026-02-13 16:01:15,USR00090,USR00404,515.24,Healthcare,P2P,Jaipur,Tablet,Paytm,0,
TXN03004,2026-02-13 16:04:46,USR00380,USR00066,9801.31,Shopping,P2M,Jaipur,Android_Phone,AmazonPay,0,
TXN06954,2026-02-13 16:05:35,USR00191,USR00209,137.44,P2P Transfer,P2M,Jaipur,Tablet,Paytm,0,
TXN03092,2026-02-13 16:10:20,USR00416,USR00148,5996.91,Rent,P2M,Bengaluru,Android_Phone,BHIM,0,
TXN03842,2026-02-13 16:20:01,USR00489,USR00357,1396.23,Grocery,P2M,Ahmedabad,Android_Phone,BHIM,0,
TXN00322,2026-02-13 16:34:02,USR00460,USR00313,764.35,Entertainment,P2P,Lucknow,Android_Phone,AmazonPay,0,
TXN05563,2026-02-13 16:35:38,USR00341,USR00140,8486.41,Utilities,P2P,Lucknow,Tablet,Paytm,0,
TXN01665,2026-02-13 17:05:23,USR00176,USR00218,252.16,Travel,P2M,Bengaluru,iPhone,AmazonPay,0,
TXN03797,2026-02-13 17:15:40,USR00119,USR00230,210.87,Shopping,P2P,Chennai,iPhone,GPay,0,
TXN08760,2026-02-13 17:18:09,USR00114,USR00445,354.08,Entertainment,P2M,Kolkata,iPhone,Paytm,0,
TXN00493,2026-02-13 17:20:52,USR00189,USR00257,12058.86,Fuel,P2M,Mumbai,iPhone,AmazonPay,0,
TXN05394,2026-02-13 17:36:30,USR00421,USR00199,2596.99,Shopping,P2M,Jaipur,Android_Phone,Paytm,0,
TXN05619,2026-02-13 17:39:40,USR00379,USR00008,172.79,Utilities,P2M,Pune,Android_Phone,AmazonPay,0,
TXN05827,2026-02-13 17:47:14,USR00053,USR00421,17994.66,P2P Transfer,P2P,Mumbai,Web,Paytm,0,
TXN04854,2026-02-13 17:59:51,USR00371,USR00189,288.47,P2P Transfer,P2M,Pune,Tablet,PhonePe,0,
TXN00892,2026-02-13 18:20:07,USR00407,USR00162,1517.15,Healthcare,P2M,Pune,Web,Paytm,0,
TXN03253,2026-02-13 18:38:29,USR00432,USR00375,105.69,Shopping,P2M,Jaipur,Web,Paytm,0,
TXN05977,2026-02-13 18:39:22,USR00461,USR00285,604.95,Fuel,P2P,Nagpur,Tablet,AmazonPay,0,
TXN03298,2026-02-13 18:40:00,USR00374,USR00003,11734.34,Rent,P2M,Ahmedabad,Tablet,PhonePe,0,
TXN08245,2026-02-13 18:52:24,USR00159,USR00287,5516.81,Travel,P2M,Kolkata,Android_Phone,PhonePe,0,
TXN08792,2026-02-13 18:55:24,USR00112,USR00379,187.05,Food Delivery,P2M,Delhi,Web,BHIM,0,
TXN06482,2026-02-13 18:56:42,USR00017,USR00097,273.0,Grocery,P2M,Pune,Android_Phone,PhonePe,0,
TXN01166,2026-02-13 18:57:11,USR00335,USR00326,666.42,Fuel,P2M,Delhi,Android_Phone,AmazonPay,0,
TXN04891,2026-02-13 19:06:34,USR00091,USR00055,77.34,Entertainment,P2P,Surat,Tablet,GPay,0,
TXN04870,2026-02-13 19:13:55,USR00489,USR00410,2149.58,Food Delivery,P2M,Ahmedabad,Android_Phone,BHIM,0,
TXN09601,2026-02-13 19:39:00,USR00329,USR00291,1897.9,Shopping,P2M,Kolkata,Tablet,AmazonPay,1,new_device
TXN04914,2026-02-13 19:41:12,USR00420,USR00197,2290.95,P2P Transfer,P2M,Nagpur,Android_Phone,BHIM,0,
TXN09989,2026-02-13 19:43:35,USR00136,USR00093,569.1,Grocery,P2P,Nagpur,Tablet,BHIM,1,rapid_burst
TXN03833,2026-02-13 19:48:31,USR00035,USR00000,3084.86,Food Delivery,P2M,Nagpur,Android_Phone,PhonePe,0,
TXN00276,2026-02-13 19:58:38,USR00300,USR00450,1718.91,Rent,P2M,Nagpur,Web,AmazonPay,0,
TXN08235,2026-02-13 20:24:22,USR00062,USR00129,470.24,Utilities,P2P,Chennai,Tablet,BHIM,0,
TXN07719,2026-02-13 20:28:05,USR00448,USR00357,8928.12,Education,P2P,Jaipur,Web,GPay,0,
TXN04996,2026-02-13 20:32:46,USR00108,USR00159,16431.51,Rent,P2M,Chennai,Tablet,Paytm,0,
TXN01731,2026-02-13 21:01:35,USR00461,USR00285,1154.89,Healthcare,P2M,Nagpur,Tablet,AmazonPay,0,
TXN01308,2026-02-13 21:02:17,USR00229,USR00214,11580.54,Rent,P2M,Nagpur,Web,AmazonPay,0,
TXN06847,2026-02-13 21:11:36,USR00408,USR00094,515.15,Rent,P2M,Kolkata,Tablet,PhonePe,0,
TXN09641,2026-02-13 21:12:41,USR00201,USR00004,431.65,Rent,P2P,Hyderabad,iPhone,BHIM,1,new_location
TXN04963,2026-02-13 21:27:26,USR00048,USR00232,2631.0,Rent,P2P,Kolkata,Web,BHIM,0,
TXN08933,2026-02-13 21:35:59,USR00079,USR00269,420.7,Utilities,P2M,Ahmedabad,Android_Phone,BHIM,0,
TXN09961,2026-02-13 21:40:25,USR00028,USR00483,17151.49,Shopping,P2P,Jaipur,Android_Phone,PhonePe,1,new_location
TXN07151,2026-02-13 22:04:36,USR00452,USR00141,2363.96,Shopping,P2M,Pune,Web,BHIM,0,
TXN06268,2026-02-13 22:07:58,USR00016,USR00442,183.66,Utilities,P2M,Surat,Android_Phone,GPay,0,
TXN05744,2026-02-13 22:12:09,USR00043,USR00398,1198.52,Education,P2M,Pune,Web,PhonePe,0,
TXN04005,2026-02-13 22:18:41,USR00197,USR00189,4077.2,Entertainment,P2M,Chennai,Tablet,GPay,0,
TXN08067,2026-02-13 22:28:03,USR00255,USR00447,5109.67,Shopping,P2M,Bengaluru,Web,Paytm,0,
TXN06474,2026-02-13 22:30:11,USR00347,USR00474,1106.53,P2P Transfer,P2M,Nagpur,Web,BHIM,0,
TXN02698,2026-02-13 22:40:56,USR00116,USR00487,2159.63,Education,P2M,Surat,iPhone,BHIM,0,
TXN02863,2026-02-13 22:41:09,USR00114,USR00205,310.93,Utilities,P2P,Kolkata,iPhone,Paytm,0,
TXN09185,2026-02-13 22:49:14,USR00046,USR00112,8076.55,Fuel,P2M,Jaipur,Tablet,Paytm,0,
TXN07073,2026-02-13 22:52:29,USR00486,USR00163,194.69,Utilities,P2M,Pune,Android_Phone,Paytm,0,
TXN09513,2026-02-14 03:43:32,USR00464,USR00058,981.62,Rent,P2P,Mumbai,iPhone,BHIM,1,"new_location,odd_hour"
TXN10058,2026-02-14 04:39:00,USR00090,USR00007,637.92,Fuel,P2P,Jaipur,Tablet,Paytm,1,rapid_burst
TXN10059,2026-02-14 04:42:00,USR00090,USR00007,706.7,P2P Transfer,P2M,Jaipur,Tablet,Paytm,1,rapid_burst
TXN10061,2026-02-14 04:42:00,USR00090,USR00202,367.13,Travel,P2M,Jaipur,Tablet,Paytm,1,rapid_burst
TXN10060,2026-02-14 04:43:00,USR00090,USR00007,422.57,Entertainment,P2P,Jaipur,Tablet,Paytm,1,rapid_burst
TXN10062,2026-02-14 04:47:00,USR00090,USR00202,715.79,P2P Transfer,P2P,Jaipur,Tablet,Paytm,1,rapid_burst
TXN04748,2026-02-14 06:00:52,USR00368,USR00108,1372.22,Rent,P2P,Lucknow,Android_Phone,AmazonPay,0,
TXN08272,2026-02-14 06:06:43,USR00260,USR00023,4093.82,Entertainment,P2M,Pune,iPhone,Paytm,0,
TXN01730,2026-02-14 06:26:56,USR00423,USR00496,438.63,Food Delivery,P2P,Hyderabad,iPhone,GPay,0,
TXN05353,2026-02-14 06:40:59,USR00338,USR00312,151.54,Healthcare,P2M,Delhi,Tablet,BHIM,0,
TXN08627,2026-02-14 06:48:17,USR00137,USR00477,156.3,P2P Transfer,P2P,Mumbai,iPhone,AmazonPay,0,
TXN07433,2026-02-14 06:50:52,USR00467,USR00255,7339.33,Travel,P2P,Mumbai,Web,GPay,0,
TXN06582,2026-02-14 06:54:44,USR00137,USR00477,197.41,P2P Transfer,P2P,Mumbai,iPhone,AmazonPay,0,
TXN08987,2026-02-14 06:59:27,USR00271,USR00254,275.32,Shopping,P2P,Nagpur,Tablet,PhonePe,0,
TXN04658,2026-02-14 06:59:54,USR00270,USR00433,424.27,Education,P2M,Pune,Android_Phone,Paytm,0,
TXN07996,2026-02-14 07:03:09,USR00010,USR00222,14620.13,Fuel,P2P,Surat,Web,BHIM,0,
TXN08899,2026-02-14 07:09:36,USR00229,USR00198,12615.35,P2P Transfer,P2P,Nagpur,Web,AmazonPay,0,
TXN03163,2026-02-14 07:11:42,USR00174,USR00290,208.38,Rent,P2M,Mumbai,Web,AmazonPay,0,
TXN09890,2026-02-14 07:21:47,USR00224,USR00394,168.53,P2P Transfer,P2M,Mumbai,iPhone,Paytm,1,"new_receiver,new_device"
TXN02638,2026-02-14 07:36:47,USR00003,USR00022,2486.26,Food Delivery,P2P,Lucknow,Web,AmazonPay,0,
TXN00925,2026-02-14 07:44:25,USR00338,USR00100,139.65,Education,P2M,Delhi,Tablet,BHIM,0,
TXN02446,2026-02-14 08:12:32,USR00318,USR00470,645.71,Healthcare,P2P,Pune,Web,BHIM,0,
TXN07928,2026-02-14 08:14:05,USR00395,USR00091,1449.66,Food Delivery,P2M,Delhi,Web,AmazonPay,0,
TXN07113,2026-02-14 08:15:56,USR00326,USR00218,624.92,Education,P2M,Chennai,Web,GPay,0,
TXN05613,2026-02-14 08:18:24,USR00264,USR00297,112.52,Grocery,P2M,Ahmedabad,Web,AmazonPay,0,
TXN04533,2026-02-14 08:19:33,USR00465,USR00393,1223.02,Education,P2P,Kolkata,iPhone,AmazonPay,0,
TXN09094,2026-02-14 08:22:07,USR00290,USR00288,75.7,P2P Transfer,P2M,Ahmedabad,Tablet,GPay,0,
TXN02766,2026-02-14 08:24:39,USR00090,USR00404,288.74,P2P Transfer,P2P,Jaipur,Tablet,Paytm,0,
TXN01829,2026-02-14 08:30:29,USR00090,USR00202,259.46,Entertainment,P2M,Jaipur,Tablet,Paytm,0,
TXN04080,2026-02-14 09:09:24,USR00425,USR00193,2215.03,Rent,P2M,Ahmedabad,Web,Paytm,0,
TXN09979,2026-02-14 09:28:03,USR00008,USR00438,4530.6,Healthcare,P2P,Nagpur,Web,PhonePe,1,"rapid_burst,new_receiver"
TXN07547,2026-02-14 09:29:23,USR00076,USR00395,5118.02,Entertainment,P2P,Delhi,iPhone,Paytm,0,
TXN01035,2026-02-14 09:29:44,USR00457,USR00118,7856.52,Shopping,P2M,Lucknow,Web,GPay,0,
TXN06515,2026-02-14 09:32:10,USR00026,USR00367,1720.13,Education,P2P,Lucknow,Web,Paytm,0,
TXN02847,2026-02-14 09:33:28,USR00216,USR00495,882.19,Grocery,P2M,Chennai,Tablet,Paytm,0,
TXN07651,2026-02-14 09:33:34,USR00451,USR00201,4184.96,Rent,P2M,Jaipur,iPhone,PhonePe,0,
TXN01022,2026-02-14 09:43:46,USR00238,USR00295,689.22,Rent,P2M,Ahmedabad,Tablet,BHIM,0,
TXN02042,2026-02-14 10:35:41,USR00033,USR00328,742.13,Food Delivery,P2P,Hyderabad,Android_Phone,AmazonPay,0,
TXN07932,2026-02-14 10:36:15,USR00253,USR00029,312.41,Healthcare,P2M,Hyderabad,Android_Phone,PhonePe,0,
TXN05845,2026-02-14 10:47:40,USR00155,USR00136,281.91,Grocery,P2M,Chennai,Android_Phone,BHIM,0,
TXN07598,2026-02-14 10:47:42,USR00246,USR00073,2858.22,Healthcare,P2M,Kolkata,iPhone,GPay,0,
TXN06123,2026-02-14 11:07:40,USR00028,USR00483,13991.84,Fuel,P2P,Delhi,Android_Phone,PhonePe,0,
TXN01990,2026-02-14 11:11:17,USR00431,USR00426,5860.71,Entertainment,P2M,Pune,Android_Phone,GPay,0,
TXN05422,2026-02-14 11:24:50,USR00031,USR00403,1102.15,Grocery,P2M,Hyderabad,iPhone,BHIM,0,
TXN08716,2026-02-14 11:42:20,USR00430,USR00292,13543.94,Entertainment,P2M,Delhi,iPhone,BHIM,0,
TXN05580,2026-02-14 12:00:11,USR00315,USR00273,446.82,Education,P2M,Mumbai,Tablet,Paytm,0,
TXN02173,2026-02-14 12:08:46,USR00401,USR00092,1290.88,P2P Transfer,P2M,Chennai,Web,AmazonPay,0,
TXN08841,2026-02-14 12:10:21,USR00170,USR00379,11018.52,Food Delivery,P2M,Bengaluru,Web,AmazonPay,0,
TXN07531,2026-02-14 12:30:03,USR00047,USR00273,1787.71,Fuel,P2M,Ahmedabad,iPhone,BHIM,0,
TXN08513,2026-02-14 12:43:21,USR00153,USR00413,2858.86,Travel,P2M,Surat,Web,BHIM,0,
TXN01746,2026-02-14 13:01:35,USR00305,USR00412,775.68,Education,P2M,Hyderabad,iPhone,Paytm,0,
TXN00878,2026-02-14 13:06:04,USR00307,USR00456,7342.23,Food Delivery,P2P,Hyderabad,Web,Paytm,0,
TXN08947,2026-02-14 13:25:05,USR00090,USR00046,228.26,Entertainment,P2P,Jaipur,Tablet,Paytm,0,
TXN07421,2026-02-14 13:28:45,USR00106,USR00359,2096.27,Healthcare,P2P,Lucknow,Android_Phone,Paytm,0,
TXN00720,2026-02-14 13:30:39,USR00060,USR00184,1133.72,Travel,P2P,Delhi,Web,PhonePe,0,
TXN02292,2026-02-14 13:34:05,USR00041,USR00411,11948.74,P2P Transfer,P2P,Pune,Tablet,AmazonPay,0,
TXN05666,2026-02-14 13:43:42,USR00133,USR00149,973.43,Rent,P2P,Surat,Android_Phone,GPay,0,
TXN04022,2026-02-14 13:44:28,USR00160,USR00060,11766.2,Utilities,P2P,Lucknow,Web,Paytm,0,
TXN09583,2026-02-14 14:24:41,USR00417,USR00137,117693.58,Rent,P2P,Pune,iPhone,PhonePe,1,"high_amount,new_location"
TXN03212,2026-02-14 14:25:24,USR00123,USR00158,5543.63,Fuel,P2P,Surat,Android_Phone,PhonePe,0,
TXN02693,2026-02-14 14:27:49,USR00112,USR00021,319.08,Shopping,P2M,Delhi,Web,BHIM,0,
TXN05688,2026-02-14 14:40:56,USR00213,USR00074,1901.46,Utilities,P2M,Bengaluru,iPhone,GPay,0,
TXN03061,2026-02-14 14:48:25,USR00198,USR00168,522.29,Shopping,P2P,Bengaluru,Web,AmazonPay,0,
TXN09336,2026-02-14 15:02:55,USR00279,USR00186,2166.94,Fuel,P2M,Delhi,iPhone,BHIM,0,
TXN08089,2026-02-14 15:23:19,USR00142,USR00120,11425.72,Food Delivery,P2P,Mumbai,Tablet,Paytm,0,
TXN04948,2026-02-14 15:29:45,USR00479,USR00173,616.69,Fuel,P2P,Hyderabad,iPhone,AmazonPay,0,
TXN02186,2026-02-14 15:35:42,USR00129,USR00466,8493.69,P2P Transfer,P2P,Ahmedabad,Web,PhonePe,0,
TXN01278,2026-02-14 15:40:29,USR00313,USR00041,2064.75,Utilities,P2M,Chennai,iPhone,Paytm,0,
TXN02335,2026-02-14 15:42:31,USR00277,USR00046,10026.28,Rent,P2P,Bengaluru,Web,PhonePe,0,
TXN05573,2026-02-14 15:48:01,USR00378,USR00406,472.4,Travel,P2P,Pune,iPhone,PhonePe,0,
TXN02704,2026-02-14 15:56:26,USR00431,USR00426,14521.52,Healthcare,P2M,Pune,Android_Phone,GPay,0,
TXN06469,2026-02-14 15:59:46,USR00393,USR00059,6544.83,Utilities,P2M,Lucknow,Tablet,Paytm,0,
TXN03732,2026-02-14 16:19:57,USR00085,USR00176,522.56,Travel,P2P,Delhi,iPhone,BHIM,0,
TXN06286,2026-02-14 16:19:59,USR00464,USR00046,1848.21,Education,P2M,Nagpur,iPhone,BHIM,0,
TXN07305,2026-02-14 16:30:55,USR00384,USR00313,226.61,Shopping,P2M,Jaipur,Web,BHIM,0,
TXN03125,2026-02-14 16:58:31,USR00282,USR00325,2535.51,P2P Transfer,P2M,Pune,Android_Phone,GPay,0,
TXN02224,2026-02-14 16:59:18,USR00313,USR00041,1906.5,Rent,P2M,Chennai,iPhone,Paytm,0,
TXN07559,2026-02-14 17:11:47,USR00466,USR00373,153.79,Shopping,P2M,Kolkata,Android_Phone,BHIM,0,
TXN03830,2026-02-14 17:18:38,USR00052,USR00350,6757.3,Healthcare,P2M,Nagpur,Android_Phone,GPay,0,
TXN09253,2026-02-14 17:29:06,USR00300,USR00069,988.79,Rent,P2M,Nagpur,Web,AmazonPay,0,
TXN05199,2026-02-14 17:30:20,USR00197,USR00189,5786.95,Education,P2M,Chennai,Tablet,GPay,0,
TXN02365,2026-02-14 17:39:38,USR00059,USR00061,9893.67,Education,P2P,Nagpur,Android_Phone,AmazonPay,0,
TXN02275,2026-02-14 17:44:35,USR00120,USR00190,66.27,P2P Transfer,P2P,Jaipur,Tablet,BHIM,0,
TXN05146,2026-02-14 17:50:38,USR00031,USR00055,1311.83,Shopping,P2M,Hyderabad,iPhone,BHIM,0,
TXN04142,2026-02-14 17:52:59,USR00087,USR00325,92.07,Grocery,P2M,Pune,Web,Paytm,0,
TXN04195,2026-02-14 18:03:52,USR00394,USR00274,9608.47,Education,P2M,Chennai,iPhone,Paytm,0,
TXN03900,2026-02-14 18:13:46,USR00196,USR00183,519.38,Food Delivery,P2M,Hyderabad,Web,Paytm,0,
TXN09723,2026-02-14 18:16:23,USR00370,USR00289,21117.56,Healthcare,P2M,Ahmedabad,iPhone,AmazonPay,1,high_amount
TXN02513,2026-02-14 18:36:01,USR00402,USR00409,2192.72,Rent,P2M,Kolkata,Tablet,PhonePe,0,
TXN07697,2026-02-14 18:49:29,USR00208,USR00223,322.56,Shopping,P2P,Mumbai,Web,GPay,0,
TXN08209,2026-02-14 18:50:35,USR00004,USR00360,761.21,Food Delivery,P2P,Lucknow,Web,PhonePe,0,
TXN04333,2026-02-14 18:58:05,USR00199,USR00180,2358.61,Shopping,P2M,Ahmedabad,Tablet,PhonePe,0,
TXN09278,2026-02-14 19:01:50,USR00382,USR00448,980.61,Education,P2M,Delhi,iPhone,Paytm,0,
TXN07128,2026-02-14 19:12:38,USR00305,USR00156,572.68,Fuel,P2P,Hyderabad,iPhone,Paytm,0,
TXN06587,2026-02-14 19:38:05,USR00315,USR00273,405.58,P2P Transfer,P2P,Mumbai,Tablet,Paytm,0,
TXN03642,2026-02-14 19:39:43,USR00039,USR00115,9395.41,Rent,P2P,Surat,iPhone,GPay,0,
TXN00520,2026-02-14 19:48:25,USR00347,USR00195,1336.57,Food Delivery,P2M,Nagpur,Web,BHIM,0,
TXN04251,2026-02-14 19:49:09,USR00160,USR00201,9706.52,Shopping,P2P,Lucknow,Web,Paytm,0,
TXN01975,2026-02-14 19:52:40,USR00236,USR00143,382.59,Fuel,P2M,Lucknow,Android_Phone,PhonePe,0,
TXN02997,2026-02-14 20:04:29,USR00108,USR00159,15748.31,Healthcare,P2M,Chennai,Tablet,Paytm,0,
TXN04450,2026-02-14 20:06:09,USR00440,USR00334,5392.2,Utilities,P2P,Delhi,Tablet,AmazonPay,0,
TXN02477,2026-02-14 20:07:24,USR00299,USR00309,585.35,Utilities,P2P,Nagpur,Web,PhonePe,0,
TXN02234,2026-02-14 20:12:18,USR00154,USR00073,3622.27,Fuel,P2M,Ahmedabad,Tablet,Paytm,0,
TXN03415,2026-02-14 20:12:50,USR00218,USR00419,304.38,Food Delivery,P2M,Nagpur,Web,BHIM,0,
TXN01733,2026-02-14 20:26:40,USR00293,USR00216,364.93,Shopping,P2P,Bengaluru,iPhone,BHIM,0,
TXN00476,2026-02-14 20:32:45,USR00490,USR00114,292.6,Rent,P2M,Ahmedabad,Tablet,AmazonPay,0,
TXN05979,2026-02-14 20:34:55,USR00293,USR00040,482.25,Shopping,P2M,Bengaluru,iPhone,BHIM,0,
TXN03242,2026-02-14 20:49:25,USR00363,USR00371,2071.91,Education,P2M,Hyderabad,Android_Phone,AmazonPay,0,
TXN03296,2026-02-14 21:40:29,USR00287,USR00152,2646.81,Rent,P2P,Surat,Web,BHIM,0,
TXN02356,2026-02-14 21:46:24,USR00023,USR00318,1089.99,Food Delivery,P2M,Delhi,Web,AmazonPay,0,
TXN04105,2026-02-14 21:51:09,USR00414,USR00191,5764.48,Utilities,P2M,Hyderabad,Tablet,BHIM,0,
TXN01203,2026-02-14 22:21:51,USR00438,USR00415,13147.43,Fuel,P2P,Chennai,Web,AmazonPay,0,
TXN07655,2026-02-14 22:26:21,USR00053,USR00221,13369.14,Education,P2P,Mumbai,Web,Paytm,0,
TXN09009,2026-02-14 22:46:43,USR00474,USR00012,166.3,Rent,P2M,Pune,Web,BHIM,0,
TXN01574,2026-02-15 06:11:24,USR00403,USR00287,686.42,Travel,P2M,Ahmedabad,Web,GPay,0,
TXN09834,2026-02-15 06:21:57,USR00332,USR00258,10334.44,Education,P2M,Mumbai,Android_Phone,BHIM,1,"rapid_burst,new_location"
TXN08929,2026-02-15 06:25:37,USR00206,USR00138,3810.2,Education,P2M,Pune,iPhone,Paytm,0,
TXN06600,2026-02-15 06:29:51,USR00285,USR00133,2483.95,Food Delivery,P2M,Mumbai,Web,Paytm,0,
TXN03053,2026-02-15 06:55:14,USR00212,USR00149,539.18,Travel,P2P,Lucknow,Android_Phone,BHIM,0,
TXN06705,2026-02-15 06:59:12,USR00142,USR00120,12264.26,Travel,P2P,Mumbai,Tablet,Paytm,0,
TXN03850,2026-02-15 07:06:33,USR00354,USR00264,4365.7,Healthcare,P2P,Hyderabad,Tablet,Paytm,0,
TXN00209,2026-02-15 07:26:38,USR00259,USR00468,1906.66,Education,P2P,Pune,Tablet,Paytm,0,
TXN06556,2026-02-15 07:51:56,USR00003,USR00235,3459.35,Entertainment,P2M,Lucknow,Web,AmazonPay,0,
TXN03524,2026-02-15 08:05:34,USR00330,USR00133,7710.06,Healthcare,P2M,Delhi,Tablet,Paytm,0,
TXN03748,2026-02-15 08:10:25,USR00399,USR00345,7611.52,Rent,P2M,Delhi,Tablet,PhonePe,0,
TXN04528,2026-02-15 08:17:51,USR00305,USR00412,616.18,Utilities,P2M,Hyderabad,iPhone,Paytm,0,
TXN02424,2026-02-15 08:22:50,USR00290,USR00115,55.21,Food Delivery,P2M,Ahmedabad,Tablet,GPay,0,
TXN03628,2026-02-15 08:23:29,USR00068,USR00352,1472.94,Healthcare,P2M,Ahmedabad,Web,Paytm,0,
TXN06766,2026-02-15 08:29:36,USR00380,USR00060,16102.61,Grocery,P2P,Jaipur,Android_Phone,AmazonPay,0,
TXN06904,2026-02-15 08:31:16,USR00213,USR00137,2093.73,Utilities,P2P,Bengaluru,iPhone,GPay,0,
TXN01086,2026-02-15 08:31:29,USR00332,USR00240,17221.82,Rent,P2P,Surat,Android_Phone,BHIM,0,
TXN09378,2026-02-15 08:32:54,USR00332,USR00240,11130.22,Utilities,P2M,Surat,Android_Phone,BHIM,0,
TXN04663,2026-02-15 08:55:52,USR00076,USR00395,3034.0,Shopping,P2M,Delhi,iPhone,Paytm,0,
TXN04728,2026-02-15 09:25:53,USR00111,USR00061,1106.61,Shopping,P2M,Hyderabad,iPhone,BHIM,0,
TXN03039,2026-02-15 09:25:53,USR00425,USR00010,1843.07,Fuel,P2P,Ahmedabad,Web,Paytm,0,
TXN07593,2026-02-15 09:27:21,USR00131,USR00388,13634.26,Shopping,P2P,Ahmedabad,Web,BHIM,0,
TXN08558,2026-02-15 09:48:25,USR00328,USR00215,8572.48,Rent,P2M,Nagpur,Tablet,PhonePe,0,
TXN09438,2026-02-15 09:57:48,USR00371,USR00189,407.81,Travel,P2P,Pune,Tablet,PhonePe,1,rapid_burst
TXN04745,2026-02-15 09:57:58,USR00333,USR00193,2255.33,Rent,P2P,Mumbai,Web,PhonePe,0,
TXN07426,2026-02-15 10:10:19,USR00054,USR00303,2541.83,Travel,P2M,Ahmedabad,Tablet,PhonePe,0,
TXN00172,2026-02-15 10:26:22,USR00219,USR00306,772.95,Rent,P2P,Delhi,Tablet,AmazonPay,0,
TXN03254,2026-02-15 10:31:57,USR00147,USR00283,173.6,P2P Transfer,P2P,Mumbai,Tablet,AmazonPay,0,
TXN00281,2026-02-15 10:43:10,USR00183,USR00381,14793.81,Travel,P2P,Hyderabad,Tablet,AmazonPay,0,
TXN03147,2026-02-15 10:43:15,USR00463,USR00230,2848.23,Utilities,P2M,Lucknow,iPhone,PhonePe,0,
TXN07398,2026-02-15 10:47:49,USR00473,USR00066,4700.65,Food Delivery,P2M,Hyderabad,Web,AmazonPay,0,
TXN01108,2026-02-15 10:53:47,USR00156,USR00167,9877.55,Education,P2M,Pune,Tablet,AmazonPay,0,
TXN01137,2026-02-15 11:01:08,USR00479,USR00192,611.5,Food Delivery,P2M,Hyderabad,iPhone,AmazonPay,0,
TXN04339,2026-02-15 11:16:33,USR00396,USR00103,6287.85,P2P Transfer,P2M,Hyderabad,iPhone,PhonePe,0,
TXN01110,2026-02-15 11:41:51,USR00495,USR00306,15593.53,Education,P2M,Kolkata,Web,AmazonPay,0,
TXN08607,2026-02-15 11:43:16,USR00233,USR00137,7750.08,Food Delivery,P2M,Lucknow,Android_Phone,AmazonPay,0,
TXN04352,2026-02-15 11:54:29,USR00438,USR00127,7523.62,Travel,P2P,Chennai,Web,AmazonPay,0,
TXN02061,2026-02-15 12:05:23,USR00317,USR00485,347.76,Utilities,P2P,Delhi,iPhone,Paytm,0,
TXN05854,2026-02-15 12:11:43,USR00405,USR00145,4000.79,Fuel,P2P,Lucknow,iPhone,Paytm,0,
TXN05172,2026-02-15 12:22:19,USR00193,USR00370,588.38,P2P Transfer,P2P,Chennai,Tablet,PhonePe,0,
TXN01190,2026-02-15 13:05:00,USR00214,USR00483,1009.44,Education,P2P,Chennai,Android_Phone,BHIM,0,
TXN01229,2026-02-15 13:11:45,USR00049,USR00035,3090.58,Entertainment,P2M,Chennai,Android_Phone,GPay,0,
TXN05374,2026-02-15 13:25:33,USR00102,USR00160,1244.88,Entertainment,P2M,Chennai,Tablet,BHIM,0,
TXN09159,2026-02-15 14:01:33,USR00051,USR00055,14471.22,Healthcare,P2P,Bengaluru,Android_Phone,Paytm,0,
TXN06775,2026-02-15 14:01:33,USR00004,USR00023,1108.61,Grocery,P2P,Lucknow,Web,PhonePe,0,
TXN05277,2026-02-15 14:40:04,USR00335,USR00493,378.83,Food Delivery,P2P,Delhi,Android_Phone,AmazonPay,0,
TXN04819,2026-02-15 14:56:24,USR00373,USR00128,292.99,Entertainment,P2P,Lucknow,Web,BHIM,0,
TXN03552,2026-02-15 14:59:40,USR00324,USR00006,7250.23,Utilities,P2M,Nagpur,iPhone,GPay,0,
TXN08756,2026-02-15 15:01:50,USR00497,USR00470,14273.79,Utilities,P2P,Hyderabad,Web,BHIM,0,
TXN05475,2026-02-15 15:02:33,USR00203,USR00317,402.74,Utilities,P2M,Delhi,Android_Phone,Paytm,0,
TXN05567,2026-02-15 15:09:34,USR00408,USR00437,422.9,Travel,P2M,Kolkata,Tablet,PhonePe,0,
TXN07316,2026-02-15 15:47:59,USR00173,USR00471,655.53,Utilities,P2P,Jaipur,iPhone,PhonePe,0,
TXN05562,2026-02-15 15:50:26,USR00369,USR00256,428.13,Education,P2M,Bengaluru,Web,AmazonPay,0,
TXN05632,2026-02-15 16:00:18,USR00246,USR00328,3963.78,Utilities,P2M,Kolkata,iPhone,GPay,0,
TXN03095,2026-02-15 16:27:24,USR00266,USR00054,11748.27,Travel,P2P,Lucknow,iPhone,PhonePe,0,
TXN00833,2026-02-15 16:39:57,USR00256,USR00134,715.99,Food Delivery,P2M,Jaipur,Web,AmazonPay,0,
TXN05701,2026-02-15 17:03:18,USR00366,USR00375,4355.19,Grocery,P2P,Chennai,Web,BHIM,0,
TXN00660,2026-02-15 17:08:44,USR00161,USR00411,61.98,Food Delivery,P2M,Mumbai,Android_Phone,BHIM,0,
TXN03411,2026-02-15 17:28:52,USR00489,USR00047,2111.99,Healthcare,P2P,Ahmedabad,Android_Phone,BHIM,0,
TXN04855,2026-02-15 17:53:29,USR00364,USR00460,14754.39,Utilities,P2M,Lucknow,Web,Paytm,0,
TXN02651,2026-02-15 18:00:20,USR00440,USR00382,7374.59,Entertainment,P2P,Delhi,Tablet,AmazonPay,0,
TXN07300,2026-02-15 18:06:27,USR00259,USR00368,1801.81,Fuel,P2P,Pune,Tablet,Paytm,0,
TXN03142,2026-02-15 18:11:59,USR00345,USR00402,1656.34,Food Delivery,P2M,Pune,Android_Phone,Paytm,0,
TXN04527,2026-02-15 18:16:00,USR00435,USR00166,8476.0,Grocery,P2M,Chennai,Tablet,BHIM,0,
TXN08985,2026-02-15 18:22:47,USR00456,USR00478,13120.47,Shopping,P2P,Kolkata,Web,Paytm,0,
TXN09018,2026-02-15 18:34:52,USR00208,USR00223,354.07,Shopping,P2M,Mumbai,Web,GPay,0,
TXN08189,2026-02-15 18:44:22,USR00296,USR00335,398.22,P2P Transfer,P2P,Kolkata,Web,AmazonPay,0,
TXN06803,2026-02-15 18:46:21,USR00435,USR00166,5337.0,Food Delivery,P2M,Chennai,Tablet,BHIM,0,
TXN09751,2026-02-15 18:47:44,USR00263,USR00104,5120.26,Healthcare,P2P,Pune,Android_Phone,PhonePe,1,new_receiver
TXN01635,2026-02-15 18:48:28,USR00356,USR00379,11600.67,Utilities,P2P,Pune,Android_Phone,BHIM,0,
TXN07140,2026-02-15 18:49:52,USR00360,USR00491,3202.45,P2P Transfer,P2M,Jaipur,Tablet,Paytm,0,
TXN03593,2026-02-15 18:50:20,USR00137,USR00477,234.89,Fuel,P2M,Mumbai,iPhone,AmazonPay,0,
TXN05078,2026-02-15 18:51:54,USR00139,USR00217,1962.27,P2P Transfer,P2M,Jaipur,Web,GPay,0,
TXN07315,2026-02-15 18:57:38,USR00152,USR00023,209.06,Shopping,P2M,Mumbai,Android_Phone,AmazonPay,0,
TXN00848,2026-02-15 19:12:21,USR00459,USR00104,14905.54,Grocery,P2P,Pune,Tablet,PhonePe,0,
TXN08723,2026-02-15 19:21:25,USR00356,USR00379,8675.55,Fuel,P2P,Pune,Android_Phone,BHIM,0,
TXN02730,2026-02-15 19:49:36,USR00057,USR00405,310.15,Healthcare,P2M,Nagpur,iPhone,GPay,0,
TXN07699,2026-02-15 19:50:13,USR00329,USR00092,2826.36,Rent,P2M,Kolkata,Android_Phone,AmazonPay,0,
TXN05365,2026-02-15 20:16:13,USR00246,USR00073,2308.47,P2P Transfer,P2M,Kolkata,iPhone,GPay,0,
TXN09229,2026-02-15 20:21:40,USR00215,USR00171,1016.44,Education,P2P,Chennai,Tablet,AmazonPay,0,
TXN06873,2026-02-15 20:29:39,USR00265,USR00121,290.67,Fuel,P2M,Surat,Tablet,Paytm,0,
TXN05132,2026-02-15 20:37:23,USR00034,USR00305,1367.65,Travel,P2M,Mumbai,Web,Paytm,0,
TXN04228,2026-02-15 20:43:26,USR00173,USR00471,452.78,Grocery,P2P,Jaipur,iPhone,PhonePe,0,
TXN05021,2026-02-15 20:57:46,USR00449,USR00335,1061.67,Travel,P2M,Mumbai,Web,Paytm,0,
TXN08296,2026-02-15 21:20:00,USR00414,USR00407,6842.03,Healthcare,P2M,Hyderabad,Tablet,BHIM,0,
TXN06293,2026-02-15 21:24:10,USR00284,USR00295,9349.01,Grocery,P2M,Delhi,Tablet,PhonePe,0,
TXN08535,2026-02-15 21:29:21,USR00199,USR00407,1956.99,Healthcare,P2M,Ahmedabad,Tablet,PhonePe,0,
TXN09896,2026-02-15 21:30:52,USR00227,USR00134,7360.37,Education,P2P,Ahmedabad,Android_Phone,BHIM,1,new_device
TXN02157,2026-02-15 21:58:10,USR00253,USR00488,341.2,Food Delivery,P2P,Hyderabad,Android_Phone,PhonePe,0,
TXN00792,2026-02-15 22:15:51,USR00016,USR00239,153.44,Healthcare,P2M,Surat,Android_Phone,GPay,0,
TXN07501,2026-02-15 22:29:44,USR00317,USR00485,277.06,Food Delivery,P2P,Delhi,iPhone,Paytm,0,
TXN06138,2026-02-15 22:37:06,USR00009,USR00195,2184.6,Entertainment,P2M,Lucknow,Tablet,AmazonPay,0,
TXN07992,2026-02-15 22:57:36,USR00414,USR00191,8526.61,Food Delivery,P2P,Hyderabad,Tablet,BHIM,0,
TXN00383,2026-02-16 06:00:04,USR00094,USR00120,4017.77,Grocery,P2P,Pune,Web,GPay,0,
TXN07616,2026-02-16 06:01:22,USR00221,USR00265,652.96,Grocery,P2M,Hyderabad,Android_Phone,AmazonPay,0,
TXN05073,2026-02-16 06:06:05,USR00066,USR00149,10990.49,Food Delivery,P2P,Nagpur,Tablet,Paytm,0,
TXN08703,2026-02-16 06:17:26,USR00482,USR00472,80.08,Grocery,P2M,Jaipur,Tablet,BHIM,0,
TXN06341,2026-02-16 06:22:57,USR00285,USR00487,3554.46,Rent,P2P,Mumbai,Web,Paytm,0,
TXN00478,2026-02-16 06:40:45,USR00244,USR00067,15624.6,Rent,P2P,Ahmedabad,iPhone,PhonePe,0,
TXN08719,2026-02-16 06:42:32,USR00256,USR00364,749.95,Shopping,P2M,Jaipur,Web,AmazonPay,0,
TXN09109,2026-02-16 06:47:58,USR00484,USR00455,1122.73,Travel,P2M,Chennai,Android_Phone,Paytm,0,
TXN04824,2026-02-16 06:55:08,USR00027,USR00170,184.26,Food Delivery,P2M,Mumbai,Web,PhonePe,0,
TXN03755,2026-02-16 07:02:46,USR00003,USR00413,2421.79,P2P Transfer,P2M,Lucknow,Web,AmazonPay,0,
TXN08522,2026-02-16 07:21:13,USR00449,USR00198,924.25,Utilities,P2M,Mumbai,Web,Paytm,0,
TXN02080,2026-02-16 07:24:04,USR00075,USR00260,3117.36,Grocery,P2M,Ahmedabad,iPhone,BHIM,0,
TXN07614,2026-02-16 08:00:54,USR00446,USR00350,6644.58,Utilities,P2P,Pune,Android_Phone,GPay,0,
TXN07453,2026-02-16 08:14:54,USR00387,USR00134,2111.73,Healthcare,P2P,Delhi,Tablet,Paytm,0,
TXN04485,2026-02-16 08:15:28,USR00129,USR00046,12021.85,Utilities,P2P,Ahmedabad,Web,PhonePe,0,
TXN04837,2026-02-16 08:16:50,USR00413,USR00146,148.37,Utilities,P2M,Jaipur,Android_Phone,AmazonPay,0,
TXN10063,2026-02-16 08:21:00,USR00227,USR00134,10298.75,Utilities,P2M,Ahmedabad,iPhone,BHIM,1,rapid_burst
TXN10064,2026-02-16 08:22:00,USR00227,USR00134,8904.32,Shopping,P2P,Ahmedabad,iPhone,BHIM,1,rapid_burst
TXN06007,2026-02-16 08:26:12,USR00192,USR00285,2020.97,Grocery,P2M,Mumbai,Tablet,BHIM,0,
TXN10065,2026-02-16 08:27:00,USR00227,USR00134,9259.17,Utilities,P2P,Ahmedabad,iPhone,BHIM,1,rapid_burst
TXN10066,2026-02-16 08:30:00,USR00227,USR00343,10020.88,Shopping,P2M,Ahmedabad,iPhone,BHIM,1,rapid_burst
TXN00933,2026-02-16 08:34:12,USR00265,USR00121,238.65,Travel,P2M,Surat,Tablet,Paytm,0,
TXN01977,2026-02-16 08:51:48,USR00449,USR00004,1075.53,Grocery,P2P,Mumbai,Web,Paytm,0,
TXN00565,2026-02-16 08:53:08,USR00089,USR00131,12736.62,Fuel,P2P,Jaipur,Web,BHIM,0,
TXN05444,2026-02-16 09:10:39,USR00254,USR00006,2269.61,Grocery,P2M,Hyderabad,Android_Phone,PhonePe,0,
TXN00287,2026-02-16 09:10:46,USR00445,USR00335,1381.88,Education,P2M,Pune,Web,Paytm,0,
TXN09125,2026-02-16 09:15:47,USR00333,USR00418,1847.23,Grocery,P2P,Mumbai,Web,PhonePe,0,
TXN04779,2026-02-16 09:21:47,USR00120,USR00190,94.18,P2P Transfer,P2M,Jaipur,Tablet,BHIM,0,
TXN08507,2026-02-16 09:43:42,USR00496,USR00387,684.96,Entertainment,P2M,Lucknow,iPhone,PhonePe,0,
TXN09855,2026-02-16 10:01:52,USR00253,USR00488,4319.53,Rent,P2P,Hyderabad,Android_Phone,PhonePe,1,high_amount
TXN06183,2026-02-16 10:04:47,USR00101,USR00309,48.74,Healthcare,P2P,Kolkata,Web,GPay,0,
TXN07364,2026-02-16 10:07:36,USR00380,USR00246,12834.96,Entertainment,P2P,Jaipur,Android_Phone,AmazonPay,0,
TXN03620,2026-02-16 10:20:19,USR00246,USR00073,3607.15,P2P Transfer,P2M,Kolkata,iPhone,GPay,0,
TXN04114,2026-02-16 10:26:35,USR00060,USR00116,1073.21,Utilities,P2P,Delhi,Web,PhonePe,0,
TXN09368,2026-02-16 10:26:45,USR00404,USR00133,3085.69,Shopping,P2P,Ahmedabad,Android_Phone,AmazonPay,0,
TXN08958,2026-02-16 10:41:59,USR00441,USR00289,110.57,Utilities,P2P,Chennai,Android_Phone,PhonePe,0,
TXN01463,2026-02-16 10:48:51,USR00092,USR00484,6667.47,Grocery,P2P,Bengaluru,Android_Phone,Paytm,0,
TXN00550,2026-02-16 10:58:21,USR00327,USR00047,9213.96,Utilities,P2P,Lucknow,Tablet,Paytm,0,
TXN07709,2026-02-16 11:06:11,USR00298,USR00497,570.3,Healthcare,P2P,Ahmedabad,Web,PhonePe,0,
TXN05850,2026-02-16 11:26:01,USR00179,USR00113,2258.51,Travel,P2P,Surat,Android_Phone,PhonePe,0,
TXN07574,2026-02-16 11:30:11,USR00204,USR00350,3421.55,Education,P2M,Nagpur,iPhone,GPay,0,
TXN08029,2026-02-16 11:35:51,USR00155,USR00238,320.81,Grocery,P2M,Chennai,Android_Phone,BHIM,0,
TXN05564,2026-02-16 11:56:08,USR00354,USR00420,3413.08,Travel,P2M,Hyderabad,Tablet,Paytm,0,
TXN07844,2026-02-16 12:00:03,USR00126,USR00383,432.77,Food Delivery,P2M,Ahmedabad,iPhone,AmazonPay,0,
TXN06777,2026-02-16 12:03:44,USR00320,USR00334,9085.91,P2P Transfer,P2P,Jaipur,Web,GPay,0,
TXN05381,2026-02-16 12:07:25,USR00110,USR00023,221.3,Utilities,P2M,Jaipur,Tablet,GPay,0,
TXN02824,2026-02-16 12:14:00,USR00472,USR00313,7893.19,Healthcare,P2P,Nagpur,iPhone,AmazonPay,0,
TXN03382,2026-02-16 12:26:38,USR00185,USR00464,19327.26,Utilities,P2M,Chennai,Tablet,BHIM,0,
TXN02710,2026-02-16 12:26:48,USR00499,USR00195,963.11,Grocery,P2M,Surat,Tablet,BHIM,0,
TXN07968,2026-02-16 12:32:32,USR00076,USR00404,5108.28,P2P Transfer,P2P,Delhi,iPhone,Paytm,0,
TXN06713,2026-02-16 12:41:24,USR00137,USR00263,103.52,Grocery,P2M,Mumbai,iPhone,AmazonPay,0,
TXN04849,2026-02-16 12:42:57,USR00203,USR00076,264.64,Education,P2M,Delhi,Android_Phone,Paytm,0,
TXN08553,2026-02-16 12:51:06,USR00485,USR00272,1614.44,Education,P2M,Hyderabad,iPhone,GPay,0,
TXN07048,2026-02-16 12:53:33,USR00342,USR00478,965.23,Shopping,P2M,Nagpur,Web,PhonePe,0,
TXN05490,2026-02-16 12:55:58,USR00288,USR00013,17375.24,Utilities,P2M,Pune,Tablet,PhonePe,0,
TXN04563,2026-02-16 12:59:27,USR00318,USR00485,521.6,Food Delivery,P2M,Pune,Web,BHIM,0,
TXN05661,2026-02-16 13:02:35,USR00250,USR00067,1476.67,Rent,P2M,Chennai,Android_Phone,AmazonPay,0,
TXN08027,2026-02-16 13:24:25,USR00005,USR00083,8647.54,Food Delivery,P2P,Surat,Tablet,Paytm,0,
TXN04051,2026-02-16 13:32:37,USR00360,USR00073,3442.48,Utilities,P2M,Jaipur,Tablet,Paytm,0,
TXN06535,2026-02-16 13:40:41,USR00038,USR00376,516.41,Fuel,P2P,Jaipur,iPhone,PhonePe,0,
TXN09385,2026-02-16 14:01:24,USR00335,USR00455,555.95,Utilities,P2P,Delhi,Android_Phone,AmazonPay,0,
TXN06666,2026-02-16 14:22:25,USR00112,USR00379,427.05,Travel,P2M,Delhi,Web,BHIM,0,
TXN04303,2026-02-16 14:39:13,USR00267,USR00061,367.1,Utilities,P2P,Hyderabad,Tablet,Paytm,0,
TXN07227,2026-02-16 14:52:06,USR00057,USR00364,347.92,Travel,P2M,Nagpur,iPhone,GPay,0,
TXN02937,2026-02-16 14:52:21,USR00453,USR00195,49.61,Entertainment,P2M,Surat,Tablet,AmazonPay,0,
TXN05724,2026-02-16 15:02:00,USR00276,USR00162,2850.18,Education,P2M,Bengaluru,Web,Paytm,0,
TXN08960,2026-02-16 15:08:18,USR00429,USR00056,6373.43,Fuel,P2P,Kolkata,Web,GPay,0,
TXN02145,2026-02-16 15:15:27,USR00484,USR00052,629.55,P2P Transfer,P2M,Chennai,Android_Phone,Paytm,0,
TXN09189,2026-02-16 15:22:03,USR00165,USR00077,261.1,Food Delivery,P2P,Mumbai,iPhone,PhonePe,0,
TXN07940,2026-02-16 15:28:43,USR00417,USR00052,8975.63,Shopping,P2M,Mumbai,iPhone,PhonePe,0,
TXN06264,2026-02-16 15:32:45,USR00393,USR00059,9890.93,Healthcare,P2M,Lucknow,Tablet,Paytm,0,
TXN04161,2026-02-16 15:38:27,USR00474,USR00012,127.78,Education,P2M,Pune,Web,BHIM,0,
TXN06117,2026-02-16 15:41:21,USR00490,USR00073,372.66,Shopping,P2P,Ahmedabad,Tablet,AmazonPay,0,
TXN04936,2026-02-16 16:03:18,USR00036,USR00209,154.13,Travel,P2P,Nagpur,Android_Phone,Paytm,0,
TXN05932,2026-02-16 16:26:01,USR00047,USR00273,2302.28,Shopping,P2P,Ahmedabad,iPhone,BHIM,0,
TXN00854,2026-02-16 16:49:35,USR00365,USR00161,3358.61,Rent,P2P,Lucknow,iPhone,GPay,0,
TXN04458,2026-02-16 16:50:35,USR00187,USR00235,2346.44,Food Delivery,P2P,Jaipur,Tablet,PhonePe,0,
TXN02159,2026-02-16 16:52:42,USR00080,USR00135,11886.19,Utilities,P2M,Delhi,iPhone,BHIM,0,
TXN08503,2026-02-16 16:58:22,USR00110,USR00023,236.69,Food Delivery,P2P,Jaipur,Tablet,GPay,0,
TXN06618,2026-02-16 17:01:46,USR00448,USR00355,10466.7,Healthcare,P2M,Jaipur,Web,GPay,0,
TXN03745,2026-02-16 17:17:04,USR00184,USR00457,8740.53,Entertainment,P2M,Jaipur,Android_Phone,GPay,0,
TXN06449,2026-02-16 17:18:27,USR00189,USR00119,11945.74,Food Delivery,P2P,Mumbai,iPhone,AmazonPay,0,
TXN05417,2026-02-16 17:32:57,USR00141,USR00343,14696.98,Travel,P2P,Hyderabad,Tablet,BHIM,0,
TXN06850,2026-02-16 17:39:22,USR00309,USR00273,5811.98,Shopping,P2M,Chennai,iPhone,BHIM,0,
TXN05635,2026-02-16 17:50:30,USR00248,USR00043,10282.63,Grocery,P2P,Pune,iPhone,AmazonPay,0,
TXN04473,2026-02-16 17:58:43,USR00053,USR00221,19008.62,P2P Transfer,P2P,Mumbai,Web,Paytm,0,
TXN05552,2026-02-16 17:59:10,USR00309,USR00273,10684.17,Rent,P2P,Chennai,iPhone,BHIM,0,
TXN03633,2026-02-16 17:59:32,USR00426,USR00097,92.01,Rent,P2M,Jaipur,Web,Paytm,0,
TXN09947,2026-02-16 17:59:46,USR00251,USR00020,6852.9,Rent,P2P,Pune,Android_Phone,BHIM,1,"rapid_burst,new_location"
TXN06263,2026-02-16 18:00:53,USR00137,USR00477,121.92,Shopping,P2M,Mumbai,iPhone,AmazonPay,0,
TXN05587,2026-02-16 18:13:39,USR00199,USR00407,3266.41,Rent,P2M,Ahmedabad,Tablet,PhonePe,0,
TXN01951,2026-02-16 18:15:44,USR00029,USR00183,194.85,Grocery,P2M,Chennai,Web,PhonePe,0,
TXN05320,2026-02-16 18:17:21,USR00466,USR00393,294.01,Entertainment,P2P,Kolkata,Android_Phone,BHIM,0,
TXN09858,2026-02-16 18:17:48,USR00169,USR00040,121202.52,Healthcare,P2M,Surat,Web,BHIM,1,"new_location,high_amount"
TXN04803,2026-02-16 18:42:31,USR00352,USR00452,470.35,Grocery,P2M,Jaipur,Tablet,Paytm,0,
TXN07402,2026-02-16 19:01:23,USR00450,USR00161,247.28,P2P Transfer,P2P,Kolkata,iPhone,AmazonPay,0,
TXN02129,2026-02-16 19:23:03,USR00292,USR00409,324.31,P2P Transfer,P2M,Jaipur,Android_Phone,PhonePe,0,
TXN07307,2026-02-16 19:32:04,USR00381,USR00379,6342.49,Shopping,P2P,Ahmedabad,iPhone,AmazonPay,0,
TXN02243,2026-02-16 19:35:19,USR00133,USR00123,1234.88,Entertainment,P2M,Surat,Android_Phone,GPay,0,
TXN05678,2026-02-16 19:49:09,USR00445,USR00012,1693.45,Fuel,P2P,Pune,Web,Paytm,0,
TXN07491,2026-02-16 20:26:48,USR00215,USR00220,690.3,Grocery,P2M,Chennai,Tablet,AmazonPay,0,
TXN06505,2026-02-16 20:28:37,USR00232,USR00140,67.42,Shopping,P2P,Hyderabad,iPhone,AmazonPay,0,
TXN07174,2026-02-16 20:35:22,USR00492,USR00284,68.12,Utilities,P2P,Kolkata,Android_Phone,GPay,0,
TXN01156,2026-02-16 20:39:42,USR00336,USR00286,11793.76,Education,P2M,Ahmedabad,iPhone,BHIM,0,
TXN08698,2026-02-16 20:50:45,USR00393,USR00246,6830.93,Grocery,P2P,Lucknow,Tablet,Paytm,0,
TXN00692,2026-02-16 21:01:19,USR00189,USR00148,9743.56,Travel,P2P,Mumbai,iPhone,AmazonPay,0,
TXN06591,2026-02-16 21:13:01,USR00164,USR00268,109.76,P2P Transfer,P2M,Lucknow,Android_Phone,BHIM,0,
TXN07032,2026-02-16 21:20:40,USR00202,USR00369,5802.38,Utilities,P2M,Mumbai,Tablet,Paytm,0,
TXN05191,2026-02-16 21:21:16,USR00253,USR00122,244.35,Grocery,P2P,Hyderabad,Android_Phone,PhonePe,0,
TXN00115,2026-02-16 21:25:09,USR00465,USR00171,1084.2,Healthcare,P2M,Kolkata,iPhone,AmazonPay,0,
TXN01173,2026-02-16 21:34:14,USR00409,USR00479,341.84,Fuel,P2P,Delhi,Android_Phone,BHIM,0,
TXN01838,2026-02-16 21:44:15,USR00166,USR00339,268.17,Travel,P2P,Jaipur,iPhone,BHIM,0,
TXN03294,2026-02-16 21:49:02,USR00028,USR00483,14288.58,P2P Transfer,P2P,Delhi,Android_Phone,PhonePe,0,
TXN06662,2026-02-16 21:51:52,USR00474,USR00060,134.32,Grocery,P2M,Pune,Web,BHIM,0,
TXN05778,2026-02-16 21:53:15,USR00079,USR00269,523.94,Rent,P2M,Ahmedabad,Android_Phone,BHIM,0,
TXN00889,2026-02-16 22:05:22,USR00375,USR00308,3563.91,Fuel,P2M,Bengaluru,iPhone,PhonePe,0,
TXN08815,2026-02-16 22:23:00,USR00009,USR00195,1768.76,Grocery,P2M,Lucknow,Tablet,AmazonPay,0,
TXN06259,2026-02-16 22:30:17,USR00115,USR00463,2305.37,Shopping,P2P,Jaipur,Android_Phone,PhonePe,0,
TXN09544,2026-02-17 00:36:15,USR00202,USR00271,12283.17,Utilities,P2M,Mumbai,iPhone,Paytm,1,"new_device,odd_hour"
TXN09407,2026-02-17 04:55:11,USR00005,USR00083,9131.9,Travel,P2M,Surat,Web,Paytm,1,"odd_hour,new_device"
TXN03096,2026-02-17 06:06:37,USR00029,USR00183,344.89,Healthcare,P2M,Chennai,Web,PhonePe,0,
TXN02732,2026-02-17 06:16:38,USR00097,USR00338,1163.6,Entertainment,P2P,Bengaluru,Web,GPay,0,
TXN08690,2026-02-17 06:28:58,USR00308,USR00348,2809.27,P2P Transfer,P2P,Surat,Tablet,BHIM,0,
TXN05855,2026-02-17 06:36:21,USR00285,USR00133,3184.51,Entertainment,P2P,Mumbai,Web,Paytm,0,
TXN07197,2026-02-17 06:37:41,USR00034,USR00305,1663.44,Fuel,P2P,Mumbai,Web,Paytm,0,
TXN05997,2026-02-17 06:44:08,USR00094,USR00185,5007.72,Fuel,P2P,Pune,Web,GPay,0,
TXN04601,2026-02-17 07:26:06,USR00239,USR00249,9379.39,Healthcare,P2M,Nagpur,Web,AmazonPay,0,
TXN03008,2026-02-17 07:43:30,USR00193,USR00370,504.43,P2P Transfer,P2P,Chennai,Tablet,PhonePe,0,
TXN02023,2026-02-17 07:51:37,USR00186,USR00114,5003.54,Utilities,P2M,Jaipur,Tablet,GPay,0,
TXN08082,2026-02-17 07:55:54,USR00433,USR00336,12139.53,Healthcare,P2M,Jaipur,iPhone,AmazonPay,0,
TXN06013,2026-02-17 08:02:48,USR00282,USR00325,2916.77,Food Delivery,P2M,Pune,Android_Phone,GPay,0,
TXN03020,2026-02-17 08:16:11,USR00125,USR00394,93.88,Shopping,P2P,Bengaluru,iPhone,AmazonPay,0,
TXN08820,2026-02-17 08:26:45,USR00063,USR00415,6093.88,Healthcare,P2M,Bengaluru,Android_Phone,Paytm,0,
TXN06746,2026-02-17 08:39:12,USR00131,USR00361,9365.81,Food Delivery,P2P,Ahmedabad,Web,BHIM,0,
TXN09822,2026-02-17 08:47:02,USR00144,USR00396,1533.51,Utilities,P2P,Chennai,Tablet,Paytm,1,"new_location,high_amount"
TXN09683,2026-02-17 08:50:14,USR00466,USR00365,354.57,P2P Transfer,P2P,Kolkata,Android_Phone,BHIM,1,new_receiver
TXN02143,2026-02-17 08:55:29,USR00368,USR00018,1337.14,Healthcare,P2M,Lucknow,Android_Phone,AmazonPay,0,
TXN02455,2026-02-17 09:05:31,USR00093,USR00380,908.8,Utilities,P2P,Surat,Web,BHIM,0,
TXN06208,2026-02-17 09:12:54,USR00032,USR00407,501.08,Rent,P2M,Chennai,Tablet,PhonePe,0,
TXN07223,2026-02-17 09:19:07,USR00168,USR00478,433.92,Food Delivery,P2P,Chennai,Tablet,Paytm,0,
TXN01280,2026-02-17 09:47:01,USR00451,USR00381,3052.6,Entertainment,P2P,Jaipur,iPhone,PhonePe,0,
TXN09226,2026-02-17 09:55:41,USR00348,USR00386,261.27,Education,P2P,Pune,Tablet,AmazonPay,0,
TXN01062,2026-02-17 10:01:47,USR00350,USR00238,241.79,Rent,P2M,Bengaluru,iPhone,PhonePe,0,
TXN02845,2026-02-17 10:12:43,USR00013,USR00386,241.2,Food Delivery,P2M,Pune,Tablet,BHIM,0,
TXN07767,2026-02-17 10:19:56,USR00101,USR00150,48.53,Grocery,P2P,Kolkata,Web,GPay,0,
TXN07147,2026-02-17 10:20:08,USR00362,USR00092,245.19,Education,P2P,Pune,Web,AmazonPay,0,
TXN09556,2026-02-17 10:36:16,USR00377,USR00169,819.74,Education,P2M,Bengaluru,Android_Phone,BHIM,1,"new_receiver,rapid_burst"
TXN00314,2026-02-17 10:36:18,USR00056,USR00359,8039.3,Travel,P2P,Hyderabad,Web,PhonePe,0,
TXN08745,2026-02-17 10:53:05,USR00002,USR00490,1982.14,Rent,P2M,Chennai,Tablet,Paytm,0,
TXN05812,2026-02-17 11:06:39,USR00228,USR00416,952.47,Food Delivery,P2M,Lucknow,Tablet,Paytm,0,
TXN05776,2026-02-17 11:41:53,USR00136,USR00032,490.86,Education,P2P,Nagpur,Tablet,BHIM,0,
TXN03985,2026-02-17 11:44:21,USR00311,USR00150,363.08,Rent,P2M,Chennai,Tablet,GPay,0,
TXN05602,2026-02-17 11:56:50,USR00121,USR00197,543.67,Fuel,P2M,Delhi,Web,AmazonPay,0,
TXN01255,2026-02-17 11:58:53,USR00423,USR00124,637.4,Grocery,P2P,Hyderabad,iPhone,GPay,0,
TXN01785,2026-02-17 12:03:44,USR00349,USR00263,13562.85,Grocery,P2M,Bengaluru,Android_Phone,BHIM,0,
TXN10090,2026-02-17 12:04:00,USR00465,USR00087,2183.8,Travel,P2P,Kolkata,iPhone,AmazonPay,1,rapid_burst
TXN10091,2026-02-17 12:05:00,USR00465,USR00022,1570.15,Rent,P2P,Kolkata,iPhone,AmazonPay,1,rapid_burst
TXN00800,2026-02-17 12:08:39,USR00297,USR00121,14115.95,P2P Transfer,P2M,Mumbai,Tablet,GPay,0,
TXN10092,2026-02-17 12:10:00,USR00465,USR00171,1757.69,Grocery,P2M,Kolkata,iPhone,AmazonPay,1,rapid_burst
TXN03583,2026-02-17 12:13:02,USR00078,USR00467,2658.52,Travel,P2M,Mumbai,Tablet,BHIM,0,
TXN04169,2026-02-17 12:31:18,USR00047,USR00013,2203.42,Entertainment,P2M,Ahmedabad,iPhone,BHIM,0,
TXN01617,2026-02-17 12:33:16,USR00056,USR00264,6367.22,Food Delivery,P2M,Hyderabad,Web,PhonePe,0,
TXN08053,2026-02-17 12:57:44,USR00218,USR00419,517.95,Shopping,P2M,Nagpur,Web,BHIM,0,
TXN00763,2026-02-17 13:06:03,USR00225,USR00207,49.21,Healthcare,P2M,Chennai,iPhone,PhonePe,0,
TXN00007,2026-02-17 13:07:37,USR00290,USR00288,80.95,Food Delivery,P2P,Ahmedabad,Tablet,GPay,0,
TXN08814,2026-02-17 13:08:30,USR00197,USR00189,5775.22,Healthcare,P2P,Chennai,Tablet,GPay,0,
TXN05221,2026-02-17 13:25:39,USR00251,USR00472,13244.81,Utilities,P2M,Mumbai,Android_Phone,BHIM,0,
TXN06448,2026-02-17 13:52:08,USR00326,USR00378,341.76,Entertainment,P2M,Chennai,Web,GPay,0,
TXN00704,2026-02-17 13:53:52,USR00013,USR00365,172.72,P2P Transfer,P2M,Pune,Tablet,BHIM,0,
TXN09828,2026-02-17 14:01:01,USR00453,USR00413,71.92,Healthcare,P2M,Surat,Tablet,AmazonPay,1,new_receiver
TXN03419,2026-02-17 14:33:49,USR00383,USR00411,288.16,Travel,P2P,Kolkata,Android_Phone,BHIM,0,
TXN09264,2026-02-17 14:50:52,USR00241,USR00023,3776.41,Travel,P2P,Chennai,Tablet,BHIM,0,
TXN05630,2026-02-17 14:59:22,USR00243,USR00320,7010.4,Fuel,P2M,Chennai,Android_Phone,Paytm,0,
TXN09323,2026-02-17 15:07:13,USR00165,USR00211,365.23,Entertainment,P2P,Mumbai,iPhone,PhonePe,0,
TXN08490,2026-02-17 15:12:29,USR00489,USR00416,2417.47,P2P Transfer,P2P,Ahmedabad,Android_Phone,BHIM,0,
TXN05928,2026-02-17 15:13:57,USR00040,USR00453,2886.31,Rent,P2P,Ahmedabad,Android_Phone,BHIM,0,
TXN05539,2026-02-17 15:45:09,USR00476,USR00370,10860.3,Fuel,P2M,Delhi,Android_Phone,AmazonPay,0,
TXN00134,2026-02-17 15:49:31,USR00265,USR00149,266.19,Fuel,P2P,Surat,Tablet,Paytm,0,
TXN02085,2026-02-17 15:55:14,USR00297,USR00455,10858.89,Grocery,P2M,Mumbai,Tablet,GPay,0,
TXN09464,2026-02-17 15:55:48,USR00383,USR00352,2415.29,Travel,P2P,Nagpur,Android_Phone,BHIM,1,"high_amount,new_location"
TXN04749,2026-02-17 16:00:46,USR00253,USR00029,330.26,Travel,P2M,Hyderabad,Android_Phone,PhonePe,0,
TXN00733,2026-02-17 16:09:49,USR00110,USR00202,248.5,Food Delivery,P2P,Jaipur,Tablet,GPay,0,
TXN01788,2026-02-17 16:17:16,USR00398,USR00384,23198.94,Travel,P2M,Kolkata,Web,GPay,0,
TXN05964,2026-02-17 16:23:29,USR00091,USR00241,132.41,Food Delivery,P2M,Surat,Tablet,GPay,0,
TXN05484,2026-02-17 16:24:39,USR00313,USR00398,1081.32,Utilities,P2M,Chennai,iPhone,Paytm,0,
TXN06470,2026-02-17 16:24:50,USR00310,USR00065,2711.39,Education,P2P,Hyderabad,iPhone,Paytm,0,
TXN00250,2026-02-17 16:39:11,USR00387,USR00113,1079.46,Rent,P2M,Delhi,Tablet,Paytm,0,
TXN04063,2026-02-17 16:40:04,USR00241,USR00023,4874.0,Education,P2P,Chennai,Tablet,BHIM,0,
TXN09450,2026-02-17 17:14:44,USR00394,USR00180,62639.51,Education,P2M,Chennai,iPhone,Paytm,1,high_amount
TXN05166,2026-02-17 17:18:18,USR00031,USR00403,1135.55,Travel,P2M,Hyderabad,iPhone,BHIM,0,
TXN03615,2026-02-17 17:23:04,USR00233,USR00137,8515.89,P2P Transfer,P2M,Lucknow,Android_Phone,AmazonPay,0,
TXN09893,2026-02-17 17:44:40,USR00103,USR00049,318.01,Rent,P2P,Jaipur,Android_Phone,Paytm,1,new_location
TXN08295,2026-02-17 18:20:14,USR00009,USR00197,2895.75,Food Delivery,P2M,Lucknow,Tablet,AmazonPay,0,
TXN04393,2026-02-17 18:24:10,USR00063,USR00288,5019.06,Education,P2M,Bengaluru,Android_Phone,Paytm,0,
TXN00964,2026-02-17 18:39:49,USR00299,USR00096,398.17,Entertainment,P2P,Nagpur,Web,PhonePe,0,
TXN04637,2026-02-17 18:44:19,USR00161,USR00365,81.89,Education,P2P,Mumbai,Android_Phone,BHIM,0,
TXN03040,2026-02-17 18:52:21,USR00196,USR00157,503.81,Food Delivery,P2M,Hyderabad,Web,Paytm,0,
TXN06191,2026-02-17 19:16:12,USR00315,USR00102,224.92,Entertainment,P2P,Mumbai,Tablet,Paytm,0,
TXN09262,2026-02-17 19:17:56,USR00203,USR00269,291.16,Rent,P2P,Delhi,Android_Phone,Paytm,0,
TXN02016,2026-02-17 19:19:55,USR00463,USR00069,2913.79,Food Delivery,P2P,Lucknow,iPhone,PhonePe,0,
TXN02781,2026-02-17 19:25:34,USR00332,USR00258,13737.2,Grocery,P2P,Surat,Android_Phone,BHIM,0,
TXN02369,2026-02-17 19:38:14,USR00350,USR00238,352.79,Healthcare,P2M,Bengaluru,iPhone,PhonePe,0,
TXN01680,2026-02-17 19:48:18,USR00080,USR00400,10576.11,Utilities,P2M,Delhi,iPhone,BHIM,0,
TXN06955,2026-02-17 20:10:39,USR00367,USR00439,1542.15,Entertainment,P2P,Surat,iPhone,AmazonPay,0,
TXN06388,2026-02-17 20:24:38,USR00149,USR00066,825.55,P2P Transfer,P2P,Jaipur,iPhone,GPay,0,
TXN01330,2026-02-17 20:31:19,USR00380,USR00246,12358.72,Fuel,P2P,Jaipur,Android_Phone,AmazonPay,0,
TXN04817,2026-02-17 20:38:05,USR00085,USR00153,385.48,Grocery,P2P,Delhi,iPhone,BHIM,0,
TXN00101,2026-02-17 21:18:49,USR00116,USR00090,2383.59,Utilities,P2M,Surat,iPhone,BHIM,0,
TXN03536,2026-02-17 21:36:29,USR00352,USR00109,570.21,Shopping,P2P,Jaipur,Tablet,Paytm,0,
TXN03640,2026-02-17 21:45:49,USR00255,USR00447,4820.05,Grocery,P2P,Bengaluru,Web,Paytm,0,
TXN02633,2026-02-17 21:57:41,USR00078,USR00361,1591.99,Fuel,P2P,Mumbai,Tablet,BHIM,0,
TXN02355,2026-02-17 21:58:00,USR00473,USR00294,10626.72,Grocery,P2P,Hyderabad,Web,AmazonPay,0,
TXN02977,2026-02-17 22:04:35,USR00437,USR00420,376.31,Rent,P2M,Pune,iPhone,Paytm,0,
TXN04285,2026-02-17 22:07:08,USR00381,USR00411,7973.94,Travel,P2P,Ahmedabad,iPhone,AmazonPay,0,
TXN02608,2026-02-17 22:07:18,USR00315,USR00102,460.84,Travel,P2M,Mumbai,Tablet,Paytm,0,
TXN01413,2026-02-17 22:13:19,USR00175,USR00414,1466.84,P2P Transfer,P2M,Bengaluru,Tablet,PhonePe,0,
TXN02293,2026-02-17 22:36:46,USR00014,USR00117,2784.43,Utilities,P2M,Mumbai,Web,GPay,0,
TXN09883,2026-02-18 01:02:11,USR00156,USR00478,7125.67,Utilities,P2P,Pune,Tablet,AmazonPay,1,"rapid_burst,odd_hour"
TXN09861,2026-02-18 01:13:17,USR00158,USR00055,491.16,Education,P2P,Lucknow,Tablet,BHIM,1,odd_hour
TXN09760,2026-02-18 01:38:25,USR00285,USR00037,3873.87,Food Delivery,P2P,Chennai,Web,Paytm,1,"odd_hour,new_location"
TXN08714,2026-02-18 06:06:19,USR00135,USR00375,280.79,Fuel,P2M,Chennai,Android_Phone,GPay,0,
TXN02188,2026-02-18 06:11:52,USR00207,USR00288,14217.92,Fuel,P2P,Nagpur,iPhone,PhonePe,0,
TXN06892,2026-02-18 06:52:45,USR00324,USR00169,10202.14,Entertainment,P2P,Nagpur,iPhone,GPay,0,
TXN01484,2026-02-18 07:23:03,USR00433,USR00098,12978.74,Food Delivery,P2P,Jaipur,iPhone,AmazonPay,0,
TXN05023,2026-02-18 07:24:36,USR00405,USR00332,3622.07,Shopping,P2P,Lucknow,iPhone,Paytm,0,
TXN01768,2026-02-18 07:34:09,USR00186,USR00372,6515.96,Rent,P2P,Jaipur,Tablet,GPay,0,
TXN09136,2026-02-18 08:06:38,USR00330,USR00023,14066.93,Fuel,P2P,Delhi,Tablet,Paytm,0,
TXN07322,2026-02-18 08:17:14,USR00272,USR00151,8077.09,Food Delivery,P2M,Lucknow,Android_Phone,AmazonPay,0,
TXN01514,2026-02-18 08:21:42,USR00495,USR00055,12863.71,Rent,P2M,Kolkata,Web,AmazonPay,0,
TXN02761,2026-02-18 08:25:51,USR00219,USR00205,853.56,P2P Transfer,P2M,Delhi,Tablet,AmazonPay,0,
TXN09085,2026-02-18 08:44:27,USR00122,USR00066,313.09,P2P Transfer,P2P,Hyderabad,Web,Paytm,0,
TXN01674,2026-02-18 08:45:48,USR00264,USR00297,102.89,Travel,P2P,Ahmedabad,Web,AmazonPay,0,
TXN01459,2026-02-18 08:52:35,USR00129,USR00046,8239.19,Grocery,P2P,Ahmedabad,Web,PhonePe,0,
TXN06210,2026-02-18 08:54:44,USR00244,USR00303,17675.42,Shopping,P2M,Ahmedabad,iPhone,PhonePe,0,
TXN10163,2026-02-18 09:02:00,USR00022,USR00342,8599.57,Healthcare,P2M,Hyderabad,Web,PhonePe,1,rapid_burst
TXN10164,2026-02-18 09:04:00,USR00022,USR00342,5875.8,Fuel,P2M,Hyderabad,Web,PhonePe,1,rapid_burst
TXN10165,2026-02-18 09:06:00,USR00022,USR00160,6718.99,Fuel,P2P,Hyderabad,Web,PhonePe,1,rapid_burst
TXN10166,2026-02-18 09:08:00,USR00022,USR00160,6405.64,Grocery,P2M,Hyderabad,Web,PhonePe,1,rapid_burst
TXN07311,2026-02-18 09:09:14,USR00026,USR00175,1983.47,Grocery,P2M,Lucknow,Web,Paytm,0,
TXN10167,2026-02-18 09:14:00,USR00022,USR00366,5317.84,Food Delivery,P2M,Hyderabad,Web,PhonePe,1,rapid_burst
TXN09628,2026-02-18 09:19:50,USR00321,USR00078,129.84,Education,P2M,Lucknow,Android_Phone,GPay,1,"rapid_burst,new_location"
TXN05000,2026-02-18 09:22:41,USR00364,USR00099,14562.05,Travel,P2M,Lucknow,Web,Paytm,0,
TXN05193,2026-02-18 09:28:02,USR00457,USR00351,7110.78,P2P Transfer,P2P,Lucknow,Web,GPay,0,
TXN07562,2026-02-18 09:33:16,USR00296,USR00292,242.9,Grocery,P2P,Kolkata,Web,AmazonPay,0,
TXN02020,2026-02-18 09:34:46,USR00283,USR00000,10943.3,Utilities,P2M,Chennai,Android_Phone,GPay,0,
TXN04688,2026-02-18 09:37:44,USR00375,USR00418,1827.01,Education,P2M,Bengaluru,iPhone,PhonePe,0,
TXN02581,2026-02-18 09:54:40,USR00132,USR00121,10123.47,Rent,P2M,Delhi,Tablet,PhonePe,0,
TXN02180,2026-02-18 10:02:06,USR00424,USR00173,984.43,Education,P2P,Surat,Android_Phone,GPay,0,
TXN00861,2026-02-18 10:24:28,USR00253,USR00373,342.03,Shopping,P2P,Hyderabad,Android_Phone,PhonePe,0,
TXN04810,2026-02-18 10:42:27,USR00068,USR00352,945.97,Rent,P2M,Ahmedabad,Web,Paytm,0,
TXN00796,2026-02-18 10:50:56,USR00279,USR00037,3367.03,Food Delivery,P2P,Delhi,iPhone,BHIM,0,
TXN00884,2026-02-18 10:53:37,USR00481,USR00191,1237.05,Rent,P2P,Bengaluru,Web,GPay,0,
TXN08998,2026-02-18 10:59:13,USR00414,USR00280,10496.07,Shopping,P2P,Hyderabad,Tablet,BHIM,0,
TXN04254,2026-02-18 11:17:40,USR00212,USR00197,379.31,Education,P2P,Lucknow,Android_Phone,BHIM,0,
TXN05144,2026-02-18 11:19:53,USR00339,USR00337,7167.96,Entertainment,P2P,Mumbai,Tablet,AmazonPay,0,
TXN08606,2026-02-18 11:32:11,USR00374,USR00451,15011.21,P2P Transfer,P2M,Ahmedabad,Tablet,PhonePe,0,
TXN04148,2026-02-18 11:38:00,USR00430,USR00016,15609.62,Entertainment,P2M,Delhi,iPhone,BHIM,0,
TXN09124,2026-02-18 11:42:25,USR00233,USR00137,11165.32,Shopping,P2M,Lucknow,Android_Phone,AmazonPay,0,
TXN03170,2026-02-18 11:52:40,USR00036,USR00341,214.83,Rent,P2M,Nagpur,Android_Phone,Paytm,0,
TXN01083,2026-02-18 11:55:59,USR00267,USR00046,304.22,Rent,P2P,Hyderabad,Tablet,Paytm,0,
TXN01426,2026-02-18 12:02:19,USR00198,USR00168,598.91,Shopping,P2M,Bengaluru,Web,AmazonPay,0,
TXN04223,2026-02-18 12:04:05,USR00440,USR00434,5998.11,P2P Transfer,P2P,Delhi,Tablet,AmazonPay,0,
TXN03845,2026-02-18 12:06:25,USR00069,USR00046,1327.72,Grocery,P2P,Lucknow,Web,AmazonPay,0,
TXN01957,2026-02-18 12:24:43,USR00024,USR00125,2164.93,Travel,P2M,Chennai,iPhone,Paytm,0,
TXN00399,2026-02-18 12:36:10,USR00156,USR00167,9530.54,Entertainment,P2P,Pune,Tablet,AmazonPay,0,
TXN07199,2026-02-18 12:39:31,USR00217,USR00349,11845.54,Fuel,P2P,Delhi,Web,AmazonPay,0,
TXN06274,2026-02-18 12:48:18,USR00145,USR00460,8159.83,Entertainment,P2M,Ahmedabad,Android_Phone,GPay,0,
TXN05120,2026-02-18 12:51:55,USR00058,USR00176,8574.44,Rent,P2M,Hyderabad,iPhone,AmazonPay,0,
TXN09518,2026-02-18 12:58:33,USR00457,USR00179,7395.96,Fuel,P2M,Lucknow,Web,GPay,1,new_receiver
TXN09632,2026-02-18 12:58:49,USR00214,USR00483,1574.25,Grocery,P2M,Nagpur,Android_Phone,BHIM,1,new_location
TXN01929,2026-02-18 13:24:34,USR00427,USR00000,1523.31,Entertainment,P2M,Jaipur,Web,AmazonPay,0,
TXN07833,2026-02-18 13:25:03,USR00204,USR00153,2158.55,Education,P2P,Nagpur,iPhone,GPay,0,
TXN07663,2026-02-18 13:39:06,USR00049,USR00035,10.0,Healthcare,P2P,Chennai,Android_Phone,GPay,0,
TXN02171,2026-02-18 13:39:22,USR00062,USR00026,361.74,Utilities,P2M,Chennai,Tablet,BHIM,0,
TXN09311,2026-02-18 13:42:27,USR00214,USR00320,1525.45,Healthcare,P2M,Chennai,Android_Phone,BHIM,0,
TXN09046,2026-02-18 13:47:03,USR00143,USR00293,2989.33,Food Delivery,P2P,Chennai,Web,Paytm,0,
TXN02086,2026-02-18 13:48:54,USR00251,USR00020,15297.24,Fuel,P2M,Mumbai,Android_Phone,BHIM,0,
TXN08931,2026-02-18 14:05:58,USR00341,USR00203,7922.33,P2P Transfer,P2P,Lucknow,Tablet,Paytm,0,
TXN04647,2026-02-18 14:18:41,USR00249,USR00401,14447.53,Grocery,P2M,Nagpur,iPhone,PhonePe,0,
TXN02106,2026-02-18 14:35:33,USR00085,USR00483,355.64,Grocery,P2M,Delhi,iPhone,BHIM,0,
TXN01139,2026-02-18 14:37:52,USR00101,USR00271,58.7,Food Delivery,P2P,Kolkata,Web,GPay,0,
TXN07672,2026-02-18 14:52:34,USR00123,USR00009,6820.5,Travel,P2P,Surat,Android_Phone,PhonePe,0,
TXN00517,2026-02-18 15:03:51,USR00253,USR00433,304.01,Utilities,P2P,Hyderabad,Android_Phone,PhonePe,0,
TXN09529,2026-02-18 15:13:13,USR00062,USR00494,440.95,Food Delivery,P2P,Chennai,Android_Phone,BHIM,1,new_device
TXN08057,2026-02-18 15:22:27,USR00431,USR00475,9220.12,P2P Transfer,P2M,Pune,Android_Phone,GPay,0,
TXN04132,2026-02-18 15:33:27,USR00444,USR00397,322.88,Utilities,P2M,Pune,iPhone,BHIM,0,
TXN02108,2026-02-18 15:38:09,USR00034,USR00222,791.49,Utilities,P2M,Mumbai,Web,Paytm,0,
TXN06581,2026-02-18 15:41:25,USR00447,USR00411,697.63,Food Delivery,P2M,Mumbai,Web,BHIM,0,
TXN09998,2026-02-18 15:42:02,USR00040,USR00453,1955.47,Fuel,P2P,Ahmedabad,Android_Phone,BHIM,1,rapid_burst
TXN06533,2026-02-18 15:46:42,USR00317,USR00152,366.48,Utilities,P2P,Delhi,iPhone,Paytm,0,
TXN03371,2026-02-18 16:03:06,USR00125,USR00394,85.85,Entertainment,P2P,Bengaluru,iPhone,AmazonPay,0,
TXN03100,2026-02-18 16:55:00,USR00013,USR00102,187.9,Grocery,P2P,Pune,Tablet,BHIM,0,
TXN03665,2026-02-18 16:58:28,USR00043,USR00398,1807.45,Travel,P2P,Pune,Web,PhonePe,0,
TXN00566,2026-02-18 17:10:23,USR00216,USR00493,793.61,Fuel,P2P,Chennai,Tablet,Paytm,0,
TXN01501,2026-02-18 17:24:19,USR00309,USR00273,7516.02,Grocery,P2M,Chennai,iPhone,BHIM,0,
TXN01906,2026-02-18 17:38:35,USR00416,USR00326,3544.88,Entertainment,P2P,Bengaluru,Android_Phone,BHIM,0,
TXN00971,2026-02-18 17:49:24,USR00286,USR00220,319.7,Education,P2M,Chennai,Android_Phone,PhonePe,0,
TXN03888,2026-02-18 17:49:40,USR00448,USR00357,6005.06,Travel,P2M,Jaipur,Web,GPay,0,
TXN07856,2026-02-18 18:15:52,USR00421,USR00199,2104.42,Utilities,P2P,Jaipur,Android_Phone,Paytm,0,
TXN04930,2026-02-18 18:24:00,USR00332,USR00434,11836.34,Fuel,P2M,Surat,Android_Phone,BHIM,0,
TXN01386,2026-02-18 18:46:36,USR00155,USR00238,224.78,Food Delivery,P2P,Chennai,Android_Phone,BHIM,0,
TXN01786,2026-02-18 18:46:39,USR00386,USR00205,495.28,Rent,P2M,Delhi,iPhone,Paytm,0,
TXN08977,2026-02-18 18:54:06,USR00346,USR00444,155.67,Rent,P2M,Chennai,Android_Phone,AmazonPay,0,
TXN03002,2026-02-18 18:54:56,USR00248,USR00127,15909.09,Food Delivery,P2M,Pune,iPhone,AmazonPay,0,
TXN09798,2026-02-18 18:59:53,USR00374,USR00084,10863.33,Grocery,P2M,Hyderabad,Tablet,PhonePe,1,new_location
TXN05585,2026-02-18 19:01:36,USR00499,USR00207,917.73,P2P Transfer,P2P,Surat,Tablet,BHIM,0,
TXN04222,2026-02-18 19:07:06,USR00212,USR00442,364.2,Healthcare,P2P,Lucknow,Android_Phone,BHIM,0,
TXN09140,2026-02-18 19:47:44,USR00305,USR00495,451.48,Education,P2M,Hyderabad,iPhone,Paytm,0,
TXN05773,2026-02-18 20:03:07,USR00231,USR00253,1608.79,Travel,P2P,Pune,iPhone,BHIM,0,
TXN00827,2026-02-18 20:08:40,USR00055,USR00253,51.71,Travel,P2P,Lucknow,Tablet,Paytm,0,
TXN05576,2026-02-18 20:12:53,USR00228,USR00344,1062.13,Rent,P2M,Lucknow,Tablet,Paytm,0,
TXN07206,2026-02-18 20:15:20,USR00459,USR00033,12045.72,Food Delivery,P2M,Pune,Tablet,PhonePe,0,
TXN07807,2026-02-18 20:21:29,USR00407,USR00149,1862.71,Shopping,P2P,Pune,Web,Paytm,0,
TXN03568,2026-02-18 20:22:27,USR00271,USR00218,252.91,P2P Transfer,P2P,Nagpur,Tablet,PhonePe,0,
TXN07456,2026-02-18 20:27:27,USR00233,USR00137,9153.71,Healthcare,P2M,Lucknow,Android_Phone,AmazonPay,0,
TXN03832,2026-02-18 20:33:32,USR00483,USR00198,12642.17,Education,P2M,Nagpur,iPhone,AmazonPay,0,
TXN07817,2026-02-18 20:37:13,USR00044,USR00355,9038.36,Healthcare,P2P,Chennai,Web,PhonePe,0,
TXN01228,2026-02-18 20:44:30,USR00412,USR00465,2076.76,Fuel,P2P,Jaipur,Tablet,GPay,0,
TXN04419,2026-02-18 20:45:02,USR00222,USR00247,129.46,Travel,P2M,Chennai,iPhone,Paytm,0,
TXN05978,2026-02-18 20:48:04,USR00200,USR00433,819.71,Healthcare,P2P,Jaipur,Android_Phone,GPay,0,
TXN07080,2026-02-18 20:52:26,USR00482,USR00472,61.17,Education,P2M,Jaipur,Tablet,BHIM,0,
TXN02123,2026-02-18 20:55:38,USR00240,USR00203,508.03,Utilities,P2P,Delhi,Web,BHIM,0,
TXN07361,2026-02-18 20:58:29,USR00002,USR00390,1796.94,P2P Transfer,P2M,Chennai,Tablet,Paytm,0,
TXN05543,2026-02-18 21:05:16,USR00093,USR00079,1467.26,Rent,P2P,Surat,Web,BHIM,0,
TXN06031,2026-02-18 21:20:32,USR00278,USR00367,364.32,Healthcare,P2P,Bengaluru,iPhone,Paytm,0,
TXN00435,2026-02-18 21:21:47,USR00327,USR00190,11324.95,Shopping,P2M,Lucknow,Tablet,Paytm,0,
TXN01927,2026-02-18 21:22:06,USR00170,USR00379,5574.77,P2P Transfer,P2M,Bengaluru,Web,AmazonPay,0,
TXN09684,2026-02-18 21:28:48,USR00337,USR00493,3368.81,Healthcare,P2P,Chennai,Android_Phone,Paytm,1,rapid_burst
TXN01361,2026-02-18 21:35:01,USR00425,USR00193,1710.49,Healthcare,P2M,Ahmedabad,Web,Paytm,0,
TXN04441,2026-02-18 21:45:08,USR00001,USR00013,5110.67,Travel,P2P,Pune,iPhone,AmazonPay,0,
TXN01962,2026-02-18 21:50:08,USR00132,USR00154,7190.92,Healthcare,P2M,Delhi,Tablet,PhonePe,0,
TXN05346,2026-02-18 21:57:52,USR00465,USR00022,1849.4,Entertainment,P2M,Kolkata,iPhone,AmazonPay,0,
TXN04313,2026-02-18 22:10:09,USR00438,USR00127,10799.57,Fuel,P2M,Chennai,Web,AmazonPay,0,
TXN09956,2026-02-18 22:17:08,USR00221,USR00265,507.57,Rent,P2P,Ahmedabad,Android_Phone,AmazonPay,1,new_location
TXN00901,2026-02-18 22:20:28,USR00345,USR00402,2313.75,Travel,P2M,Pune,Android_Phone,Paytm,0,
TXN07259,2026-02-18 22:27:18,USR00234,USR00134,191.89,Rent,P2P,Hyderabad,iPhone,Paytm,0,
TXN00469,2026-02-18 22:27:54,USR00010,USR00057,7505.35,Entertainment,P2P,Surat,Web,BHIM,0,
TXN08318,2026-02-18 22:31:52,USR00070,USR00223,1685.98,Entertainment,P2P,Hyderabad,Tablet,BHIM,0,
TXN06142,2026-02-18 22:44:19,USR00175,USR00414,1025.12,Fuel,P2M,Bengaluru,Tablet,PhonePe,0,
TXN04426,2026-02-18 22:59:19,USR00302,USR00015,3805.49,Education,P2M,Surat,Tablet,PhonePe,0,
TXN10107,2026-02-19 02:48:00,USR00117,USR00140,766.17,Education,P2P,Ahmedabad,Android_Phone,GPay,1,rapid_burst
TXN10108,2026-02-19 02:51:00,USR00117,USR00140,645.72,P2P Transfer,P2M,Ahmedabad,Android_Phone,GPay,1,rapid_burst
TXN10109,2026-02-19 02:54:00,USR00117,USR00140,721.7,Travel,P2P,Ahmedabad,Android_Phone,GPay,1,rapid_burst
TXN10110,2026-02-19 02:54:00,USR00117,USR00155,686.35,Healthcare,P2M,Ahmedabad,Android_Phone,GPay,1,rapid_burst
TXN10111,2026-02-19 02:56:00,USR00117,USR00323,873.16,Entertainment,P2P,Ahmedabad,Android_Phone,GPay,1,rapid_burst
TXN10112,2026-02-19 02:58:00,USR00117,USR00302,828.15,Utilities,P2M,Ahmedabad,Android_Phone,GPay,1,rapid_burst
TXN02495,2026-02-19 06:00:34,USR00378,USR00406,561.63,Entertainment,P2P,Pune,iPhone,PhonePe,0,
TXN05896,2026-02-19 06:12:43,USR00300,USR00435,1312.99,P2P Transfer,P2M,Nagpur,Web,AmazonPay,0,
TXN03875,2026-02-19 06:29:06,USR00405,USR00275,3144.94,Rent,P2M,Lucknow,iPhone,Paytm,0,
TXN04627,2026-02-19 06:29:55,USR00357,USR00037,10360.35,Utilities,P2P,Mumbai,Web,PhonePe,0,
TXN07958,2026-02-19 06:42:21,USR00430,USR00050,9568.8,Shopping,P2M,Delhi,iPhone,BHIM,0,
TXN02441,2026-02-19 06:53:53,USR00403,USR00439,602.77,Grocery,P2P,Ahmedabad,Web,GPay,0,
TXN00423,2026-02-19 06:57:55,USR00244,USR00067,6116.38,Utilities,P2P,Ahmedabad,iPhone,PhonePe,0,
TXN08559,2026-02-19 07:03:23,USR00095,USR00305,57.42,Food Delivery,P2P,Delhi,Tablet,GPay,0,
TXN06839,2026-02-19 07:04:16,USR00103,USR00049,406.91,Grocery,P2P,Delhi,Android_Phone,Paytm,0,
TXN06699,2026-02-19 07:09:31,USR00307,USR00335,8129.98,P2P Transfer,P2M,Hyderabad,Web,Paytm,0,
TXN06648,2026-02-19 07:11:51,USR00469,USR00044,783.13,Education,P2M,Mumbai,iPhone,GPay,0,
TXN02128,2026-02-19 07:14:44,USR00488,USR00428,202.51,Utilities,P2P,Bengaluru,Tablet,BHIM,0,
TXN02305,2026-02-19 07:19:19,USR00134,USR00259,2176.43,Rent,P2P,Delhi,Web,BHIM,0,
TXN04364,2026-02-19 07:25:06,USR00276,USR00121,2528.99,Utilities,P2M,Bengaluru,Web,Paytm,0,
TXN03226,2026-02-19 07:25:42,USR00144,USR00287,190.24,Food Delivery,P2M,Jaipur,Tablet,Paytm,0,
TXN02897,2026-02-19 07:44:04,USR00267,USR00436,331.9,Entertainment,P2M,Hyderabad,Tablet,Paytm,0,
TXN09150,2026-02-19 07:47:04,USR00326,USR00048,184.55,Education,P2M,Chennai,Web,GPay,0,
TXN03681,2026-02-19 07:50:58,USR00311,USR00150,212.33,P2P Transfer,P2P,Chennai,Tablet,GPay,0,
TXN09056,2026-02-19 07:58:44,USR00250,USR00429,1460.52,Utilities,P2M,Chennai,Android_Phone,AmazonPay,0,
TXN00475,2026-02-19 07:59:36,USR00471,USR00281,4134.04,Shopping,P2M,Delhi,Tablet,PhonePe,0,
TXN02582,2026-02-19 08:01:09,USR00082,USR00153,443.08,Entertainment,P2M,Ahmedabad,Android_Phone,GPay,0,
TXN10211,2026-02-19 08:06:00,USR00425,USR00352,2263.35,Utilities,P2P,Ahmedabad,Web,Paytm,1,rapid_burst
TXN10212,2026-02-19 08:07:00,USR00425,USR00010,2044.65,Utilities,P2P,Ahmedabad,Web,Paytm,1,rapid_burst
TXN10213,2026-02-19 08:08:00,USR00425,USR00352,2800.55,Entertainment,P2M,Ahmedabad,Web,Paytm,1,rapid_burst
TXN10214,2026-02-19 08:09:00,USR00425,USR00352,2898.32,Healthcare,P2P,Ahmedabad,Web,Paytm,1,rapid_burst
TXN10215,2026-02-19 08:10:00,USR00425,USR00193,3212.27,Fuel,P2M,Ahmedabad,Web,Paytm,1,rapid_burst
TXN08024,2026-02-19 08:10:41,USR00273,USR00183,4772.92,Education,P2M,Surat,iPhone,BHIM,0,
TXN09353,2026-02-19 08:27:25,USR00407,USR00363,1222.64,Shopping,P2P,Pune,Web,Paytm,0,
TXN02826,2026-02-19 08:33:25,USR00003,USR00413,3433.67,Fuel,P2P,Lucknow,Web,AmazonPay,0,
TXN08391,2026-02-19 08:37:04,USR00277,USR00308,9072.01,Entertainment,P2M,Bengaluru,Web,PhonePe,0,
TXN02179,2026-02-19 08:38:31,USR00261,USR00401,13866.06,Travel,P2P,Hyderabad,iPhone,Paytm,0,
TXN05099,2026-02-19 08:40:10,USR00458,USR00251,909.72,Food Delivery,P2M,Bengaluru,Web,PhonePe,0,
TXN09208,2026-02-19 08:55:15,USR00324,USR00343,10509.61,Utilities,P2M,Nagpur,iPhone,GPay,0,
TXN06021,2026-02-19 09:02:47,USR00333,USR00281,1955.77,Education,P2M,Mumbai,Web,PhonePe,0,
TXN05754,2026-02-19 09:06:13,USR00236,USR00272,396.93,Food Delivery,P2P,Lucknow,Android_Phone,PhonePe,0,
TXN08707,2026-02-19 09:14:10,USR00169,USR00365,15687.98,Travel,P2M,Mumbai,Web,BHIM,0,
TXN08950,2026-02-19 09:22:58,USR00235,USR00363,2063.8,P2P Transfer,P2P,Pune,iPhone,BHIM,0,
TXN06391,2026-02-19 09:35:12,USR00402,USR00409,3147.6,Utilities,P2M,Kolkata,Tablet,PhonePe,0,
TXN02493,2026-02-19 09:36:48,USR00296,USR00335,681.23,Shopping,P2P,Kolkata,Web,AmazonPay,0,
TXN05835,2026-02-19 09:51:58,USR00171,USR00169,5078.46,P2P Transfer,P2P,Mumbai,iPhone,BHIM,0,
TXN05165,2026-02-19 10:03:15,USR00246,USR00328,3406.49,Rent,P2P,Kolkata,iPhone,GPay,0,
TXN02643,2026-02-19 10:11:38,USR00033,USR00204,464.35,Rent,P2P,Hyderabad,Android_Phone,AmazonPay,0,
TXN01233,2026-02-19 10:19:01,USR00002,USR00490,1422.1,Food Delivery,P2P,Chennai,Tablet,Paytm,0,
TXN04860,2026-02-19 10:21:42,USR00020,USR00160,395.23,Food Delivery,P2P,Lucknow,Android_Phone,BHIM,0,
TXN04469,2026-02-19 10:28:11,USR00236,USR00272,312.22,P2P Transfer,P2M,Lucknow,Android_Phone,PhonePe,0,
TXN07879,2026-02-19 10:28:42,USR00358,USR00199,3277.01,Food Delivery,P2M,Surat,Tablet,GPay,0,
TXN03047,2026-02-19 10:31:59,USR00148,USR00037,866.67,Utilities,P2M,Jaipur,Tablet,PhonePe,0,
TXN03569,2026-02-19 10:42:03,USR00037,USR00426,994.05,Rent,P2P,Lucknow,iPhone,Paytm,0,
TXN05187,2026-02-19 10:43:46,USR00487,USR00462,289.86,P2P Transfer,P2P,Bengaluru,Android_Phone,GPay,0,
TXN09016,2026-02-19 10:44:21,USR00020,USR00025,460.6,Shopping,P2M,Lucknow,Android_Phone,BHIM,0,
TXN02041,2026-02-19 10:59:34,USR00214,USR00369,1618.29,Grocery,P2M,Chennai,Android_Phone,BHIM,0,
TXN03915,2026-02-19 11:03:00,USR00318,USR00485,526.13,Rent,P2P,Pune,Web,BHIM,0,
TXN07103,2026-02-19 11:05:27,USR00354,USR00370,4345.62,Healthcare,P2P,Hyderabad,Tablet,Paytm,0,
TXN08640,2026-02-19 11:17:09,USR00343,USR00355,2627.42,Rent,P2P,Nagpur,iPhone,Paytm,0,
TXN06946,2026-02-19 11:32:19,USR00280,USR00355,270.1,Entertainment,P2P,Bengaluru,Web,PhonePe,0,
TXN09139,2026-02-19 11:36:23,USR00003,USR00373,2437.22,Rent,P2M,Lucknow,Web,AmazonPay,0,
TXN03383,2026-02-19 11:52:07,USR00176,USR00423,231.24,Utilities,P2M,Bengaluru,iPhone,AmazonPay,0,
TXN08539,2026-02-19 12:03:39,USR00046,USR00459,12876.25,Utilities,P2P,Jaipur,Tablet,Paytm,0,
TXN05675,2026-02-19 12:05:35,USR00180,USR00390,1120.92,Utilities,P2M,Jaipur,Tablet,AmazonPay,0,
TXN06468,2026-02-19 12:09:01,USR00381,USR00411,10287.89,Rent,P2M,Ahmedabad,iPhone,AmazonPay,0,
TXN07784,2026-02-19 12:30:40,USR00245,USR00196,3346.6,Healthcare,P2M,Delhi,Tablet,GPay,0,
TXN08120,2026-02-19 12:35:10,USR00148,USR00393,1729.55,Healthcare,P2P,Jaipur,Tablet,PhonePe,0,
TXN09403,2026-02-19 12:40:32,USR00341,USR00140,11226.02,Education,P2P,Lucknow,Tablet,Paytm,1,rapid_burst
TXN09454,2026-02-19 12:43:33,USR00436,USR00371,8274.19,Rent,P2P,Ahmedabad,Web,GPay,1,"rapid_burst,new_location"
TXN00554,2026-02-19 13:11:22,USR00087,USR00317,114.87,Rent,P2M,Pune,Web,Paytm,0,
TXN07267,2026-02-19 13:20:06,USR00481,USR00401,1055.62,Entertainment,P2M,Bengaluru,Web,GPay,0,
TXN06237,2026-02-19 13:22:39,USR00062,USR00129,417.89,Education,P2M,Chennai,Tablet,BHIM,0,
TXN00277,2026-02-19 13:26:53,USR00067,USR00115,337.03,Education,P2P,Kolkata,iPhone,PhonePe,0,
TXN04232,2026-02-19 13:51:33,USR00380,USR00060,13018.22,Travel,P2M,Jaipur,Android_Phone,AmazonPay,0,
TXN08907,2026-02-19 13:53:34,USR00347,USR00474,2048.2,Grocery,P2M,Nagpur,Web,BHIM,0,
TXN07990,2026-02-19 14:04:54,USR00149,USR00066,679.55,Food Delivery,P2P,Jaipur,iPhone,GPay,0,
TXN07754,2026-02-19 14:07:59,USR00157,USR00483,3011.52,Utilities,P2P,Ahmedabad,Web,BHIM,0,
TXN09230,2026-02-19 14:16:09,USR00400,USR00241,709.51,Shopping,P2M,Pune,Web,Paytm,0,
TXN09490,2026-02-19 14:16:37,USR00381,USR00379,60498.57,Entertainment,P2P,Ahmedabad,iPhone,AmazonPay,1,high_amount
TXN00903,2026-02-19 14:20:48,USR00146,USR00406,349.46,Utilities,P2P,Nagpur,iPhone,PhonePe,0,
TXN00638,2026-02-19 14:26:35,USR00070,USR00223,2227.1,Travel,P2M,Hyderabad,Tablet,BHIM,0,
TXN00757,2026-02-19 14:28:55,USR00112,USR00009,390.17,Travel,P2P,Delhi,Web,BHIM,0,
TXN08799,2026-02-19 14:37:50,USR00498,USR00027,21064.95,P2P Transfer,P2P,Mumbai,Web,GPay,0,
TXN07989,2026-02-19 14:49:03,USR00294,USR00438,447.78,P2P Transfer,P2P,Delhi,Android_Phone,Paytm,0,
TXN02125,2026-02-19 15:25:10,USR00034,USR00305,1519.35,P2P Transfer,P2P,Mumbai,Web,Paytm,0,
TXN05608,2026-02-19 15:26:01,USR00444,USR00397,425.6,Rent,P2M,Pune,iPhone,BHIM,0,
TXN07957,2026-02-19 15:32:17,USR00040,USR00453,3699.14,Fuel,P2M,Ahmedabad,Android_Phone,BHIM,0,
TXN08870,2026-02-19 15:33:17,USR00393,USR00246,10354.46,Education,P2P,Lucknow,Tablet,Paytm,0,
TXN01474,2026-02-19 15:54:39,USR00076,USR00212,3867.86,Grocery,P2M,Delhi,iPhone,Paytm,0,
TXN09214,2026-02-19 15:56:13,USR00465,USR00171,1964.53,Entertainment,P2M,Kolkata,iPhone,AmazonPay,0,
TXN07829,2026-02-19 16:02:08,USR00048,USR00232,1551.15,Fuel,P2P,Kolkata,Web,BHIM,0,
TXN02195,2026-02-19 16:04:20,USR00336,USR00317,14020.96,Education,P2P,Ahmedabad,iPhone,BHIM,0,
TXN06216,2026-02-19 16:09:10,USR00320,USR00304,11718.12,Grocery,P2P,Jaipur,Web,GPay,0,
TXN01080,2026-02-19 16:16:40,USR00311,USR00299,351.61,Grocery,P2P,Chennai,Tablet,GPay,0,
TXN03395,2026-02-19 16:20:24,USR00013,USR00365,383.28,P2P Transfer,P2M,Pune,Tablet,BHIM,0,
TXN07896,2026-02-19 16:35:26,USR00151,USR00314,195.85,Education,P2M,Surat,iPhone,PhonePe,0,
TXN06848,2026-02-19 17:11:29,USR00245,USR00045,4747.29,Entertainment,P2M,Delhi,Tablet,GPay,0,
TXN06436,2026-02-19 17:20:01,USR00181,USR00424,1227.57,Rent,P2M,Delhi,Web,PhonePe,0,
TXN06370,2026-02-19 17:31:40,USR00179,USR00188,1864.19,Utilities,P2P,Surat,Android_Phone,PhonePe,0,
TXN09860,2026-02-19 17:37:53,USR00244,USR00067,129615.83,Entertainment,P2M,Surat,iPhone,PhonePe,1,"new_location,high_amount"
TXN09935,2026-02-19 17:50:21,USR00098,USR00026,185390.71,Education,P2M,Mumbai,Web,BHIM,1,high_amount
TXN07718,2026-02-19 17:52:47,USR00106,USR00092,1369.96,Food Delivery,P2P,Lucknow,Android_Phone,Paytm,0,
TXN09476,2026-02-19 17:56:09,USR00009,USR00197,31942.42,Fuel,P2M,Lucknow,Tablet,AmazonPay,1,high_amount
TXN02526,2026-02-19 17:59:22,USR00433,USR00336,8843.99,Utilities,P2P,Jaipur,iPhone,AmazonPay,0,
TXN01693,2026-02-19 18:06:29,USR00388,USR00089,719.58,Healthcare,P2P,Nagpur,Web,BHIM,0,
TXN04965,2026-02-19 18:08:20,USR00374,USR00256,17558.85,Rent,P2P,Ahmedabad,Tablet,PhonePe,0,
TXN06936,2026-02-19 18:09:20,USR00358,USR00008,2570.6,Healthcare,P2P,Surat,Tablet,GPay,0,
TXN03427,2026-02-19 18:13:49,USR00048,USR00108,2721.0,P2P Transfer,P2P,Kolkata,Web,BHIM,0,
TXN08291,2026-02-19 18:27:37,USR00221,USR00261,277.98,Education,P2P,Hyderabad,Android_Phone,AmazonPay,0,
TXN02705,2026-02-19 18:48:14,USR00067,USR00115,519.55,Travel,P2P,Kolkata,iPhone,PhonePe,0,
TXN07846,2026-02-19 19:04:30,USR00397,USR00434,1742.77,Healthcare,P2P,Jaipur,Android_Phone,Paytm,0,
TXN00596,2026-02-19 19:05:56,USR00107,USR00379,155.63,Utilities,P2P,Delhi,Tablet,GPay,0,
TXN06178,2026-02-19 19:06:06,USR00445,USR00012,1219.88,Education,P2P,Pune,Web,Paytm,0,
TXN01580,2026-02-19 19:20:41,USR00285,USR00053,5521.9,Shopping,P2P,Mumbai,Web,Paytm,0,
TXN07298,2026-02-19 19:36:37,USR00019,USR00001,3866.61,Fuel,P2P,Bengaluru,Android_Phone,BHIM,0,
TXN07234,2026-02-19 19:37:07,USR00300,USR00399,1715.03,Education,P2P,Nagpur,Web,AmazonPay,0,
TXN04482,2026-02-19 19:39:16,USR00335,USR00455,363.48,Rent,P2M,Delhi,Android_Phone,AmazonPay,0,
TXN00505,2026-02-19 19:49:17,USR00475,USR00326,12040.48,Entertainment,P2M,Chennai,Web,Paytm,0,
TXN00896,2026-02-19 19:57:27,USR00263,USR00251,5719.8,Utilities,P2M,Pune,Android_Phone,PhonePe,0,
TXN04590,2026-02-19 20:24:26,USR00392,USR00411,233.5,Food Delivery,P2P,Chennai,Web,Paytm,0,
TXN02015,2026-02-19 20:27:17,USR00497,USR00406,11952.61,Food Delivery,P2P,Hyderabad,Web,BHIM,0,
TXN05594,2026-02-19 20:57:52,USR00227,USR00134,3510.23,P2P Transfer,P2P,Ahmedabad,iPhone,BHIM,0,
TXN08923,2026-02-19 21:17:10,USR00496,USR00075,628.58,Grocery,P2P,Lucknow,iPhone,PhonePe,0,
TXN05542,2026-02-19 21:17:46,USR00415,USR00122,9227.32,Rent,P2P,Pune,Tablet,AmazonPay,0,
TXN05643,2026-02-19 21:19:38,USR00474,USR00012,137.05,P2P Transfer,P2P,Pune,Web,BHIM,0,
TXN04281,2026-02-19 21:42:57,USR00432,USR00036,229.49,Fuel,P2P,Jaipur,Web,Paytm,0,
TXN06636,2026-02-19 22:19:46,USR00412,USR00177,1803.14,Travel,P2P,Jaipur,Tablet,GPay,0,
TXN07186,2026-02-19 22:27:27,USR00052,USR00350,6310.56,Food Delivery,P2P,Nagpur,Android_Phone,GPay,0,
TXN06354,2026-02-19 22:31:35,USR00026,USR00367,1749.03,Food Delivery,P2M,Lucknow,Web,Paytm,0,
TXN04660,2026-02-19 22:32:08,USR00068,USR00239,996.7,Food Delivery,P2M,Ahmedabad,Web,Paytm,0,
TXN05849,2026-02-19 22:33:50,USR00128,USR00190,345.29,Entertainment,P2M,Surat,Android_Phone,AmazonPay,0,
TXN06945,2026-02-19 22:41:29,USR00188,USR00034,1994.65,Utilities,P2P,Pune,Android_Phone,GPay,0,
TXN08401,2026-02-19 22:55:14,USR00372,USR00332,2003.22,Healthcare,P2M,Mumbai,Tablet,GPay,0,
TXN09963,2026-02-20 00:09:13,USR00496,USR00387,646.96,Education,P2M,Lucknow,iPhone,PhonePe,1,"rapid_burst,odd_hour"
TXN09658,2026-02-20 01:35:25,USR00124,USR00051,1550.24,P2P Transfer,P2M,Delhi,iPhone,AmazonPay,1,odd_hour
TXN10133,2026-02-20 02:00:00,USR00465,USR00171,2247.1,Food Delivery,P2P,Kolkata,iPhone,AmazonPay,1,rapid_burst
TXN10136,2026-02-20 02:03:00,USR00465,USR00467,2258.76,P2P Transfer,P2P,Kolkata,iPhone,AmazonPay,1,rapid_burst
TXN10134,2026-02-20 02:03:00,USR00465,USR00171,2460.28,Utilities,P2M,Kolkata,iPhone,AmazonPay,1,rapid_burst
TXN10135,2026-02-20 02:04:00,USR00465,USR00393,2218.14,Healthcare,P2M,Kolkata,iPhone,AmazonPay,1,rapid_burst
TXN00360,2026-02-20 06:12:21,USR00161,USR00365,94.57,P2P Transfer,P2P,Mumbai,Android_Phone,BHIM,0,
TXN05741,2026-02-20 06:26:20,USR00050,USR00058,550.13,Healthcare,P2P,Pune,iPhone,AmazonPay,0,
TXN09939,2026-02-20 06:42:46,USR00484,USR00442,557.34,Travel,P2M,Chennai,Android_Phone,Paytm,1,new_receiver
TXN00342,2026-02-20 06:44:07,USR00153,USR00125,2459.78,Travel,P2M,Surat,Web,BHIM,0,
TXN05161,2026-02-20 06:50:15,USR00072,USR00165,2016.45,Entertainment,P2M,Delhi,Tablet,BHIM,0,
TXN00169,2026-02-20 07:16:31,USR00259,USR00368,2194.33,P2P Transfer,P2M,Pune,Tablet,Paytm,0,
TXN07638,2026-02-20 07:25:27,USR00431,USR00239,8842.0,Travel,P2M,Pune,Android_Phone,GPay,0,
TXN02703,2026-02-20 07:46:24,USR00234,USR00230,180.67,Travel,P2M,Hyderabad,iPhone,Paytm,0,
TXN03596,2026-02-20 07:50:12,USR00427,USR00232,954.08,Food Delivery,P2M,Jaipur,Web,AmazonPay,0,
TXN02871,2026-02-20 07:50:18,USR00015,USR00276,1847.73,Shopping,P2P,Hyderabad,iPhone,AmazonPay,0,
TXN04387,2026-02-20 07:54:18,USR00022,USR00366,4288.11,Utilities,P2M,Hyderabad,Web,PhonePe,0,
TXN06607,2026-02-20 07:57:41,USR00292,USR00292,197.36,Utilities,P2M,Jaipur,Android_Phone,PhonePe,0,
TXN09313,2026-02-20 07:58:37,USR00359,USR00144,9530.83,Grocery,P2P,Hyderabad,Android_Phone,BHIM,0,
TXN02074,2026-02-20 08:18:43,USR00024,USR00450,1455.04,Entertainment,P2P,Chennai,iPhone,Paytm,0,
TXN01758,2026-02-20 08:30:34,USR00425,USR00010,2134.66,Utilities,P2M,Ahmedabad,Web,Paytm,0,
TXN02699,2026-02-20 08:46:17,USR00089,USR00139,12457.7,Fuel,P2P,Jaipur,Web,BHIM,0,
TXN10053,2026-02-20 08:49:00,USR00148,USR00421,1393.42,Education,P2M,Jaipur,Tablet,PhonePe,1,rapid_burst
TXN10054,2026-02-20 08:50:00,USR00148,USR00393,1579.08,Grocery,P2P,Jaipur,Tablet,PhonePe,1,rapid_burst
TXN10055,2026-02-20 08:51:00,USR00148,USR00294,1229.77,Healthcare,P2M,Jaipur,Tablet,PhonePe,1,rapid_burst
TXN03063,2026-02-20 08:52:36,USR00005,USR00181,6095.64,Travel,P2P,Surat,Tablet,Paytm,0,
TXN10056,2026-02-20 08:55:00,USR00148,USR00209,1389.23,Education,P2M,Jaipur,Tablet,PhonePe,1,rapid_burst
TXN10057,2026-02-20 08:57:00,USR00148,USR00393,1895.78,Entertainment,P2P,Jaipur,Tablet,PhonePe,1,rapid_burst
TXN08928,2026-02-20 09:04:33,USR00485,USR00225,1814.55,Rent,P2M,Hyderabad,iPhone,GPay,0,
TXN08487,2026-02-20 09:09:31,USR00355,USR00395,2309.58,Education,P2M,Delhi,Android_Phone,AmazonPay,0,
TXN03700,2026-02-20 09:16:34,USR00168,USR00286,424.98,Rent,P2M,Chennai,Tablet,Paytm,0,
TXN08314,2026-02-20 09:35:33,USR00321,USR00078,222.14,Rent,P2P,Jaipur,Android_Phone,GPay,0,
TXN00535,2026-02-20 09:35:52,USR00416,USR00326,8556.99,Travel,P2M,Bengaluru,Android_Phone,BHIM,0,
TXN04280,2026-02-20 09:39:14,USR00223,USR00266,352.2,Shopping,P2P,Ahmedabad,Web,BHIM,0,
TXN04168,2026-02-20 09:41:20,USR00396,USR00117,7235.0,Food Delivery,P2P,Hyderabad,iPhone,PhonePe,0,
TXN03881,2026-02-20 09:47:39,USR00362,USR00343,280.7,Food Delivery,P2P,Pune,Web,AmazonPay,0,
TXN00215,2026-02-20 09:56:24,USR00188,USR00304,1981.73,Shopping,P2P,Pune,Android_Phone,GPay,0,
TXN01756,2026-02-20 10:18:32,USR00024,USR00450,1316.62,Food Delivery,P2M,Chennai,iPhone,Paytm,0,
TXN09169,2026-02-20 10:23:12,USR00199,USR00407,2205.32,Rent,P2P,Ahmedabad,Tablet,PhonePe,0,
TXN00155,2026-02-20 10:25:44,USR00061,USR00385,14352.12,Food Delivery,P2P,Nagpur,Web,BHIM,0,
TXN02425,2026-02-20 10:43:39,USR00148,USR00393,1186.63,Rent,P2P,Jaipur,Tablet,PhonePe,0,
TXN00677,2026-02-20 10:49:27,USR00092,USR00484,12987.78,Healthcare,P2M,Bengaluru,Android_Phone,Paytm,0,
TXN02637,2026-02-20 10:58:10,USR00150,USR00481,228.66,Healthcare,P2P,Chennai,iPhone,AmazonPay,0,
TXN09402,2026-02-20 11:15:54,USR00121,USR00129,5374.4,Travel,P2M,Delhi,Web,AmazonPay,1,"rapid_burst,high_amount"
TXN02146,2026-02-20 11:24:59,USR00438,USR00047,8967.75,P2P Transfer,P2M,Chennai,Web,AmazonPay,0,
TXN01700,2026-02-20 11:33:30,USR00115,USR00397,2196.14,Grocery,P2P,Jaipur,Android_Phone,PhonePe,0,
TXN01946,2026-02-20 11:40:24,USR00318,USR00464,434.82,Travel,P2M,Pune,Web,BHIM,0,
TXN04084,2026-02-20 11:47:36,USR00404,USR00286,3143.42,Healthcare,P2P,Ahmedabad,Android_Phone,AmazonPay,0,
TXN03947,2026-02-20 11:59:29,USR00245,USR00196,3563.42,Shopping,P2M,Delhi,Tablet,GPay,0,
TXN02097,2026-02-20 12:02:14,USR00159,USR00291,6404.43,Healthcare,P2P,Kolkata,Android_Phone,PhonePe,0,
TXN05332,2026-02-20 12:13:04,USR00477,USR00018,250.01,Shopping,P2P,Surat,Web,PhonePe,0,
TXN06315,2026-02-20 12:33:41,USR00457,USR00118,6098.74,Utilities,P2M,Lucknow,Web,GPay,0,
TXN08012,2026-02-20 12:37:41,USR00028,USR00452,14130.17,Shopping,P2P,Delhi,Android_Phone,PhonePe,0,
TXN02590,2026-02-20 12:43:33,USR00170,USR00379,13779.76,Utilities,P2M,Bengaluru,Web,AmazonPay,0,
TXN02901,2026-02-20 12:51:07,USR00078,USR00381,1660.22,Travel,P2P,Mumbai,Tablet,BHIM,0,
TXN08885,2026-02-20 12:54:07,USR00108,USR00159,8633.03,Healthcare,P2M,Chennai,Tablet,Paytm,0,
TXN08939,2026-02-20 12:57:24,USR00156,USR00478,9758.72,Grocery,P2M,Pune,Tablet,AmazonPay,0,
TXN06910,2026-02-20 13:01:57,USR00277,USR00308,16853.85,Grocery,P2P,Bengaluru,Web,PhonePe,0,
TXN04423,2026-02-20 13:08:06,USR00397,USR00434,1857.52,Education,P2M,Jaipur,Android_Phone,Paytm,0,
TXN04730,2026-02-20 13:11:25,USR00451,USR00381,5923.65,Food Delivery,P2P,Jaipur,iPhone,PhonePe,0,
TXN05231,2026-02-20 13:14:25,USR00217,USR00393,12227.02,P2P Transfer,P2M,Delhi,Web,AmazonPay,0,
TXN07014,2026-02-20 13:16:37,USR00064,USR00115,757.49,Food Delivery,P2P,Lucknow,Tablet,BHIM,0,
TXN08171,2026-02-20 13:41:24,USR00105,USR00058,420.76,Entertainment,P2P,Delhi,iPhone,Paytm,0,
TXN03948,2026-02-20 13:41:29,USR00075,USR00212,5158.78,Food Delivery,P2P,Ahmedabad,iPhone,BHIM,0,
TXN03821,2026-02-20 13:42:07,USR00019,USR00474,5926.3,Shopping,P2P,Bengaluru,Android_Phone,BHIM,0,
TXN07908,2026-02-20 13:44:47,USR00328,USR00409,14122.88,Rent,P2M,Nagpur,Tablet,PhonePe,0,
TXN06947,2026-02-20 13:57:10,USR00157,USR00046,2097.86,Travel,P2P,Ahmedabad,Web,BHIM,0,
TXN07613,2026-02-20 14:00:37,USR00426,USR00095,91.19,Entertainment,P2M,Jaipur,Web,Paytm,0,
TXN04025,2026-02-20 14:07:49,USR00409,USR00479,279.73,Food Delivery,P2P,Delhi,Android_Phone,BHIM,0,
TXN05645,2026-02-20 14:13:35,USR00403,USR00287,265.5,Healthcare,P2M,Ahmedabad,Web,GPay,0,
TXN06655,2026-02-20 14:17:04,USR00370,USR00485,1182.34,Healthcare,P2P,Ahmedabad,iPhone,AmazonPay,0,
TXN08000,2026-02-20 14:49:40,USR00193,USR00370,507.16,Healthcare,P2P,Chennai,Tablet,PhonePe,0,
TXN01018,2026-02-20 14:58:04,USR00312,USR00027,821.38,Utilities,P2M,Jaipur,Tablet,PhonePe,0,
TXN03884,2026-02-20 15:15:05,USR00178,USR00354,307.31,Food Delivery,P2P,Surat,Web,GPay,0,
TXN00154,2026-02-20 15:28:33,USR00344,USR00006,234.4,Rent,P2P,Surat,Tablet,AmazonPay,0,
TXN06774,2026-02-20 15:44:25,USR00022,USR00160,3870.86,Education,P2M,Hyderabad,Web,PhonePe,0,
TXN07060,2026-02-20 15:46:36,USR00373,USR00264,427.8,Utilities,P2M,Lucknow,Web,BHIM,0,
TXN02618,2026-02-20 15:48:59,USR00490,USR00114,372.14,Entertainment,P2P,Ahmedabad,Tablet,AmazonPay,0,
TXN08463,2026-02-20 16:06:49,USR00349,USR00376,15599.1,Healthcare,P2M,Bengaluru,Android_Phone,BHIM,0,
TXN07189,2026-02-20 16:10:04,USR00479,USR00173,430.75,P2P Transfer,P2M,Hyderabad,iPhone,AmazonPay,0,
TXN05028,2026-02-20 16:10:32,USR00193,USR00370,371.39,Travel,P2M,Chennai,Tablet,PhonePe,0,
TXN01407,2026-02-20 16:14:36,USR00267,USR00061,360.02,Healthcare,P2P,Hyderabad,Tablet,Paytm,0,
TXN05927,2026-02-20 16:14:51,USR00149,USR00494,808.92,Fuel,P2P,Jaipur,iPhone,GPay,0,
TXN03179,2026-02-20 16:18:11,USR00083,USR00271,13069.66,Education,P2P,Kolkata,Web,AmazonPay,0,
TXN01105,2026-02-20 16:50:10,USR00080,USR00496,16033.32,P2P Transfer,P2P,Delhi,iPhone,BHIM,0,
TXN08404,2026-02-20 16:58:46,USR00096,USR00110,1522.35,Rent,P2M,Delhi,iPhone,Paytm,0,
TXN06383,2026-02-20 17:03:55,USR00401,USR00092,2240.17,Fuel,P2M,Chennai,Web,AmazonPay,0,
TXN09331,2026-02-20 17:04:56,USR00275,USR00336,15847.65,Entertainment,P2P,Bengaluru,iPhone,PhonePe,0,
TXN00820,2026-02-20 17:04:58,USR00401,USR00292,1674.79,Healthcare,P2M,Chennai,Web,AmazonPay,0,
TXN04651,2026-02-20 17:11:55,USR00295,USR00075,418.97,Education,P2M,Kolkata,Android_Phone,AmazonPay,0,
TXN03967,2026-02-20 17:14:07,USR00446,USR00191,4330.61,Healthcare,P2M,Pune,Android_Phone,GPay,0,
TXN03292,2026-02-20 17:22:51,USR00302,USR00348,2878.64,Travel,P2M,Surat,Tablet,PhonePe,0,
TXN05535,2026-02-20 17:25:56,USR00246,USR00073,2922.33,Healthcare,P2M,Kolkata,iPhone,GPay,0,
TXN05851,2026-02-20 17:27:08,USR00440,USR00334,6091.69,Education,P2M,Delhi,Tablet,AmazonPay,0,
TXN02322,2026-02-20 17:34:44,USR00030,USR00409,1599.43,Utilities,P2M,Pune,iPhone,PhonePe,0,
TXN03313,2026-02-20 17:53:19,USR00110,USR00202,145.0,Shopping,P2P,Jaipur,Tablet,GPay,0,
TXN01649,2026-02-20 17:58:41,USR00286,USR00015,393.95,Utilities,P2P,Chennai,Android_Phone,PhonePe,0,
TXN08459,2026-02-20 18:02:30,USR00275,USR00126,15251.68,Rent,P2M,Bengaluru,iPhone,PhonePe,0,
TXN06788,2026-02-20 18:02:58,USR00421,USR00242,1711.21,P2P Transfer,P2P,Jaipur,Android_Phone,Paytm,0,
TXN05359,2026-02-20 18:35:00,USR00056,USR00359,8893.55,Utilities,P2M,Hyderabad,Web,PhonePe,0,
TXN06538,2026-02-20 19:03:42,USR00164,USR00268,157.86,Grocery,P2P,Lucknow,Android_Phone,BHIM,0,
TXN08202,2026-02-20 19:04:16,USR00044,USR00196,9419.13,P2P Transfer,P2P,Chennai,Web,PhonePe,0,
TXN00447,2026-02-20 19:27:07,USR00478,USR00427,2586.88,Shopping,P2P,Nagpur,Tablet,Paytm,0,
TXN05154,2026-02-20 19:31:16,USR00107,USR00497,196.79,P2P Transfer,P2P,Delhi,Tablet,GPay,0,
TXN03261,2026-02-20 19:42:03,USR00010,USR00057,11262.61,Entertainment,P2M,Surat,Web,BHIM,0,
TXN09293,2026-02-20 19:47:07,USR00075,USR00212,3019.42,Utilities,P2M,Ahmedabad,iPhone,BHIM,0,
TXN01109,2026-02-20 19:48:26,USR00217,USR00102,13809.66,Healthcare,P2P,Delhi,Web,AmazonPay,0,
TXN01708,2026-02-20 19:56:38,USR00184,USR00478,12788.87,Grocery,P2M,Jaipur,Android_Phone,GPay,0,
TXN00762,2026-02-20 20:32:27,USR00108,USR00369,16291.53,Fuel,P2P,Chennai,Tablet,Paytm,0,
TXN09101,2026-02-20 20:33:38,USR00000,USR00379,315.64,Utilities,P2M,Nagpur,iPhone,AmazonPay,0,
TXN07173,2026-02-20 20:33:39,USR00295,USR00301,491.54,Utilities,P2P,Kolkata,Android_Phone,AmazonPay,0,
TXN05003,2026-02-20 20:36:43,USR00055,USR00014,63.9,Fuel,P2M,Lucknow,Tablet,Paytm,0,
TXN02348,2026-02-20 20:56:00,USR00339,USR00456,9692.95,Utilities,P2P,Mumbai,Tablet,AmazonPay,0,
TXN09287,2026-02-20 21:11:47,USR00027,USR00170,324.91,Grocery,P2M,Mumbai,Web,PhonePe,0,
TXN06143,2026-02-20 21:23:47,USR00432,USR00036,208.96,Shopping,P2P,Jaipur,Web,Paytm,0,
TXN06490,2026-02-20 21:26:42,USR00042,USR00486,7456.39,Entertainment,P2M,Surat,Tablet,BHIM,0,
TXN05976,2026-02-20 21:45:15,USR00376,USR00065,12860.0,Grocery,P2P,Surat,iPhone,AmazonPay,0,
TXN04734,2026-02-20 21:58:30,USR00327,USR00047,8785.81,Grocery,P2M,Lucknow,Tablet,Paytm,0,
TXN08107,2026-02-20 22:08:20,USR00418,USR00409,3714.85,Utilities,P2M,Kolkata,Web,BHIM,0,
TXN02666,2026-02-20 22:10:35,USR00402,USR00074,1366.1,Utilities,P2P,Kolkata,Tablet,PhonePe,0,
TXN05069,2026-02-20 22:17:42,USR00012,USR00043,852.62,Grocery,P2M,Pune,Android_Phone,GPay,0,
TXN08096,2026-02-20 22:41:27,USR00010,USR00080,9232.57,Rent,P2M,Surat,Web,BHIM,0,
TXN01904,2026-02-20 22:50:38,USR00331,USR00221,492.73,Education,P2P,Jaipur,Web,PhonePe,0,
TXN09859,2026-02-21 02:02:04,USR00243,USR00320,15649.64,Utilities,P2P,Chennai,Android_Phone,Paytm,1,odd_hour
TXN07374,2026-02-21 06:05:44,USR00079,USR00269,255.35,P2P Transfer,P2P,Ahmedabad,Android_Phone,BHIM,0,
TXN08846,2026-02-21 06:06:19,USR00437,USR00395,611.28,Utilities,P2M,Pune,iPhone,Paytm,0,
TXN04217,2026-02-21 06:14:06,USR00066,USR00118,7713.79,Fuel,P2M,Nagpur,Tablet,Paytm,0,
TXN04206,2026-02-21 06:21:56,USR00432,USR00036,124.05,Entertainment,P2M,Jaipur,Web,Paytm,0,
TXN01944,2026-02-21 06:29:53,USR00279,USR00191,2825.27,Utilities,P2P,Delhi,iPhone,BHIM,0,
TXN01603,2026-02-21 06:37:12,USR00000,USR00379,247.49,Utilities,P2P,Nagpur,iPhone,AmazonPay,0,
TXN09552,2026-02-21 06:56:08,USR00450,USR00050,5505.69,Entertainment,P2P,Kolkata,iPhone,AmazonPay,1,high_amount
TXN03801,2026-02-21 07:03:08,USR00165,USR00214,176.7,Utilities,P2M,Mumbai,iPhone,PhonePe,0,
TXN04037,2026-02-21 07:06:29,USR00346,USR00378,197.28,Grocery,P2M,Chennai,Android_Phone,AmazonPay,0,
TXN01666,2026-02-21 07:24:36,USR00271,USR00254,299.61,Shopping,P2M,Nagpur,Tablet,PhonePe,0,
TXN03026,2026-02-21 07:27:57,USR00009,USR00197,1324.92,Shopping,P2P,Lucknow,Tablet,AmazonPay,0,
TXN02983,2026-02-21 07:36:35,USR00039,USR00115,11361.0,Rent,P2M,Surat,iPhone,GPay,0,
TXN07352,2026-02-21 07:40:38,USR00022,USR00160,5806.37,Education,P2M,Hyderabad,Web,PhonePe,0,
TXN06267,2026-02-21 07:47:01,USR00307,USR00335,7720.15,Education,P2M,Hyderabad,Web,Paytm,0,
TXN03279,2026-02-21 07:51:31,USR00387,USR00113,1694.62,Education,P2P,Delhi,Tablet,Paytm,0,
TXN06983,2026-02-21 08:19:08,USR00005,USR00189,8961.06,Healthcare,P2P,Surat,Tablet,Paytm,0,
TXN06331,2026-02-21 08:51:45,USR00144,USR00287,197.25,Travel,P2P,Jaipur,Tablet,Paytm,0,
TXN05746,2026-02-21 08:52:46,USR00483,USR00235,9501.75,Food Delivery,P2M,Nagpur,iPhone,AmazonPay,0,
TXN08254,2026-02-21 09:02:46,USR00485,USR00395,1355.19,Rent,P2M,Hyderabad,iPhone,GPay,0,
TXN09807,2026-02-21 09:11:26,USR00210,USR00078,3071.04,Shopping,P2M,Bengaluru,Web,BHIM,1,rapid_burst
TXN08365,2026-02-21 09:42:00,USR00384,USR00348,253.58,Shopping,P2P,Jaipur,Web,BHIM,0,
TXN02646,2026-02-21 10:08:27,USR00190,USR00285,2336.62,Education,P2M,Kolkata,iPhone,AmazonPay,0,
TXN05915,2026-02-21 10:10:22,USR00416,USR00148,8988.56,Fuel,P2M,Bengaluru,Android_Phone,BHIM,0,
TXN00571,2026-02-21 10:22:00,USR00455,USR00285,2823.44,Healthcare,P2M,Chennai,iPhone,GPay,0,
TXN06027,2026-02-21 10:29:33,USR00429,USR00049,4288.91,Travel,P2P,Kolkata,Web,GPay,0,
TXN01601,2026-02-21 10:37:26,USR00176,USR00423,190.4,Entertainment,P2M,Bengaluru,iPhone,AmazonPay,0,
TXN03124,2026-02-21 10:38:36,USR00476,USR00174,9473.41,Fuel,P2M,Delhi,Android_Phone,AmazonPay,0,
TXN03043,2026-02-21 10:54:37,USR00112,USR00021,240.87,Utilities,P2M,Delhi,Web,BHIM,0,
TXN03680,2026-02-21 11:02:20,USR00301,USR00025,1637.66,Rent,P2P,Mumbai,iPhone,Paytm,0,
TXN03099,2026-02-21 11:08:48,USR00079,USR00466,111.75,Healthcare,P2M,Ahmedabad,Android_Phone,BHIM,0,
TXN07612,2026-02-21 11:24:09,USR00018,USR00007,2749.51,Grocery,P2P,Mumbai,Android_Phone,PhonePe,0,
TXN00545,2026-02-21 11:29:05,USR00195,USR00379,140.56,Rent,P2M,Pune,Android_Phone,BHIM,0,
TXN09436,2026-02-21 11:30:08,USR00396,USR00103,7379.97,Food Delivery,P2P,Hyderabad,iPhone,PhonePe,1,rapid_burst
TXN01015,2026-02-21 11:49:20,USR00162,USR00153,1585.04,Rent,P2M,Kolkata,iPhone,AmazonPay,0,
TXN04767,2026-02-21 12:10:15,USR00273,USR00406,4881.45,Healthcare,P2M,Surat,iPhone,BHIM,0,
TXN01531,2026-02-21 12:27:54,USR00301,USR00016,1366.57,Entertainment,P2P,Mumbai,iPhone,Paytm,0,
TXN03885,2026-02-21 12:41:21,USR00273,USR00195,8891.96,Healthcare,P2P,Surat,iPhone,BHIM,0,
TXN03770,2026-02-21 12:48:45,USR00056,USR00141,5862.32,Shopping,P2P,Hyderabad,Web,PhonePe,0,
TXN05447,2026-02-21 13:15:20,USR00305,USR00364,437.18,Grocery,P2P,Hyderabad,iPhone,Paytm,0,
TXN06326,2026-02-21 13:25:14,USR00303,USR00457,127.37,Rent,P2P,Chennai,Web,GPay,0,
TXN08336,2026-02-21 13:25:27,USR00421,USR00348,1508.95,Rent,P2P,Jaipur,Android_Phone,Paytm,0,
TXN00408,2026-02-21 13:25:52,USR00421,USR00348,886.14,Rent,P2P,Jaipur,Android_Phone,Paytm,0,
TXN04457,2026-02-21 13:29:27,USR00090,USR00007,323.37,Education,P2M,Jaipur,Tablet,Paytm,0,
TXN05384,2026-02-21 13:30:33,USR00218,USR00419,342.29,Education,P2M,Nagpur,Web,BHIM,0,
TXN08178,2026-02-21 13:37:35,USR00446,USR00350,3550.6,Rent,P2P,Pune,Android_Phone,GPay,0,
TXN03844,2026-02-21 13:40:29,USR00290,USR00428,81.02,Travel,P2M,Ahmedabad,Tablet,GPay,0,
TXN08407,2026-02-21 13:50:10,USR00355,USR00395,3261.02,Utilities,P2P,Delhi,Android_Phone,AmazonPay,0,
TXN02758,2026-02-21 13:52:44,USR00497,USR00347,13884.82,Travel,P2P,Hyderabad,Web,BHIM,0,
TXN01618,2026-02-21 14:01:04,USR00441,USR00357,35.42,Food Delivery,P2P,Chennai,Android_Phone,PhonePe,0,
TXN09316,2026-02-21 14:06:00,USR00061,USR00326,12774.65,Entertainment,P2P,Nagpur,Web,BHIM,0,
TXN01939,2026-02-21 14:21:49,USR00164,USR00087,88.74,Utilities,P2M,Lucknow,Android_Phone,BHIM,0,
TXN03725,2026-02-21 14:52:45,USR00194,USR00411,6224.48,Healthcare,P2M,Delhi,Android_Phone,AmazonPay,0,
TXN07071,2026-02-21 15:11:49,USR00002,USR00490,2119.06,P2P Transfer,P2M,Chennai,Tablet,Paytm,0,
TXN01578,2026-02-21 15:13:10,USR00413,USR00176,230.21,P2P Transfer,P2M,Jaipur,Android_Phone,AmazonPay,0,
TXN02816,2026-02-21 15:15:11,USR00175,USR00169,2013.19,Food Delivery,P2P,Bengaluru,Tablet,PhonePe,0,
TXN02344,2026-02-21 15:17:04,USR00351,USR00362,432.9,Shopping,P2M,Ahmedabad,Web,AmazonPay,0,
TXN09195,2026-02-21 15:17:08,USR00132,USR00062,6255.89,Utilities,P2M,Delhi,Tablet,PhonePe,0,
TXN05017,2026-02-21 15:29:43,USR00384,USR00348,214.18,Grocery,P2P,Jaipur,Web,BHIM,0,
TXN02852,2026-02-21 15:37:13,USR00222,USR00053,70.93,Fuel,P2M,Chennai,iPhone,Paytm,0,
TXN05751,2026-02-21 15:38:20,USR00349,USR00263,15661.49,Fuel,P2P,Bengaluru,Android_Phone,BHIM,0,
TXN07516,2026-02-21 15:48:04,USR00323,USR00134,695.28,Shopping,P2P,Pune,Tablet,PhonePe,0,
TXN08659,2026-02-21 15:50:07,USR00233,USR00137,7888.02,Grocery,P2M,Lucknow,Android_Phone,AmazonPay,0,
TXN09975,2026-02-21 16:19:17,USR00142,USR00034,20970.75,Healthcare,P2P,Mumbai,Web,Paytm,1,"new_device,rapid_burst"
TXN09426,2026-02-21 16:32:17,USR00366,USR00434,15639.56,Education,P2P,Nagpur,Web,BHIM,1,"new_location,new_receiver"
TXN05396,2026-02-21 16:34:57,USR00240,USR00108,620.55,P2P Transfer,P2P,Delhi,Web,BHIM,0,
TXN05805,2026-02-21 16:36:17,USR00091,USR00119,109.03,Food Delivery,P2P,Surat,Tablet,GPay,0,
TXN08810,2026-02-21 16:49:59,USR00436,USR00229,7426.75,Healthcare,P2M,Chennai,Web,GPay,0,
TXN01143,2026-02-21 16:54:06,USR00411,USR00445,1961.61,Fuel,P2M,Chennai,Web,Paytm,0,
TXN05945,2026-02-21 16:55:16,USR00091,USR00055,79.27,Healthcare,P2M,Surat,Tablet,GPay,0,
TXN05938,2026-02-21 17:03:10,USR00433,USR00269,11331.78,Food Delivery,P2M,Jaipur,iPhone,AmazonPay,0,
TXN00742,2026-02-21 17:05:35,USR00162,USR00153,1915.18,Education,P2P,Kolkata,iPhone,AmazonPay,0,
TXN02786,2026-02-21 17:06:00,USR00246,USR00328,3509.06,Education,P2M,Kolkata,iPhone,GPay,0,
TXN02419,2026-02-21 17:08:58,USR00105,USR00058,493.91,Food Delivery,P2P,Delhi,iPhone,Paytm,0,
TXN03097,2026-02-21 17:13:23,USR00178,USR00031,337.95,Travel,P2M,Surat,Web,GPay,0,
TXN03034,2026-02-21 17:19:49,USR00095,USR00327,65.04,P2P Transfer,P2M,Delhi,Tablet,GPay,0,
TXN07047,2026-02-21 17:23:43,USR00044,USR00118,18781.38,Utilities,P2P,Chennai,Web,PhonePe,0,
TXN01527,2026-02-21 17:26:36,USR00211,USR00044,12348.82,Entertainment,P2P,Hyderabad,Web,PhonePe,0,
TXN07596,2026-02-21 17:36:38,USR00465,USR00022,1755.19,Shopping,P2P,Kolkata,iPhone,AmazonPay,0,
TXN08650,2026-02-21 17:46:02,USR00412,USR00158,991.5,Healthcare,P2M,Jaipur,Tablet,GPay,0,
TXN07447,2026-02-21 18:05:12,USR00218,USR00419,564.4,Education,P2P,Nagpur,Web,BHIM,0,
TXN07226,2026-02-21 18:05:58,USR00439,USR00153,8695.39,Healthcare,P2M,Nagpur,Tablet,GPay,0,
TXN03386,2026-02-21 18:06:08,USR00299,USR00096,281.32,Healthcare,P2M,Nagpur,Web,PhonePe,0,
TXN07126,2026-02-21 18:11:32,USR00100,USR00164,1169.32,Food Delivery,P2P,Ahmedabad,Android_Phone,PhonePe,0,
TXN01886,2026-02-21 18:17:48,USR00051,USR00055,14136.54,Education,P2P,Bengaluru,Android_Phone,Paytm,0,
TXN07077,2026-02-21 18:21:59,USR00275,USR00336,12793.76,Grocery,P2M,Bengaluru,iPhone,PhonePe,0,
TXN09676,2026-02-21 18:33:39,USR00197,USR00160,6432.61,Shopping,P2P,Bengaluru,Tablet,GPay,1,new_location
TXN09265,2026-02-21 18:35:52,USR00002,USR00110,1780.36,P2P Transfer,P2M,Chennai,Tablet,Paytm,0,
TXN04392,2026-02-21 18:56:35,USR00138,USR00188,13797.79,Education,P2P,Surat,Android_Phone,BHIM,0,
TXN04462,2026-02-21 19:07:23,USR00347,USR00474,1394.62,Grocery,P2P,Nagpur,Web,BHIM,0,
TXN09100,2026-02-21 19:19:47,USR00478,USR00266,2972.71,Entertainment,P2M,Nagpur,Tablet,Paytm,0,
TXN06401,2026-02-21 19:24:50,USR00094,USR00185,4129.77,Education,P2P,Pune,Web,GPay,0,
TXN06053,2026-02-21 19:29:11,USR00287,USR00121,1981.02,P2P Transfer,P2P,Surat,Web,BHIM,0,
TXN02491,2026-02-21 19:29:15,USR00127,USR00398,1161.0,Food Delivery,P2P,Surat,Web,AmazonPay,0,
TXN08974,2026-02-21 19:35:41,USR00477,USR00469,187.62,Healthcare,P2P,Surat,Web,PhonePe,0,
TXN00327,2026-02-21 19:37:02,USR00043,USR00248,1038.33,Grocery,P2M,Pune,Web,PhonePe,0,
TXN00604,2026-02-21 19:38:17,USR00287,USR00121,3124.41,Utilities,P2P,Surat,Web,BHIM,0,
TXN02950,2026-02-21 19:43:06,USR00121,USR00197,394.52,Food Delivery,P2P,Delhi,Web,AmazonPay,0,
TXN09461,2026-02-21 19:59:13,USR00350,USR00433,164.81,Food Delivery,P2M,Bengaluru,iPhone,PhonePe,1,rapid_burst
TXN08068,2026-02-21 20:00:47,USR00133,USR00219,1573.33,Fuel,P2P,Surat,Android_Phone,GPay,0,
TXN02718,2026-02-21 20:01:47,USR00356,USR00449,10826.83,Rent,P2M,Pune,Android_Phone,BHIM,0,
TXN08032,2026-02-21 20:07:42,USR00264,USR00048,82.86,Fuel,P2M,Ahmedabad,Web,AmazonPay,0,
TXN07926,2026-02-21 20:11:09,USR00240,USR00203,697.67,Healthcare,P2P,Delhi,Web,BHIM,0,
TXN05695,2026-02-21 20:17:34,USR00053,USR00421,18285.79,Utilities,P2P,Mumbai,Web,Paytm,0,
TXN02760,2026-02-21 20:26:09,USR00141,USR00038,16026.23,Utilities,P2P,Hyderabad,Tablet,BHIM,0,
TXN01245,2026-02-21 20:27:24,USR00483,USR00235,15755.74,Education,P2P,Nagpur,iPhone,AmazonPay,0,
TXN05859,2026-02-21 20:30:03,USR00062,USR00494,416.51,Fuel,P2M,Chennai,Tablet,BHIM,0,
TXN00495,2026-02-21 20:46:53,USR00233,USR00137,12117.03,Grocery,P2P,Lucknow,Android_Phone,AmazonPay,0,
TXN07470,2026-02-21 20:55:27,USR00464,USR00058,1880.6,Food Delivery,P2M,Nagpur,iPhone,BHIM,0,
TXN06188,2026-02-21 21:14:13,USR00069,USR00117,2335.48,P2P Transfer,P2P,Lucknow,Web,AmazonPay,0,
TXN04580,2026-02-21 21:27:18,USR00095,USR00327,59.28,Entertainment,P2P,Delhi,Tablet,GPay,0,
TXN01596,2026-02-21 21:34:06,USR00414,USR00003,10365.77,Utilities,P2P,Hyderabad,Tablet,BHIM,0,
TXN01054,2026-02-21 21:35:26,USR00392,USR00262,286.45,Shopping,P2M,Chennai,Web,Paytm,0,
TXN02874,2026-02-21 21:59:19,USR00488,USR00358,127.68,Education,P2P,Bengaluru,Tablet,BHIM,0,
TXN02817,2026-02-21 22:02:18,USR00304,USR00105,1705.14,Rent,P2P,Surat,iPhone,BHIM,0,
TXN00369,2026-02-21 22:06:39,USR00150,USR00485,352.21,Shopping,P2P,Chennai,iPhone,AmazonPay,0,
TXN09041,2026-02-21 22:27:59,USR00014,USR00283,2741.77,Fuel,P2P,Mumbai,Web,GPay,0,
TXN05649,2026-02-21 22:44:15,USR00331,USR00338,204.02,P2P Transfer,P2P,Jaipur,Web,PhonePe,0,
TXN07735,2026-02-21 22:46:23,USR00402,USR00491,2702.83,Entertainment,P2P,Kolkata,Tablet,PhonePe,0,
TXN00499,2026-02-21 22:47:39,USR00119,USR00243,208.69,Fuel,P2M,Chennai,iPhone,GPay,0,
TXN10081,2026-02-21 23:32:00,USR00365,USR00161,6332.91,Healthcare,P2M,Lucknow,iPhone,GPay,1,rapid_burst
TXN10082,2026-02-21 23:33:00,USR00365,USR00219,4532.23,Education,P2P,Lucknow,iPhone,GPay,1,rapid_burst
TXN10083,2026-02-21 23:36:00,USR00365,USR00161,4621.47,Rent,P2M,Lucknow,iPhone,GPay,1,rapid_burst
TXN08448,2026-02-22 06:12:34,USR00457,USR00313,7132.69,Healthcare,P2M,Lucknow,Web,GPay,0,
TXN07286,2026-02-22 06:16:12,USR00399,USR00161,9431.51,Rent,P2M,Delhi,Tablet,PhonePe,0,
TXN01725,2026-02-22 06:39:44,USR00288,USR00013,10291.9,Travel,P2M,Pune,Tablet,PhonePe,0,
TXN05244,2026-02-22 06:54:22,USR00371,USR00189,435.71,Healthcare,P2M,Pune,Tablet,PhonePe,0,
TXN06386,2026-02-22 06:56:51,USR00423,USR00496,571.4,Food Delivery,P2M,Hyderabad,iPhone,GPay,0,
TXN08265,2026-02-22 07:50:29,USR00088,USR00465,1787.74,Rent,P2P,Lucknow,Android_Phone,Paytm,0,
TXN08478,2026-02-22 08:02:25,USR00368,USR00018,1253.16,Healthcare,P2M,Lucknow,Android_Phone,AmazonPay,0,
TXN05478,2026-02-22 08:06:57,USR00469,USR00308,585.2,Rent,P2M,Mumbai,iPhone,GPay,0,
TXN01042,2026-02-22 08:13:01,USR00139,USR00217,2469.47,Rent,P2P,Jaipur,Web,GPay,0,
TXN09580,2026-02-22 08:15:42,USR00483,USR00011,10493.29,Food Delivery,P2P,Nagpur,iPhone,AmazonPay,1,"new_receiver,rapid_burst"
TXN03577,2026-02-22 08:30:13,USR00451,USR00170,6091.17,P2P Transfer,P2M,Jaipur,iPhone,PhonePe,0,
TXN04877,2026-02-22 08:34:45,USR00269,USR00066,242.91,Grocery,P2P,Mumbai,Android_Phone,BHIM,0,
TXN03436,2026-02-22 08:43:58,USR00415,USR00216,8774.53,Utilities,P2P,Pune,Tablet,AmazonPay,0,
TXN04476,2026-02-22 09:00:52,USR00105,USR00058,493.79,Travel,P2M,Delhi,iPhone,Paytm,0,
TXN06343,2026-02-22 09:03:41,USR00249,USR00330,6873.75,Shopping,P2M,Nagpur,iPhone,PhonePe,0,
TXN04031,2026-02-22 09:13:45,USR00026,USR00175,1535.68,Healthcare,P2P,Lucknow,Web,Paytm,0,
TXN08095,2026-02-22 09:23:14,USR00032,USR00116,542.86,Entertainment,P2M,Chennai,Tablet,PhonePe,0,
TXN09284,2026-02-22 09:27:50,USR00468,USR00307,10748.22,Utilities,P2M,Delhi,Tablet,AmazonPay,0,
TXN09985,2026-02-22 09:37:04,USR00223,USR00247,421.53,Utilities,P2M,Chennai,Web,BHIM,1,new_location
TXN03480,2026-02-22 09:55:35,USR00293,USR00216,600.08,Rent,P2M,Bengaluru,iPhone,BHIM,0,
TXN00149,2026-02-22 10:07:48,USR00263,USR00251,3627.53,Food Delivery,P2M,Pune,Android_Phone,PhonePe,0,
TXN04325,2026-02-22 10:19:19,USR00499,USR00195,759.97,Travel,P2P,Surat,Tablet,BHIM,0,
TXN04620,2026-02-22 10:22:25,USR00211,USR00067,7297.29,Utilities,P2P,Hyderabad,Web,PhonePe,0,
TXN09981,2026-02-22 10:31:38,USR00034,USR00305,1536.62,Healthcare,P2M,Mumbai,iPhone,Paytm,1,new_device
TXN04144,2026-02-22 10:33:38,USR00172,USR00333,2114.51,P2P Transfer,P2M,Surat,Tablet,Paytm,0,
TXN08965,2026-02-22 10:34:47,USR00056,USR00284,6713.84,Healthcare,P2P,Hyderabad,Web,PhonePe,0,
TXN02515,2026-02-22 11:01:03,USR00135,USR00375,271.67,Utilities,P2P,Chennai,Android_Phone,GPay,0,
TXN04479,2026-02-22 11:17:17,USR00485,USR00225,1101.49,Grocery,P2P,Hyderabad,iPhone,GPay,0,
TXN06050,2026-02-22 11:24:08,USR00229,USR00261,13266.58,P2P Transfer,P2M,Nagpur,Web,AmazonPay,0,
TXN05737,2026-02-22 11:49:28,USR00430,USR00050,4168.64,Rent,P2M,Delhi,iPhone,BHIM,0,
TXN09713,2026-02-22 12:26:04,USR00221,USR00265,483.86,Entertainment,P2M,Lucknow,Tablet,AmazonPay,1,"new_location,new_device"
TXN08794,2026-02-22 12:47:30,USR00488,USR00456,124.82,Food Delivery,P2P,Bengaluru,Tablet,BHIM,0,
TXN06079,2026-02-22 13:00:10,USR00040,USR00367,1981.57,Fuel,P2M,Ahmedabad,Android_Phone,BHIM,0,
TXN06807,2026-02-22 13:05:50,USR00284,USR00295,17404.93,Entertainment,P2M,Delhi,Tablet,PhonePe,0,
TXN02164,2026-02-22 13:12:12,USR00349,USR00263,12498.85,Grocery,P2P,Bengaluru,Android_Phone,BHIM,0,
TXN06540,2026-02-22 13:15:20,USR00417,USR00052,10480.74,Travel,P2P,Mumbai,iPhone,PhonePe,0,
TXN00422,2026-02-22 13:25:10,USR00087,USR00410,70.82,Utilities,P2M,Pune,Web,Paytm,0,
TXN03474,2026-02-22 13:26:54,USR00330,USR00335,12593.3,Shopping,P2M,Delhi,Tablet,Paytm,0,
TXN07198,2026-02-22 13:32:29,USR00447,USR00355,1155.41,Entertainment,P2P,Mumbai,Web,BHIM,0,
TXN02162,2026-02-22 13:50:21,USR00354,USR00420,4395.43,Utilities,P2P,Hyderabad,Tablet,Paytm,0,
TXN02037,2026-02-22 14:17:03,USR00112,USR00223,358.59,Utilities,P2P,Delhi,Web,BHIM,0,
TXN03104,2026-02-22 14:26:34,USR00495,USR00306,10920.52,Rent,P2M,Kolkata,Web,AmazonPay,0,
TXN03185,2026-02-22 14:40:08,USR00011,USR00078,17781.42,Grocery,P2M,Surat,Web,AmazonPay,0,
TXN07119,2026-02-22 14:43:46,USR00200,USR00429,750.68,Shopping,P2M,Jaipur,Android_Phone,GPay,0,
TXN07607,2026-02-22 15:03:16,USR00076,USR00437,5006.14,Travel,P2M,Delhi,iPhone,Paytm,0,
TXN08526,2026-02-22 15:16:27,USR00036,USR00209,148.74,Fuel,P2P,Nagpur,Android_Phone,Paytm,0,
TXN08551,2026-02-22 15:34:29,USR00483,USR00198,15090.8,Food Delivery,P2P,Nagpur,iPhone,AmazonPay,0,
TXN07878,2026-02-22 15:37:58,USR00194,USR00389,3990.6,Food Delivery,P2M,Delhi,Android_Phone,AmazonPay,0,
TXN00891,2026-02-22 15:43:37,USR00473,USR00314,12188.14,Utilities,P2M,Hyderabad,Web,AmazonPay,0,
TXN05510,2026-02-22 15:47:28,USR00303,USR00132,89.56,Education,P2P,Chennai,Web,GPay,0,
TXN09514,2026-02-22 15:51:45,USR00036,USR00209,210.56,Entertainment,P2M,Delhi,Android_Phone,Paytm,1,new_location
TXN09903,2026-02-22 15:51:59,USR00413,USR00240,278.0,P2P Transfer,P2M,Jaipur,iPhone,AmazonPay,1,new_device
TXN02615,2026-02-22 15:53:29,USR00106,USR00092,2048.38,Entertainment,P2M,Lucknow,Android_Phone,Paytm,0,
TXN04440,2026-02-22 15:55:48,USR00206,USR00023,7924.91,Healthcare,P2P,Pune,iPhone,Paytm,0,
TXN04274,2026-02-22 15:59:43,USR00276,USR00121,2292.03,P2P Transfer,P2M,Bengaluru,Web,Paytm,0,
TXN01287,2026-02-22 16:03:12,USR00153,USR00125,2807.75,Fuel,P2P,Surat,Web,BHIM,0,
TXN01958,2026-02-22 16:03:20,USR00220,USR00340,88.31,Entertainment,P2P,Delhi,Android_Phone,PhonePe,0,
TXN03635,2026-02-22 16:10:15,USR00397,USR00434,1385.27,Rent,P2M,Jaipur,Android_Phone,Paytm,0,
TXN00082,2026-02-22 16:13:08,USR00354,USR00012,4114.74,Entertainment,P2P,Hyderabad,Tablet,Paytm,0,
TXN09570,2026-02-22 16:16:00,USR00143,USR00039,46419.65,Healthcare,P2M,Chennai,Web,Paytm,1,high_amount
TXN05955,2026-02-22 16:32:16,USR00394,USR00004,8899.58,Education,P2P,Chennai,iPhone,Paytm,0,
TXN01257,2026-02-22 16:44:00,USR00104,USR00026,55.36,Healthcare,P2M,Surat,Web,Paytm,0,
TXN04608,2026-02-22 16:45:13,USR00460,USR00160,566.8,Education,P2P,Lucknow,Android_Phone,AmazonPay,0,
TXN01704,2026-02-22 16:47:02,USR00266,USR00054,15698.38,Rent,P2P,Lucknow,iPhone,PhonePe,0,
TXN09687,2026-02-22 17:14:16,USR00468,USR00003,14913.11,Education,P2P,Delhi,Tablet,AmazonPay,1,rapid_burst
TXN05722,2026-02-22 17:38:53,USR00110,USR00112,247.77,Education,P2M,Jaipur,Tablet,GPay,0,
TXN06217,2026-02-22 17:53:16,USR00401,USR00092,1673.4,Utilities,P2M,Chennai,Web,AmazonPay,0,
TXN07019,2026-02-22 18:01:21,USR00455,USR00272,2000.99,Fuel,P2P,Chennai,iPhone,GPay,0,
TXN05243,2026-02-22 18:17:36,USR00226,USR00219,5764.07,Shopping,P2M,Ahmedabad,iPhone,Paytm,0,
TXN00188,2026-02-22 18:20:55,USR00432,USR00375,144.07,Rent,P2P,Jaipur,Web,Paytm,0,
TXN06942,2026-02-22 18:45:36,USR00063,USR00288,4345.52,Travel,P2P,Bengaluru,Android_Phone,Paytm,0,
TXN00292,2026-02-22 18:58:26,USR00410,USR00377,1688.21,Travel,P2M,Delhi,iPhone,BHIM,0,
TXN05328,2026-02-22 18:58:34,USR00088,USR00046,1409.58,Healthcare,P2M,Lucknow,Android_Phone,Paytm,0,
TXN07266,2026-02-22 19:14:36,USR00229,USR00198,17174.49,P2P Transfer,P2P,Nagpur,Web,AmazonPay,0,
TXN07806,2026-02-22 19:21:06,USR00303,USR00457,104.19,Entertainment,P2M,Chennai,Web,GPay,0,
TXN02823,2026-02-22 20:11:15,USR00067,USR00115,529.2,P2P Transfer,P2M,Kolkata,iPhone,PhonePe,0,
TXN05004,2026-02-22 20:20:50,USR00467,USR00278,4049.21,Grocery,P2P,Mumbai,Web,GPay,0,
TXN03698,2026-02-22 20:32:28,USR00016,USR00181,124.38,P2P Transfer,P2M,Surat,Android_Phone,GPay,0,
TXN03599,2026-02-22 20:35:03,USR00245,USR00374,2347.16,Rent,P2M,Delhi,Tablet,GPay,0,
TXN08532,2026-02-22 20:44:01,USR00339,USR00063,8942.19,Travel,P2M,Mumbai,Tablet,AmazonPay,0,
TXN03897,2026-02-22 20:44:59,USR00339,USR00456,4665.62,Fuel,P2P,Mumbai,Tablet,AmazonPay,0,
TXN01312,2026-02-22 20:45:21,USR00187,USR00117,3229.19,Fuel,P2M,Jaipur,Tablet,PhonePe,0,
TXN04376,2026-02-22 20:53:02,USR00130,USR00191,504.25,P2P Transfer,P2M,Kolkata,iPhone,GPay,0,
TXN07821,2026-02-22 20:59:10,USR00124,USR00403,1774.68,Healthcare,P2M,Delhi,iPhone,AmazonPay,0,
TXN08823,2026-02-22 21:20:05,USR00042,USR00486,2347.78,Fuel,P2M,Surat,Tablet,BHIM,0,
TXN03258,2026-02-22 21:27:23,USR00418,USR00409,2855.21,Travel,P2P,Kolkata,Web,BHIM,0,
TXN03050,2026-02-22 21:35:21,USR00108,USR00369,6298.51,Healthcare,P2P,Chennai,Tablet,Paytm,0,
TXN06169,2026-02-22 21:40:15,USR00191,USR00076,102.0,Travel,P2P,Jaipur,Tablet,Paytm,0,
TXN06427,2026-02-22 21:46:28,USR00092,USR00019,11050.42,Food Delivery,P2M,Bengaluru,Android_Phone,Paytm,0,
TXN01742,2026-02-22 21:49:11,USR00027,USR00170,143.37,P2P Transfer,P2M,Mumbai,Web,PhonePe,0,
TXN00071,2026-02-22 21:55:12,USR00121,USR00129,533.61,Shopping,P2P,Delhi,Web,AmazonPay,0,
TXN09371,2026-02-22 22:18:20,USR00310,USR00065,2268.07,Travel,P2P,Hyderabad,iPhone,Paytm,0,
TXN05438,2026-02-22 22:36:17,USR00354,USR00144,6713.06,Fuel,P2P,Hyderabad,Tablet,Paytm,0,
TXN01281,2026-02-22 22:45:56,USR00021,USR00482,5270.36,Shopping,P2M,Surat,Android_Phone,AmazonPay,0,
TXN06292,2026-02-22 22:53:30,USR00142,USR00120,8490.59,Entertainment,P2M,Mumbai,Tablet,Paytm,0,
TXN09914,2026-02-23 00:02:52,USR00001,USR00013,3335.28,Travel,P2M,Pune,iPhone,AmazonPay,1,odd_hour
TXN09701,2026-02-23 04:09:37,USR00262,USR00177,1892.87,Rent,P2P,Mumbai,Tablet,GPay,1,odd_hour
TXN03151,2026-02-23 06:06:42,USR00077,USR00390,1440.05,Grocery,P2P,Ahmedabad,iPhone,BHIM,0,
TXN07950,2026-02-23 06:09:59,USR00498,USR00027,11241.44,Entertainment,P2M,Mumbai,Web,GPay,0,
TXN08205,2026-02-23 06:22:15,USR00074,USR00007,86.33,P2P Transfer,P2M,Nagpur,iPhone,AmazonPay,0,
TXN09171,2026-02-23 06:24:55,USR00308,USR00348,3276.69,Fuel,P2M,Surat,Tablet,BHIM,0,
TXN02627,2026-02-23 06:47:31,USR00417,USR00497,13396.8,Healthcare,P2P,Mumbai,iPhone,PhonePe,0,
TXN04939,2026-02-23 06:56:38,USR00354,USR00144,5507.9,P2P Transfer,P2M,Hyderabad,Tablet,Paytm,0,
TXN08214,2026-02-23 07:00:05,USR00183,USR00111,16832.65,Rent,P2M,Hyderabad,Tablet,AmazonPay,0,
TXN05937,2026-02-23 07:04:13,USR00007,USR00202,110.7,Fuel,P2M,Lucknow,iPhone,BHIM,0,
TXN08954,2026-02-23 07:37:24,USR00003,USR00022,2121.19,Grocery,P2P,Lucknow,Web,AmazonPay,0,
TXN03716,2026-02-23 08:00:53,USR00270,USR00463,315.97,Healthcare,P2P,Pune,Android_Phone,Paytm,0,
TXN09648,2026-02-23 08:05:51,USR00269,USR00421,403.68,Grocery,P2M,Mumbai,Tablet,BHIM,1,new_device
TXN10004,2026-02-23 08:11:00,USR00493,USR00498,121.19,Grocery,P2P,Jaipur,iPhone,GPay,1,rapid_burst
TXN05208,2026-02-23 08:12:11,USR00300,USR00069,2231.31,Entertainment,P2M,Nagpur,Web,AmazonPay,0,
TXN10005,2026-02-23 08:14:00,USR00493,USR00498,131.24,Grocery,P2P,Jaipur,iPhone,GPay,1,rapid_burst
TXN10008,2026-02-23 08:15:00,USR00493,USR00196,73.1,Utilities,P2M,Jaipur,iPhone,GPay,1,rapid_burst
TXN10009,2026-02-23 08:16:00,USR00493,USR00498,139.51,Food Delivery,P2M,Jaipur,iPhone,GPay,1,rapid_burst
TXN10007,2026-02-23 08:17:00,USR00493,USR00196,146.58,P2P Transfer,P2P,Jaipur,iPhone,GPay,1,rapid_burst
TXN10006,2026-02-23 08:17:00,USR00493,USR00196,111.12,Education,P2P,Jaipur,iPhone,GPay,1,rapid_burst
TXN06363,2026-02-23 08:25:59,USR00329,USR00092,4005.59,Shopping,P2P,Kolkata,Android_Phone,AmazonPay,0,
TXN03774,2026-02-23 08:44:22,USR00004,USR00035,1241.72,Shopping,P2M,Lucknow,Web,PhonePe,0,
TXN05877,2026-02-23 08:48:54,USR00271,USR00349,153.3,Fuel,P2P,Nagpur,Tablet,PhonePe,0,
TXN05205,2026-02-23 08:59:47,USR00289,USR00328,14750.57,Healthcare,P2M,Ahmedabad,Tablet,PhonePe,0,
TXN00328,2026-02-23 09:01:55,USR00223,USR00178,461.49,Fuel,P2M,Ahmedabad,Web,BHIM,0,
TXN07685,2026-02-23 09:03:40,USR00151,USR00257,322.75,Grocery,P2P,Surat,iPhone,PhonePe,0,
TXN03859,2026-02-23 09:05:20,USR00409,USR00479,237.23,Education,P2M,Delhi,Android_Phone,BHIM,0,
TXN02902,2026-02-23 09:05:24,USR00293,USR00040,279.1,Utilities,P2P,Bengaluru,iPhone,BHIM,0,
TXN00001,2026-02-23 09:09:18,USR00431,USR00455,9906.63,Utilities,P2P,Pune,Android_Phone,GPay,0,
TXN02908,2026-02-23 09:24:22,USR00182,USR00028,1979.46,Fuel,P2P,Delhi,Tablet,BHIM,0,
TXN05347,2026-02-23 09:24:40,USR00037,USR00426,775.6,Travel,P2M,Lucknow,iPhone,Paytm,0,
TXN07790,2026-02-23 09:47:02,USR00216,USR00493,940.22,Travel,P2M,Chennai,Tablet,Paytm,0,
TXN01517,2026-02-23 09:51:52,USR00291,USR00283,11296.51,Healthcare,P2M,Lucknow,Tablet,BHIM,0,
TXN01553,2026-02-23 10:02:49,USR00369,USR00256,298.37,Rent,P2M,Bengaluru,Web,AmazonPay,0,
TXN03917,2026-02-23 10:04:54,USR00217,USR00349,9141.29,Education,P2P,Delhi,Web,AmazonPay,0,
TXN00960,2026-02-23 10:11:09,USR00005,USR00107,14306.99,Food Delivery,P2P,Surat,Tablet,Paytm,0,
TXN05749,2026-02-23 10:28:13,USR00186,USR00372,5226.11,Rent,P2P,Jaipur,Tablet,GPay,0,
TXN01341,2026-02-23 10:31:00,USR00411,USR00445,2435.27,Rent,P2P,Chennai,Web,Paytm,0,
TXN00599,2026-02-23 10:35:45,USR00065,USR00338,501.99,Travel,P2M,Pune,Android_Phone,PhonePe,0,
TXN08349,2026-02-23 10:40:30,USR00274,USR00112,18589.38,Rent,P2M,Mumbai,iPhone,Paytm,0,
TXN03962,2026-02-23 11:00:28,USR00006,USR00350,958.54,Utilities,P2P,Hyderabad,Tablet,GPay,0,
TXN05583,2026-02-23 11:01:39,USR00242,USR00465,9013.26,Rent,P2M,Kolkata,Android_Phone,Paytm,0,
TXN06357,2026-02-23 11:08:18,USR00287,USR00025,3578.09,Entertainment,P2M,Surat,Web,BHIM,0,
TXN08793,2026-02-23 11:08:53,USR00149,USR00066,738.8,Education,P2P,Jaipur,iPhone,GPay,0,
TXN07859,2026-02-23 11:20:24,USR00423,USR00404,469.51,Healthcare,P2M,Hyderabad,iPhone,GPay,0,
TXN02118,2026-02-23 11:21:56,USR00257,USR00085,150.75,Healthcare,P2M,Ahmedabad,Android_Phone,AmazonPay,0,
TXN00011,2026-02-23 11:22:51,USR00293,USR00040,392.93,Entertainment,P2P,Bengaluru,iPhone,BHIM,0,
TXN02623,2026-02-23 11:28:25,USR00425,USR00193,2068.5,Fuel,P2P,Ahmedabad,Web,Paytm,0,
TXN06643,2026-02-23 11:33:05,USR00327,USR00375,9172.01,Grocery,P2M,Lucknow,Tablet,Paytm,0,
TXN07230,2026-02-23 11:38:53,USR00453,USR00195,77.22,Food Delivery,P2M,Surat,Tablet,AmazonPay,0,
TXN06364,2026-02-23 11:49:05,USR00243,USR00320,13819.39,Entertainment,P2M,Chennai,Android_Phone,Paytm,0,
TXN02154,2026-02-23 11:52:07,USR00126,USR00383,430.63,Fuel,P2M,Ahmedabad,iPhone,AmazonPay,0,
TXN03251,2026-02-23 12:00:01,USR00203,USR00269,334.52,Grocery,P2P,Delhi,Android_Phone,Paytm,0,
TXN02880,2026-02-23 12:08:23,USR00219,USR00273,844.99,Grocery,P2M,Delhi,Tablet,AmazonPay,0,
TXN02765,2026-02-23 12:25:04,USR00005,USR00107,10080.58,P2P Transfer,P2M,Surat,Tablet,Paytm,0,
TXN10197,2026-02-23 12:44:00,USR00441,USR00113,157.74,Grocery,P2M,Chennai,Android_Phone,PhonePe,1,rapid_burst
TXN10199,2026-02-23 12:46:00,USR00441,USR00357,128.25,Grocery,P2P,Chennai,Android_Phone,PhonePe,1,rapid_burst
TXN10198,2026-02-23 12:47:00,USR00441,USR00167,124.82,Healthcare,P2M,Chennai,Android_Phone,PhonePe,1,rapid_burst
TXN10201,2026-02-23 12:48:00,USR00441,USR00289,141.33,Food Delivery,P2P,Chennai,Android_Phone,PhonePe,1,rapid_burst
TXN10200,2026-02-23 12:53:00,USR00441,USR00357,102.13,Fuel,P2M,Chennai,Android_Phone,PhonePe,1,rapid_burst
TXN10202,2026-02-23 12:59:00,USR00441,USR00076,112.94,Grocery,P2P,Chennai,Android_Phone,PhonePe,1,rapid_burst
TXN08678,2026-02-23 13:05:57,USR00453,USR00195,110.11,Fuel,P2P,Surat,Tablet,AmazonPay,0,
TXN07187,2026-02-23 13:10:06,USR00250,USR00198,1330.06,Shopping,P2M,Chennai,Android_Phone,AmazonPay,0,
TXN00222,2026-02-23 13:11:26,USR00372,USR00332,1396.32,Grocery,P2M,Mumbai,Tablet,GPay,0,
TXN07548,2026-02-23 13:25:19,USR00070,USR00299,2389.93,Fuel,P2P,Hyderabad,Tablet,BHIM,0,
TXN00097,2026-02-23 13:28:47,USR00242,USR00067,8123.25,Grocery,P2M,Kolkata,Android_Phone,Paytm,0,
TXN05170,2026-02-23 13:31:46,USR00016,USR00239,120.66,Education,P2M,Surat,Android_Phone,GPay,0,
TXN05431,2026-02-23 14:03:52,USR00064,USR00115,725.24,Healthcare,P2M,Lucknow,Tablet,BHIM,0,
TXN01461,2026-02-23 14:12:17,USR00261,USR00401,9177.77,Healthcare,P2M,Hyderabad,iPhone,Paytm,0,
TXN03042,2026-02-23 14:19:06,USR00317,USR00485,414.75,Education,P2M,Delhi,iPhone,Paytm,0,
TXN04955,2026-02-23 14:45:10,USR00324,USR00343,9845.15,Shopping,P2M,Nagpur,iPhone,GPay,0,
TXN06459,2026-02-23 14:45:22,USR00393,USR00246,7738.65,Utilities,P2P,Lucknow,Tablet,Paytm,0,
TXN01582,2026-02-23 14:47:53,USR00332,USR00258,12668.22,Fuel,P2M,Surat,Android_Phone,BHIM,0,
TXN07117,2026-02-23 14:52:37,USR00176,USR00218,259.94,Grocery,P2M,Bengaluru,iPhone,AmazonPay,0,
TXN03485,2026-02-23 15:09:03,USR00198,USR00168,699.26,Healthcare,P2P,Bengaluru,Web,AmazonPay,0,
TXN00296,2026-02-23 15:25:56,USR00323,USR00498,871.22,Travel,P2M,Pune,Tablet,PhonePe,0,
TXN01059,2026-02-23 15:26:26,USR00297,USR00450,7120.13,Rent,P2P,Mumbai,Tablet,GPay,0,
TXN00414,2026-02-23 15:27:43,USR00173,USR00471,727.13,Travel,P2M,Jaipur,iPhone,PhonePe,0,
TXN08598,2026-02-23 15:36:17,USR00206,USR00350,4557.93,Shopping,P2M,Pune,iPhone,Paytm,0,
TXN02334,2026-02-23 15:37:54,USR00180,USR00348,1060.06,Rent,P2P,Jaipur,Tablet,AmazonPay,0,
TXN02474,2026-02-23 15:41:40,USR00106,USR00139,2683.32,Fuel,P2P,Lucknow,Android_Phone,Paytm,0,
TXN03188,2026-02-23 15:45:31,USR00384,USR00187,226.36,P2P Transfer,P2P,Jaipur,Web,BHIM,0,
TXN05453,2026-02-23 15:48:05,USR00101,USR00258,56.93,Entertainment,P2M,Kolkata,Web,GPay,0,
TXN03416,2026-02-23 15:58:07,USR00113,USR00207,49.17,Food Delivery,P2M,Hyderabad,Tablet,Paytm,0,
TXN00939,2026-02-23 16:01:00,USR00037,USR00155,1068.49,Travel,P2P,Lucknow,iPhone,Paytm,0,
TXN06693,2026-02-23 16:04:31,USR00240,USR00108,359.45,Shopping,P2M,Delhi,Web,BHIM,0,
TXN04805,2026-02-23 16:16:17,USR00041,USR00411,7351.97,Healthcare,P2P,Pune,Tablet,AmazonPay,0,
TXN04153,2026-02-23 16:17:02,USR00490,USR00114,254.44,Healthcare,P2P,Ahmedabad,Tablet,AmazonPay,0,
TXN04330,2026-02-23 16:27:36,USR00366,USR00375,12968.35,Entertainment,P2M,Chennai,Web,BHIM,0,
TXN03392,2026-02-23 16:49:06,USR00036,USR00341,231.05,Utilities,P2P,Nagpur,Android_Phone,Paytm,0,
TXN01148,2026-02-23 16:52:10,USR00190,USR00485,2145.71,Utilities,P2P,Kolkata,iPhone,AmazonPay,0,
TXN08426,2026-02-23 17:08:51,USR00098,USR00064,9951.5,Entertainment,P2M,Mumbai,Web,BHIM,0,
TXN02931,2026-02-23 17:10:15,USR00054,USR00374,2351.22,Utilities,P2M,Ahmedabad,Tablet,PhonePe,0,
TXN01021,2026-02-23 17:11:10,USR00017,USR00274,151.48,Rent,P2P,Pune,Android_Phone,PhonePe,0,
TXN06039,2026-02-23 17:19:03,USR00216,USR00203,758.67,Rent,P2M,Chennai,Tablet,Paytm,0,
TXN02207,2026-02-23 17:22:15,USR00332,USR00240,15203.4,Shopping,P2M,Surat,Android_Phone,BHIM,0,
TXN06492,2026-02-23 17:23:08,USR00226,USR00105,13639.64,Grocery,P2P,Ahmedabad,iPhone,Paytm,0,
TXN08976,2026-02-23 18:01:48,USR00434,USR00359,222.84,Education,P2P,Surat,Web,PhonePe,0,
TXN05943,2026-02-23 18:03:54,USR00248,USR00127,12372.72,Entertainment,P2M,Pune,iPhone,AmazonPay,0,
TXN01551,2026-02-23 18:05:31,USR00488,USR00322,245.59,Utilities,P2P,Bengaluru,Tablet,BHIM,0,
TXN06837,2026-02-23 18:19:34,USR00334,USR00060,2054.89,Food Delivery,P2M,Delhi,Tablet,GPay,0,
TXN05204,2026-02-23 18:26:35,USR00041,USR00356,10697.71,Entertainment,P2P,Pune,Tablet,AmazonPay,0,
TXN00311,2026-02-23 18:52:10,USR00352,USR00047,451.95,Travel,P2P,Jaipur,Tablet,Paytm,0,
TXN03420,2026-02-23 18:57:52,USR00174,USR00152,217.43,Rent,P2P,Mumbai,Web,AmazonPay,0,
TXN04123,2026-02-23 19:04:20,USR00463,USR00012,2002.24,Entertainment,P2M,Lucknow,iPhone,PhonePe,0,
TXN06478,2026-02-23 19:10:42,USR00174,USR00290,175.79,Rent,P2M,Mumbai,Web,AmazonPay,0,
TXN00380,2026-02-23 19:21:10,USR00315,USR00273,556.56,Education,P2P,Mumbai,Tablet,Paytm,0,
TXN09618,2026-02-23 19:43:48,USR00336,USR00317,210514.71,Fuel,P2M,Kolkata,iPhone,BHIM,1,"new_location,high_amount"
TXN05825,2026-02-23 19:43:57,USR00195,USR00379,224.6,Grocery,P2M,Pune,Android_Phone,BHIM,0,
TXN03075,2026-02-23 19:59:07,USR00077,USR00282,1484.31,Travel,P2P,Ahmedabad,iPhone,BHIM,0,
TXN06635,2026-02-23 20:05:25,USR00366,USR00169,16579.27,Food Delivery,P2M,Chennai,Web,BHIM,0,
TXN03394,2026-02-23 20:13:56,USR00272,USR00151,6125.1,Entertainment,P2M,Lucknow,Android_Phone,AmazonPay,0,
TXN00718,2026-02-23 20:24:56,USR00107,USR00324,98.68,Rent,P2M,Delhi,Tablet,GPay,0,
TXN08604,2026-02-23 20:25:14,USR00055,USR00194,48.5,Entertainment,P2P,Lucknow,Tablet,Paytm,0,
TXN07540,2026-02-23 20:34:41,USR00337,USR00493,1517.45,P2P Transfer,P2M,Chennai,Android_Phone,Paytm,0,
TXN05667,2026-02-23 20:47:38,USR00306,USR00261,2100.69,Fuel,P2M,Lucknow,Tablet,Paytm,0,
TXN05946,2026-02-23 20:48:07,USR00339,USR00337,8936.5,Education,P2M,Mumbai,Tablet,AmazonPay,0,
TXN04211,2026-02-23 20:50:01,USR00457,USR00118,7164.07,Entertainment,P2P,Lucknow,Web,GPay,0,
TXN02532,2026-02-23 20:56:47,USR00157,USR00483,1683.52,Travel,P2P,Ahmedabad,Web,BHIM,0,
TXN00056,2026-02-23 21:10:44,USR00072,USR00059,2464.78,Travel,P2P,Delhi,Tablet,BHIM,0,
TXN05141,2026-02-23 21:13:22,USR00437,USR00420,539.66,Rent,P2M,Pune,iPhone,Paytm,0,
TXN01942,2026-02-23 21:25:54,USR00014,USR00283,3064.28,Education,P2M,Mumbai,Web,GPay,0,
TXN07511,2026-02-23 21:55:44,USR00127,USR00225,737.71,Grocery,P2M,Surat,Web,AmazonPay,0,
TXN03975,2026-02-23 22:06:46,USR00315,USR00273,389.46,Food Delivery,P2M,Mumbai,Tablet,Paytm,0,
TXN09191,2026-02-23 22:08:18,USR00081,USR00035,9719.81,Shopping,P2M,Jaipur,Tablet,PhonePe,0,
TXN05408,2026-02-23 22:13:07,USR00109,USR00139,91.73,Fuel,P2M,Ahmedabad,Web,PhonePe,0,
TXN08225,2026-02-23 22:16:23,USR00420,USR00499,3249.09,Education,P2P,Nagpur,Android_Phone,BHIM,0,
TXN07079,2026-02-23 22:41:55,USR00234,USR00134,281.08,Fuel,P2P,Hyderabad,iPhone,Paytm,0,
TXN01697,2026-02-23 22:58:00,USR00491,USR00179,111.22,Rent,P2P,Ahmedabad,Web,BHIM,0,
TXN09495,2026-02-24 01:06:06,USR00474,USR00012,76.9,Food Delivery,P2P,Pune,Web,BHIM,1,"rapid_burst,odd_hour"
TXN10221,2026-02-24 01:45:00,USR00361,USR00107,3032.96,Utilities,P2P,Jaipur,Tablet,Paytm,1,rapid_burst
TXN10223,2026-02-24 01:47:00,USR00361,USR00043,2608.54,Healthcare,P2P,Jaipur,Tablet,Paytm,1,rapid_burst
TXN10222,2026-02-24 01:48:00,USR00361,USR00379,2712.13,Fuel,P2M,Jaipur,Tablet,Paytm,1,rapid_burst
TXN09540,2026-02-24 04:28:06,USR00226,USR00199,79749.6,Rent,P2P,Ahmedabad,iPhone,Paytm,1,"high_amount,odd_hour"
TXN03752,2026-02-24 06:03:50,USR00203,USR00076,130.33,Entertainment,P2M,Delhi,Android_Phone,Paytm,0,
TXN07279,2026-02-24 06:15:10,USR00482,USR00097,70.94,P2P Transfer,P2M,Jaipur,Tablet,BHIM,0,
TXN01412,2026-02-24 06:22:42,USR00231,USR00334,1385.4,Grocery,P2M,Pune,iPhone,BHIM,0,
TXN02572,2026-02-24 06:38:51,USR00467,USR00254,8221.92,Grocery,P2M,Mumbai,Web,GPay,0,
TXN02197,2026-02-24 06:46:17,USR00188,USR00034,2858.96,Food Delivery,P2M,Pune,Android_Phone,GPay,0,
TXN02331,2026-02-24 06:48:40,USR00048,USR00167,1534.24,P2P Transfer,P2P,Kolkata,Web,BHIM,0,
TXN05074,2026-02-24 06:57:12,USR00130,USR00114,544.11,Travel,P2P,Kolkata,iPhone,GPay,0,
TXN04408,2026-02-24 06:59:33,USR00049,USR00332,3853.12,Shopping,P2P,Chennai,Android_Phone,GPay,0,
TXN02076,2026-02-24 07:02:32,USR00449,USR00198,924.92,Entertainment,P2P,Mumbai,Web,Paytm,0,
TXN01569,2026-02-24 07:13:46,USR00212,USR00166,515.13,Fuel,P2P,Lucknow,Android_Phone,BHIM,0,
TXN07796,2026-02-24 07:36:00,USR00407,USR00334,2158.29,Grocery,P2P,Pune,Web,Paytm,0,
TXN07100,2026-02-24 07:47:11,USR00387,USR00113,2014.45,Entertainment,P2P,Delhi,Tablet,Paytm,0,
TXN07153,2026-02-24 07:50:03,USR00021,USR00061,6292.84,Rent,P2M,Surat,Android_Phone,AmazonPay,0,
TXN07660,2026-02-24 07:54:49,USR00003,USR00413,1290.68,Rent,P2M,Lucknow,Web,AmazonPay,0,
TXN00481,2026-02-24 08:10:53,USR00265,USR00149,157.57,Entertainment,P2M,Surat,Tablet,Paytm,0,
TXN02177,2026-02-24 08:27:05,USR00066,USR00147,10707.35,Fuel,P2P,Nagpur,Tablet,Paytm,0,
TXN05626,2026-02-24 08:44:12,USR00123,USR00158,9034.38,Grocery,P2M,Surat,Android_Phone,PhonePe,0,
TXN00587,2026-02-24 09:01:39,USR00098,USR00135,7836.88,Food Delivery,P2P,Mumbai,Web,BHIM,0,
TXN02361,2026-02-24 09:23:56,USR00323,USR00498,642.19,Food Delivery,P2P,Pune,Tablet,PhonePe,0,
TXN06318,2026-02-24 09:47:15,USR00095,USR00327,47.88,Entertainment,P2P,Delhi,Tablet,GPay,0,
TXN06677,2026-02-24 09:54:36,USR00444,USR00397,390.85,Food Delivery,P2P,Pune,iPhone,BHIM,0,
TXN02044,2026-02-24 10:05:47,USR00161,USR00365,121.89,Fuel,P2P,Mumbai,Android_Phone,BHIM,0,
TXN01874,2026-02-24 10:07:23,USR00246,USR00073,4489.45,Utilities,P2M,Kolkata,iPhone,GPay,0,
TXN08903,2026-02-24 10:11:31,USR00155,USR00062,268.58,Utilities,P2P,Chennai,Android_Phone,BHIM,0,
TXN09366,2026-02-24 10:12:34,USR00358,USR00161,1848.26,Shopping,P2P,Surat,Tablet,GPay,0,
TXN05215,2026-02-24 10:16:08,USR00416,USR00148,9053.35,Grocery,P2P,Bengaluru,Android_Phone,BHIM,0,
TXN04514,2026-02-24 10:17:02,USR00060,USR00116,929.59,Grocery,P2M,Delhi,Web,PhonePe,0,
TXN08139,2026-02-24 10:35:08,USR00002,USR00079,2571.64,Travel,P2P,Chennai,Tablet,Paytm,0,
TXN07430,2026-02-24 10:37:19,USR00044,USR00077,8042.34,Shopping,P2M,Chennai,Web,PhonePe,0,
TXN01550,2026-02-24 10:42:20,USR00068,USR00239,1286.14,Grocery,P2P,Ahmedabad,Web,Paytm,0,
TXN02970,2026-02-24 10:46:54,USR00012,USR00374,1444.85,Entertainment,P2P,Pune,Android_Phone,GPay,0,
TXN00118,2026-02-24 10:46:57,USR00147,USR00239,186.94,Utilities,P2P,Mumbai,Tablet,AmazonPay,0,
TXN05179,2026-02-24 11:00:24,USR00221,USR00382,455.49,Entertainment,P2P,Hyderabad,Android_Phone,AmazonPay,0,
TXN08608,2026-02-24 11:23:41,USR00452,USR00031,1716.62,Education,P2M,Pune,Web,BHIM,0,
TXN03928,2026-02-24 11:32:12,USR00311,USR00150,380.55,Rent,P2P,Chennai,Tablet,GPay,0,
TXN00005,2026-02-24 11:38:00,USR00115,USR00179,2886.31,Education,P2P,Jaipur,Android_Phone,PhonePe,0,
TXN07539,2026-02-24 11:57:21,USR00215,USR00440,1457.77,Entertainment,P2P,Chennai,Tablet,AmazonPay,0,
TXN04616,2026-02-24 12:04:00,USR00113,USR00207,118.7,Utilities,P2P,Hyderabad,Tablet,Paytm,0,
TXN04246,2026-02-24 12:17:58,USR00421,USR00348,2374.1,Travel,P2M,Jaipur,Android_Phone,Paytm,0,
TXN06964,2026-02-24 12:19:53,USR00033,USR00204,710.81,Utilities,P2P,Hyderabad,Android_Phone,AmazonPay,0,
TXN02519,2026-02-24 12:27:48,USR00005,USR00181,7214.44,Shopping,P2M,Surat,Tablet,Paytm,0,
TXN04157,2026-02-24 12:35:39,USR00126,USR00145,387.74,Fuel,P2P,Ahmedabad,iPhone,AmazonPay,0,
TXN04113,2026-02-24 12:46:50,USR00309,USR00326,9129.8,Fuel,P2M,Chennai,iPhone,BHIM,0,
TXN02988,2026-02-24 12:54:40,USR00415,USR00320,17732.42,Grocery,P2M,Pune,Tablet,AmazonPay,0,
TXN06608,2026-02-24 13:03:39,USR00355,USR00489,2121.13,Education,P2M,Delhi,Android_Phone,AmazonPay,0,
TXN01991,2026-02-24 13:03:52,USR00133,USR00149,1629.32,Shopping,P2M,Surat,Android_Phone,GPay,0,
TXN07946,2026-02-24 13:09:30,USR00387,USR00134,1707.29,Rent,P2P,Delhi,Tablet,Paytm,0,
TXN07363,2026-02-24 13:14:53,USR00040,USR00322,3348.94,Travel,P2P,Ahmedabad,Android_Phone,BHIM,0,
TXN03798,2026-02-24 13:19:06,USR00092,USR00484,4374.18,Utilities,P2M,Bengaluru,Android_Phone,Paytm,0,
TXN03228,2026-02-24 13:27:35,USR00276,USR00303,2388.17,P2P Transfer,P2P,Bengaluru,Web,Paytm,0,
TXN01112,2026-02-24 13:50:24,USR00012,USR00043,887.0,Travel,P2P,Pune,Android_Phone,GPay,0,
TXN01882,2026-02-24 13:53:11,USR00190,USR00031,3464.23,Entertainment,P2M,Kolkata,iPhone,AmazonPay,0,
TXN01132,2026-02-24 14:09:16,USR00115,USR00463,4225.52,P2P Transfer,P2M,Jaipur,Android_Phone,PhonePe,0,
TXN00198,2026-02-24 14:13:09,USR00412,USR00158,2443.93,Utilities,P2P,Jaipur,Tablet,GPay,0,
TXN09013,2026-02-24 14:26:33,USR00427,USR00326,1218.62,Rent,P2P,Jaipur,Web,AmazonPay,0,
TXN07640,2026-02-24 14:27:23,USR00476,USR00370,15511.62,P2P Transfer,P2P,Delhi,Android_Phone,AmazonPay,0,
TXN03591,2026-02-24 14:28:20,USR00350,USR00433,125.33,Rent,P2P,Bengaluru,iPhone,PhonePe,0,
TXN05916,2026-02-24 14:28:39,USR00101,USR00309,66.11,Utilities,P2M,Kolkata,Web,GPay,0,
TXN04212,2026-02-24 14:31:34,USR00398,USR00065,15126.98,Shopping,P2M,Kolkata,Web,GPay,0,
TXN01027,2026-02-24 14:34:48,USR00402,USR00409,1429.08,Rent,P2P,Kolkata,Tablet,PhonePe,0,
TXN09832,2026-02-24 14:46:07,USR00302,USR00015,3685.23,Education,P2M,Surat,Tablet,PhonePe,1,rapid_burst
TXN09847,2026-02-24 14:53:56,USR00206,USR00443,6644.57,Healthcare,P2M,Pune,iPhone,Paytm,1,new_receiver
TXN08138,2026-02-24 15:07:22,USR00299,USR00330,382.01,Travel,P2P,Nagpur,Web,PhonePe,0,
TXN09780,2026-02-24 15:14:33,USR00176,USR00327,242.95,Food Delivery,P2P,Ahmedabad,iPhone,AmazonPay,1,new_location
TXN03460,2026-02-24 15:18:20,USR00413,USR00176,191.47,Fuel,P2P,Jaipur,Android_Phone,AmazonPay,0,
TXN07962,2026-02-24 15:29:16,USR00122,USR00043,358.46,Entertainment,P2M,Hyderabad,Web,Paytm,0,
TXN00468,2026-02-24 15:32:39,USR00241,USR00050,5394.17,Utilities,P2M,Chennai,Tablet,BHIM,0,
TXN07716,2026-02-24 15:34:19,USR00106,USR00092,2194.5,Shopping,P2P,Lucknow,Android_Phone,Paytm,0,
TXN06437,2026-02-24 15:39:26,USR00204,USR00423,2997.94,Grocery,P2P,Nagpur,iPhone,GPay,0,
TXN07487,2026-02-24 15:44:47,USR00317,USR00152,287.44,Travel,P2M,Delhi,iPhone,Paytm,0,
TXN08466,2026-02-24 15:45:26,USR00275,USR00126,14403.31,P2P Transfer,P2M,Bengaluru,iPhone,PhonePe,0,
TXN07671,2026-02-24 15:46:04,USR00304,USR00137,1909.59,Grocery,P2M,Surat,iPhone,BHIM,0,
TXN06770,2026-02-24 15:49:07,USR00486,USR00179,253.76,Grocery,P2M,Pune,Android_Phone,Paytm,0,
TXN06720,2026-02-24 15:52:17,USR00127,USR00236,759.36,Entertainment,P2M,Surat,Web,AmazonPay,0,
TXN03617,2026-02-24 15:58:17,USR00344,USR00413,436.44,Travel,P2P,Surat,Tablet,AmazonPay,0,
TXN00729,2026-02-24 16:12:36,USR00310,USR00065,3207.66,Fuel,P2P,Hyderabad,iPhone,Paytm,0,
TXN04079,2026-02-24 16:20:38,USR00444,USR00397,400.67,Entertainment,P2M,Pune,iPhone,BHIM,0,
TXN05629,2026-02-24 16:21:42,USR00101,USR00258,77.63,Grocery,P2M,Kolkata,Web,GPay,0,
TXN06011,2026-02-24 16:22:43,USR00152,USR00023,411.34,Food Delivery,P2M,Mumbai,Android_Phone,AmazonPay,0,
TXN04672,2026-02-24 16:40:36,USR00456,USR00155,19198.99,Utilities,P2M,Kolkata,Web,Paytm,0,
TXN00032,2026-02-24 16:44:57,USR00472,USR00055,4903.71,Fuel,P2M,Nagpur,iPhone,AmazonPay,0,
TXN06816,2026-02-24 16:55:20,USR00010,USR00080,10753.51,Travel,P2P,Surat,Web,BHIM,0,
TXN00975,2026-02-24 17:13:39,USR00394,USR00004,6764.06,Shopping,P2M,Chennai,iPhone,Paytm,0,
TXN00225,2026-02-24 17:47:38,USR00365,USR00161,4304.86,Food Delivery,P2P,Lucknow,iPhone,GPay,0,
TXN09141,2026-02-24 17:58:56,USR00184,USR00478,11578.04,Utilities,P2P,Jaipur,Android_Phone,GPay,0,
TXN01020,2026-02-24 18:09:18,USR00334,USR00060,5014.02,Healthcare,P2M,Delhi,Tablet,GPay,0,
TXN04496,2026-02-24 18:17:44,USR00143,USR00070,3067.51,Healthcare,P2P,Chennai,Web,Paytm,0,
TXN09307,2026-02-24 18:19:26,USR00402,USR00409,2164.32,Shopping,P2M,Kolkata,Tablet,PhonePe,0,
TXN00772,2026-02-24 18:21:01,USR00341,USR00140,12612.81,Entertainment,P2P,Lucknow,Tablet,Paytm,0,
TXN05494,2026-02-24 18:29:54,USR00429,USR00056,7255.46,Healthcare,P2M,Kolkata,Web,GPay,0,
TXN00847,2026-02-24 18:35:08,USR00220,USR00336,64.32,Education,P2P,Delhi,Android_Phone,PhonePe,0,
TXN03448,2026-02-24 18:38:11,USR00298,USR00497,451.36,P2P Transfer,P2M,Ahmedabad,Web,PhonePe,0,
TXN01972,2026-02-24 19:04:09,USR00326,USR00218,186.44,Utilities,P2P,Chennai,Web,GPay,0,
TXN09170,2026-02-24 19:26:55,USR00010,USR00080,8339.05,Shopping,P2M,Surat,Web,BHIM,0,
TXN06831,2026-02-24 19:28:28,USR00226,USR00002,6073.11,Fuel,P2P,Ahmedabad,iPhone,Paytm,0,
TXN08160,2026-02-24 19:40:31,USR00276,USR00121,2692.84,Fuel,P2M,Bengaluru,Web,Paytm,0,
TXN01168,2026-02-24 19:41:01,USR00032,USR00407,318.92,Food Delivery,P2P,Chennai,Tablet,PhonePe,0,
TXN04781,2026-02-24 19:48:55,USR00305,USR00363,475.17,Education,P2P,Hyderabad,iPhone,Paytm,0,
TXN02411,2026-02-24 19:59:27,USR00075,USR00361,4585.73,Shopping,P2M,Ahmedabad,iPhone,BHIM,0,
TXN02911,2026-02-24 20:01:32,USR00467,USR00437,9535.84,Fuel,P2M,Mumbai,Web,GPay,0,
TXN05757,2026-02-24 20:16:00,USR00183,USR00381,12509.22,Food Delivery,P2P,Hyderabad,Tablet,AmazonPay,0,
TXN02941,2026-02-24 20:20:52,USR00018,USR00496,4362.01,Travel,P2M,Mumbai,Android_Phone,PhonePe,0,
TXN08916,2026-02-24 20:29:28,USR00274,USR00015,13657.03,Healthcare,P2M,Mumbai,iPhone,Paytm,0,
TXN02496,2026-02-24 20:30:16,USR00482,USR00174,58.86,Shopping,P2P,Jaipur,Tablet,BHIM,0,
TXN08983,2026-02-24 20:35:18,USR00100,USR00041,910.69,Shopping,P2P,Ahmedabad,Android_Phone,PhonePe,0,
TXN05031,2026-02-24 20:39:45,USR00042,USR00162,5945.37,Healthcare,P2P,Surat,Tablet,BHIM,0,
TXN01355,2026-02-24 20:44:52,USR00127,USR00225,1061.13,Entertainment,P2M,Surat,Web,AmazonPay,0,
TXN08356,2026-02-24 20:48:54,USR00257,USR00130,212.24,Food Delivery,P2M,Ahmedabad,Android_Phone,AmazonPay,0,
TXN08005,2026-02-24 20:49:49,USR00114,USR00268,321.45,Rent,P2P,Kolkata,iPhone,Paytm,0,
TXN00308,2026-02-24 20:53:26,USR00075,USR00260,3686.67,Food Delivery,P2P,Ahmedabad,iPhone,BHIM,0,
TXN09346,2026-02-24 20:58:39,USR00108,USR00159,14243.32,Food Delivery,P2M,Chennai,Tablet,Paytm,0,
TXN05700,2026-02-24 21:00:32,USR00344,USR00216,296.1,Utilities,P2P,Surat,Tablet,AmazonPay,0,
TXN01734,2026-02-24 21:06:43,USR00287,USR00121,3032.47,Shopping,P2M,Surat,Web,BHIM,0,
TXN01645,2026-02-24 21:11:39,USR00488,USR00428,146.51,Entertainment,P2M,Bengaluru,Tablet,BHIM,0,
TXN06860,2026-02-24 21:32:33,USR00154,USR00073,2624.2,Rent,P2P,Ahmedabad,Tablet,Paytm,0,
TXN06642,2026-02-24 21:36:20,USR00275,USR00336,18398.42,P2P Transfer,P2P,Bengaluru,iPhone,PhonePe,0,
TXN06580,2026-02-24 21:36:47,USR00460,USR00160,521.81,Utilities,P2P,Lucknow,Android_Phone,AmazonPay,0,
TXN03429,2026-02-24 21:44:42,USR00333,USR00329,1804.5,Fuel,P2M,Mumbai,Web,PhonePe,0,
TXN00732,2026-02-24 21:50:11,USR00414,USR00003,9267.8,Shopping,P2P,Hyderabad,Tablet,BHIM,0,
TXN05890,2026-02-24 21:52:25,USR00376,USR00011,20766.35,Shopping,P2M,Surat,iPhone,AmazonPay,0,
TXN03510,2026-02-24 21:59:05,USR00240,USR00422,641.52,Rent,P2M,Delhi,Web,BHIM,0,
TXN04061,2026-02-24 22:02:21,USR00038,USR00407,262.96,Healthcare,P2P,Jaipur,iPhone,PhonePe,0,
TXN00583,2026-02-24 22:15:39,USR00042,USR00304,8129.55,Travel,P2P,Surat,Tablet,BHIM,0,
TXN08284,2026-02-24 22:26:58,USR00414,USR00191,11724.54,Education,P2P,Hyderabad,Tablet,BHIM,0,
TXN06020,2026-02-24 22:32:19,USR00475,USR00005,8305.1,Grocery,P2M,Chennai,Web,Paytm,0,
TXN00728,2026-02-24 22:38:47,USR00452,USR00031,1360.5,Fuel,P2P,Pune,Web,BHIM,0,
TXN10137,2026-02-24 22:40:00,USR00499,USR00195,1544.37,Shopping,P2P,Surat,Tablet,BHIM,1,rapid_burst
TXN08241,2026-02-24 22:40:16,USR00215,USR00220,1449.97,Grocery,P2P,Chennai,Tablet,AmazonPay,0,
TXN10138,2026-02-24 22:42:00,USR00499,USR00207,1258.0,Utilities,P2M,Surat,Tablet,BHIM,1,rapid_burst
TXN10140,2026-02-24 22:43:00,USR00499,USR00364,880.84,Food Delivery,P2M,Surat,Tablet,BHIM,1,rapid_burst
TXN10141,2026-02-24 22:44:00,USR00499,USR00195,1232.48,Fuel,P2P,Surat,Tablet,BHIM,1,rapid_burst
TXN10139,2026-02-24 22:46:00,USR00499,USR00195,1058.72,Education,P2M,Surat,Tablet,BHIM,1,rapid_burst
TXN10142,2026-02-24 22:50:00,USR00499,USR00207,1125.31,Shopping,P2M,Surat,Tablet,BHIM,1,rapid_burst
TXN09777,2026-02-25 04:19:47,USR00305,USR00482,706.6,Utilities,P2P,Nagpur,iPhone,Paytm,1,"new_location,odd_hour"
TXN09414,2026-02-25 04:40:40,USR00304,USR00346,1187.86,Rent,P2P,Surat,Web,BHIM,1,"new_device,odd_hour"
TXN01876,2026-02-25 06:27:55,USR00226,USR00109,6218.78,Grocery,P2M,Ahmedabad,iPhone,Paytm,0,
TXN03342,2026-02-25 06:47:31,USR00486,USR00179,200.37,Entertainment,P2M,Pune,Android_Phone,Paytm,0,
TXN06251,2026-02-25 06:47:53,USR00356,USR00359,9579.4,Rent,P2M,Pune,Android_Phone,BHIM,0,
TXN01144,2026-02-25 06:54:41,USR00428,USR00495,151.31,Shopping,P2P,Nagpur,Web,AmazonPay,0,
TXN04847,2026-02-25 07:03:36,USR00022,USR00160,2821.11,Shopping,P2P,Hyderabad,Web,PhonePe,0,
TXN06879,2026-02-25 07:29:30,USR00421,USR00348,2380.77,Healthcare,P2P,Jaipur,Android_Phone,Paytm,0,
TXN03072,2026-02-25 07:31:38,USR00488,USR00303,114.94,Grocery,P2P,Bengaluru,Tablet,BHIM,0,
TXN06800,2026-02-25 07:41:09,USR00367,USR00430,1287.1,Utilities,P2M,Surat,iPhone,AmazonPay,0,
TXN03907,2026-02-25 08:00:23,USR00225,USR00236,32.07,Travel,P2P,Chennai,iPhone,PhonePe,0,
TXN00895,2026-02-25 08:01:44,USR00445,USR00304,1493.5,Food Delivery,P2P,Pune,Web,Paytm,0,
TXN08347,2026-02-25 08:01:57,USR00205,USR00359,1819.22,Shopping,P2P,Mumbai,Tablet,GPay,0,
TXN04981,2026-02-25 08:10:30,USR00291,USR00430,13798.5,Travel,P2M,Lucknow,Tablet,BHIM,0,
TXN06537,2026-02-25 08:11:35,USR00473,USR00314,8764.52,Travel,P2P,Hyderabad,Web,AmazonPay,0,
TXN06451,2026-02-25 08:16:19,USR00345,USR00384,1495.13,Food Delivery,P2P,Pune,Android_Phone,Paytm,0,
TXN07776,2026-02-25 08:18:05,USR00150,USR00177,304.53,Shopping,P2P,Chennai,iPhone,AmazonPay,0,
TXN06010,2026-02-25 08:24:37,USR00290,USR00137,86.87,Shopping,P2M,Ahmedabad,Tablet,GPay,0,
TXN06067,2026-02-25 08:25:22,USR00305,USR00363,450.29,P2P Transfer,P2M,Hyderabad,iPhone,Paytm,0,
TXN06978,2026-02-25 08:25:47,USR00208,USR00118,345.86,Entertainment,P2M,Mumbai,Web,GPay,0,
TXN08972,2026-02-25 08:29:35,USR00329,USR00092,3225.37,Entertainment,P2M,Kolkata,Android_Phone,AmazonPay,0,
TXN09854,2026-02-25 08:31:11,USR00403,USR00371,528.83,Utilities,P2P,Ahmedabad,Web,GPay,1,new_receiver
TXN00973,2026-02-25 08:35:28,USR00364,USR00099,14652.33,Entertainment,P2P,Lucknow,Web,Paytm,0,
TXN05902,2026-02-25 08:36:55,USR00118,USR00330,947.73,Entertainment,P2M,Chennai,Android_Phone,GPay,0,
TXN03957,2026-02-25 08:43:45,USR00129,USR00425,9782.62,Education,P2M,Ahmedabad,Web,PhonePe,0,
TXN04739,2026-02-25 08:47:51,USR00148,USR00037,974.87,P2P Transfer,P2P,Jaipur,Tablet,PhonePe,0,
TXN02310,2026-02-25 08:51:09,USR00312,USR00027,405.54,Food Delivery,P2P,Jaipur,Tablet,PhonePe,0,
TXN07127,2026-02-25 09:23:55,USR00236,USR00143,192.37,Rent,P2M,Lucknow,Android_Phone,PhonePe,0,
TXN01446,2026-02-25 09:38:01,USR00254,USR00006,1222.89,Food Delivery,P2P,Hyderabad,Android_Phone,PhonePe,0,
TXN06835,2026-02-25 09:47:14,USR00182,USR00414,1707.59,P2P Transfer,P2M,Delhi,Tablet,BHIM,0,
TXN07885,2026-02-25 10:10:16,USR00020,USR00160,345.09,Travel,P2P,Lucknow,Android_Phone,BHIM,0,
TXN06745,2026-02-25 10:11:55,USR00060,USR00184,1066.22,Education,P2P,Delhi,Web,PhonePe,0,
TXN04174,2026-02-25 10:14:18,USR00298,USR00497,513.04,P2P Transfer,P2M,Ahmedabad,Web,PhonePe,0,
TXN03929,2026-02-25 10:17:00,USR00211,USR00067,7064.24,Utilities,P2P,Hyderabad,Web,PhonePe,0,
TXN03970,2026-02-25 10:25:16,USR00199,USR00180,2050.2,Education,P2P,Ahmedabad,Tablet,PhonePe,0,
TXN03281,2026-02-25 10:34:33,USR00209,USR00192,1004.99,Grocery,P2P,Pune,Tablet,PhonePe,0,
TXN08674,2026-02-25 10:35:14,USR00279,USR00440,2552.17,Shopping,P2P,Delhi,iPhone,BHIM,0,
TXN09938,2026-02-25 10:38:16,USR00357,USR00210,124374.13,Healthcare,P2M,Mumbai,Web,PhonePe,1,"new_receiver,high_amount"
TXN01101,2026-02-25 10:43:19,USR00091,USR00055,136.97,Education,P2M,Surat,Tablet,GPay,0,
TXN01529,2026-02-25 11:09:26,USR00223,USR00247,307.29,Grocery,P2M,Ahmedabad,Web,BHIM,0,
TXN07696,2026-02-25 11:12:34,USR00083,USR00125,17551.04,Healthcare,P2M,Kolkata,Web,AmazonPay,0,
TXN02617,2026-02-25 11:15:58,USR00400,USR00241,816.58,Travel,P2P,Pune,Web,Paytm,0,
TXN05839,2026-02-25 11:20:45,USR00142,USR00120,10678.82,Travel,P2P,Mumbai,Tablet,Paytm,0,
TXN07689,2026-02-25 11:23:26,USR00359,USR00144,10832.48,Grocery,P2P,Hyderabad,Android_Phone,BHIM,0,
TXN03792,2026-02-25 11:28:23,USR00370,USR00289,1425.68,P2P Transfer,P2P,Ahmedabad,iPhone,AmazonPay,0,
TXN07078,2026-02-25 11:37:44,USR00479,USR00192,562.8,Food Delivery,P2M,Hyderabad,iPhone,AmazonPay,0,
TXN01732,2026-02-25 11:42:17,USR00278,USR00367,651.53,Travel,P2M,Bengaluru,iPhone,Paytm,0,
TXN00221,2026-02-25 11:54:13,USR00195,USR00060,331.92,Shopping,P2M,Pune,Android_Phone,BHIM,0,
TXN03114,2026-02-25 12:18:07,USR00472,USR00055,5925.58,Rent,P2M,Nagpur,iPhone,AmazonPay,0,
TXN06767,2026-02-25 12:24:05,USR00343,USR00355,2614.62,Healthcare,P2P,Nagpur,iPhone,Paytm,0,
TXN01863,2026-02-25 12:24:21,USR00292,USR00264,174.17,Travel,P2P,Jaipur,Android_Phone,PhonePe,0,
TXN04555,2026-02-25 12:27:08,USR00472,USR00313,6410.19,Rent,P2M,Nagpur,iPhone,AmazonPay,0,
TXN04308,2026-02-25 12:27:56,USR00005,USR00107,8846.58,Rent,P2P,Surat,Tablet,Paytm,0,
TXN05466,2026-02-25 12:28:53,USR00082,USR00153,1182.67,Entertainment,P2P,Ahmedabad,Android_Phone,GPay,0,
TXN00791,2026-02-25 12:37:58,USR00073,USR00389,482.3,Entertainment,P2P,Surat,Tablet,PhonePe,0,
TXN03316,2026-02-25 12:38:44,USR00153,USR00412,1009.08,Travel,P2P,Surat,Web,BHIM,0,
TXN09053,2026-02-25 12:47:36,USR00358,USR00344,3034.8,Travel,P2P,Surat,Tablet,GPay,0,
TXN04327,2026-02-25 12:50:03,USR00046,USR00249,19449.18,Rent,P2P,Jaipur,Tablet,Paytm,0,
TXN05873,2026-02-25 12:51:29,USR00156,USR00167,7687.65,Healthcare,P2M,Pune,Tablet,AmazonPay,0,
TXN02203,2026-02-25 12:57:39,USR00292,USR00292,196.67,Education,P2M,Jaipur,Android_Phone,PhonePe,0,
TXN06778,2026-02-25 12:59:18,USR00179,USR00113,1771.51,Food Delivery,P2M,Surat,Android_Phone,PhonePe,0,
TXN00141,2026-02-25 13:02:12,USR00396,USR00117,5582.74,Grocery,P2P,Hyderabad,iPhone,PhonePe,0,
TXN06590,2026-02-25 13:05:42,USR00331,USR00221,227.26,Grocery,P2M,Jaipur,Web,PhonePe,0,
TXN06152,2026-02-25 13:25:07,USR00057,USR00229,284.89,P2P Transfer,P2P,Nagpur,iPhone,GPay,0,
TXN07498,2026-02-25 13:25:25,USR00040,USR00294,3263.57,Healthcare,P2M,Ahmedabad,Android_Phone,BHIM,0,
TXN03567,2026-02-25 13:51:08,USR00321,USR00359,94.48,Travel,P2M,Jaipur,Android_Phone,GPay,0,
TXN00829,2026-02-25 13:52:33,USR00379,USR00067,156.02,Food Delivery,P2P,Pune,Android_Phone,AmazonPay,0,
TXN03834,2026-02-25 14:02:22,USR00155,USR00136,177.14,P2P Transfer,P2M,Chennai,Android_Phone,BHIM,0,
TXN07873,2026-02-25 14:21:47,USR00448,USR00318,7226.05,Utilities,P2M,Jaipur,Web,GPay,0,
TXN00904,2026-02-25 14:33:17,USR00416,USR00326,8225.61,P2P Transfer,P2M,Bengaluru,Android_Phone,BHIM,0,
TXN01170,2026-02-25 14:35:05,USR00157,USR00046,1970.11,Healthcare,P2P,Ahmedabad,Web,BHIM,0,
TXN04655,2026-02-25 14:53:00,USR00310,USR00241,4295.78,P2P Transfer,P2M,Hyderabad,iPhone,Paytm,0,
TXN03329,2026-02-25 14:53:43,USR00076,USR00212,4390.31,Utilities,P2M,Delhi,iPhone,Paytm,0,
TXN04194,2026-02-25 15:01:31,USR00303,USR00428,73.32,Entertainment,P2M,Chennai,Web,GPay,0,
TXN07905,2026-02-25 15:09:51,USR00254,USR00061,1732.92,Grocery,P2P,Hyderabad,Android_Phone,PhonePe,0,
TXN02201,2026-02-25 15:10:42,USR00129,USR00075,9028.82,Food Delivery,P2M,Ahmedabad,Web,PhonePe,0,
TXN00899,2026-02-25 15:18:48,USR00322,USR00368,419.15,Utilities,P2P,Kolkata,iPhone,AmazonPay,0,
TXN04722,2026-02-25 15:39:32,USR00359,USR00391,13284.43,Healthcare,P2M,Hyderabad,Android_Phone,BHIM,0,
TXN03205,2026-02-25 15:56:58,USR00310,USR00241,3775.54,Grocery,P2M,Hyderabad,iPhone,Paytm,0,
TXN04538,2026-02-25 15:59:17,USR00391,USR00099,85.03,P2P Transfer,P2M,Pune,Web,GPay,0,
TXN04523,2026-02-25 16:00:54,USR00320,USR00334,5316.53,Fuel,P2P,Jaipur,Web,GPay,0,
TXN00368,2026-02-25 16:04:06,USR00312,USR00211,467.47,Travel,P2P,Jaipur,Tablet,PhonePe,0,
TXN01472,2026-02-25 16:37:55,USR00122,USR00043,175.62,Healthcare,P2M,Hyderabad,Web,Paytm,0,
TXN09108,2026-02-25 16:43:17,USR00452,USR00141,1614.22,Healthcare,P2M,Pune,Web,BHIM,0,
TXN01481,2026-02-25 16:46:28,USR00010,USR00080,10359.45,Food Delivery,P2M,Surat,Web,BHIM,0,
TXN06443,2026-02-25 16:53:39,USR00122,USR00362,304.88,Utilities,P2P,Hyderabad,Web,Paytm,0,
TXN07999,2026-02-25 16:57:19,USR00398,USR00295,16903.63,Travel,P2M,Kolkata,Web,GPay,0,
TXN06889,2026-02-25 17:15:26,USR00223,USR00178,476.34,Entertainment,P2M,Ahmedabad,Web,BHIM,0,
TXN04710,2026-02-25 17:16:42,USR00463,USR00069,1819.75,Travel,P2M,Lucknow,iPhone,PhonePe,0,
TXN09602,2026-02-25 17:22:39,USR00130,USR00114,6159.15,Fuel,P2P,Kolkata,Tablet,GPay,1,"high_amount,new_device"
TXN06916,2026-02-25 17:47:11,USR00091,USR00119,85.66,Rent,P2P,Surat,Tablet,GPay,0,
TXN04391,2026-02-25 18:00:49,USR00393,USR00246,8014.84,Entertainment,P2P,Lucknow,Tablet,Paytm,0,
TXN05136,2026-02-25 18:01:30,USR00199,USR00407,1289.39,Rent,P2P,Ahmedabad,Tablet,PhonePe,0,
TXN04954,2026-02-25 18:08:16,USR00396,USR00103,4122.3,P2P Transfer,P2M,Hyderabad,iPhone,PhonePe,0,
TXN00485,2026-02-25 18:10:11,USR00335,USR00326,532.25,Utilities,P2P,Delhi,Android_Phone,AmazonPay,0,
TXN02388,2026-02-25 18:11:20,USR00146,USR00260,409.72,Food Delivery,P2M,Nagpur,iPhone,PhonePe,0,
TXN05436,2026-02-25 18:25:20,USR00196,USR00332,372.88,Rent,P2P,Hyderabad,Web,Paytm,0,
TXN05026,2026-02-25 18:26:25,USR00129,USR00075,8168.83,Grocery,P2M,Ahmedabad,Web,PhonePe,0,
TXN02504,2026-02-25 18:28:09,USR00441,USR00113,57.74,Grocery,P2P,Chennai,Android_Phone,PhonePe,0,
TXN09178,2026-02-25 18:32:42,USR00441,USR00357,58.47,Entertainment,P2P,Chennai,Android_Phone,PhonePe,0,
TXN09300,2026-02-25 18:42:24,USR00442,USR00201,1583.55,P2P Transfer,P2P,Pune,Android_Phone,Paytm,0,
TXN05909,2026-02-25 18:43:27,USR00308,USR00369,2995.62,Utilities,P2P,Surat,Tablet,BHIM,0,
TXN09928,2026-02-25 18:45:32,USR00004,USR00360,9796.44,Education,P2M,Lucknow,Web,PhonePe,1,high_amount
TXN08973,2026-02-25 18:46:55,USR00410,USR00158,1649.9,Food Delivery,P2M,Delhi,iPhone,BHIM,0,
TXN04434,2026-02-25 18:58:14,USR00111,USR00061,644.94,Education,P2M,Hyderabad,iPhone,BHIM,0,
TXN06329,2026-02-25 19:00:33,USR00207,USR00288,9692.61,Grocery,P2M,Nagpur,iPhone,PhonePe,0,
TXN04500,2026-02-25 19:02:30,USR00321,USR00242,141.78,Rent,P2M,Jaipur,Android_Phone,GPay,0,
TXN08190,2026-02-25 19:24:46,USR00043,USR00266,1196.97,Entertainment,P2P,Pune,Web,PhonePe,0,
TXN00183,2026-02-25 19:42:34,USR00258,USR00186,484.51,Shopping,P2M,Pune,Android_Phone,BHIM,0,
TXN06155,2026-02-25 19:43:12,USR00226,USR00219,6579.45,P2P Transfer,P2M,Ahmedabad,iPhone,Paytm,0,
TXN08232,2026-02-25 19:47:24,USR00451,USR00381,6478.66,Utilities,P2M,Jaipur,iPhone,PhonePe,0,
TXN09292,2026-02-25 19:54:33,USR00340,USR00088,491.76,Healthcare,P2M,Jaipur,Tablet,PhonePe,0,
TXN09447,2026-02-25 19:55:54,USR00020,USR00160,2587.7,Education,P2P,Lucknow,Android_Phone,BHIM,1,"rapid_burst,high_amount"
TXN00022,2026-02-25 20:00:18,USR00074,USR00282,102.9,Healthcare,P2M,Nagpur,iPhone,AmazonPay,0,
TXN06559,2026-02-25 20:02:31,USR00091,USR00345,72.66,Shopping,P2M,Surat,Tablet,GPay,0,
TXN03476,2026-02-25 20:04:30,USR00407,USR00334,1040.86,Fuel,P2M,Pune,Web,Paytm,0,
TXN04110,2026-02-25 20:11:44,USR00492,USR00284,64.5,Fuel,P2P,Kolkata,Android_Phone,GPay,0,
TXN03341,2026-02-25 20:15:01,USR00042,USR00304,6391.65,P2P Transfer,P2M,Surat,Tablet,BHIM,0,
TXN08250,2026-02-25 20:22:29,USR00306,USR00261,1883.77,Healthcare,P2M,Lucknow,Tablet,Paytm,0,
TXN09943,2026-02-25 20:23:43,USR00154,USR00174,2801.1,Rent,P2P,Surat,Tablet,Paytm,1,new_location
TXN04951,2026-02-25 20:56:15,USR00467,USR00437,6927.3,Travel,P2M,Mumbai,Web,GPay,0,
TXN02422,2026-02-25 21:05:23,USR00278,USR00470,483.13,Education,P2P,Bengaluru,iPhone,Paytm,0,
TXN03283,2026-02-25 21:27:28,USR00094,USR00185,4049.24,Travel,P2P,Pune,Web,GPay,0,
TXN07578,2026-02-25 21:57:43,USR00013,USR00159,260.77,P2P Transfer,P2P,Pune,Tablet,BHIM,0,
TXN01429,2026-02-25 22:01:45,USR00406,USR00489,419.02,Rent,P2P,Lucknow,Tablet,PhonePe,0,
TXN03984,2026-02-25 22:04:51,USR00060,USR00116,1711.22,Utilities,P2P,Delhi,Web,PhonePe,0,
TXN00615,2026-02-25 22:23:09,USR00118,USR00437,562.84,Food Delivery,P2M,Chennai,Android_Phone,GPay,0,
TXN05857,2026-02-25 22:43:17,USR00036,USR00209,172.04,Education,P2M,Nagpur,Android_Phone,Paytm,0,
TXN00219,2026-02-25 22:49:58,USR00007,USR00202,59.44,Rent,P2M,Lucknow,iPhone,BHIM,0,
TXN01475,2026-02-25 22:50:56,USR00105,USR00188,478.36,Fuel,P2P,Delhi,iPhone,Paytm,0,
TXN04429,2026-02-25 22:53:39,USR00084,USR00326,2090.02,Grocery,P2P,Ahmedabad,iPhone,Paytm,0,
TXN04060,2026-02-26 06:01:00,USR00131,USR00361,10208.15,Shopping,P2M,Ahmedabad,Web,BHIM,0,
TXN09054,2026-02-26 06:09:58,USR00459,USR00387,12281.17,Rent,P2P,Pune,Tablet,PhonePe,0,
TXN04896,2026-02-26 06:35:57,USR00131,USR00240,16545.55,Travel,P2M,Ahmedabad,Web,BHIM,0,
TXN03361,2026-02-26 06:41:18,USR00249,USR00027,16005.39,P2P Transfer,P2P,Nagpur,iPhone,PhonePe,0,
TXN00285,2026-02-26 06:51:29,USR00361,USR00484,1217.68,Food Delivery,P2P,Jaipur,Tablet,Paytm,0,
TXN05255,2026-02-26 07:08:00,USR00273,USR00183,4216.57,Utilities,P2P,Surat,iPhone,BHIM,0,
TXN00293,2026-02-26 07:09:49,USR00483,USR00235,13078.44,Travel,P2P,Nagpur,iPhone,AmazonPay,0,
TXN02410,2026-02-26 07:29:36,USR00426,USR00097,92.53,Fuel,P2M,Jaipur,Web,Paytm,0,
TXN03643,2026-02-26 07:47:02,USR00388,USR00419,570.44,Education,P2M,Nagpur,Web,BHIM,0,
TXN03873,2026-02-26 07:55:37,USR00325,USR00463,982.62,Entertainment,P2M,Nagpur,Android_Phone,PhonePe,0,
TXN09266,2026-02-26 07:59:56,USR00264,USR00297,87.68,Entertainment,P2M,Ahmedabad,Web,AmazonPay,0,
TXN09724,2026-02-26 08:03:03,USR00400,USR00490,532.18,Food Delivery,P2P,Jaipur,Web,Paytm,1,new_location
TXN04975,2026-02-26 08:08:28,USR00203,USR00098,322.99,Education,P2P,Delhi,Android_Phone,Paytm,0,
TXN09463,2026-02-26 08:17:08,USR00225,USR00408,41.09,Food Delivery,P2P,Chennai,iPhone,PhonePe,1,new_receiver
TXN01945,2026-02-26 08:17:26,USR00139,USR00410,2381.7,Shopping,P2M,Jaipur,Web,GPay,0,
TXN03891,2026-02-26 08:31:48,USR00385,USR00176,8411.33,Rent,P2M,Hyderabad,Tablet,BHIM,0,
TXN00871,2026-02-26 09:00:29,USR00236,USR00272,365.03,Fuel,P2M,Lucknow,Android_Phone,PhonePe,0,
TXN06042,2026-02-26 09:06:08,USR00361,USR00107,1408.32,Travel,P2M,Jaipur,Tablet,Paytm,0,
TXN05258,2026-02-26 09:10:01,USR00219,USR00245,758.69,Rent,P2M,Delhi,Tablet,AmazonPay,0,
TXN06387,2026-02-26 09:24:25,USR00099,USR00113,931.47,Utilities,P2M,Ahmedabad,Android_Phone,AmazonPay,0,
TXN00199,2026-02-26 09:26:16,USR00496,USR00387,816.83,Education,P2M,Lucknow,iPhone,PhonePe,0,
TXN09779,2026-02-26 09:29:37,USR00161,USR00089,103.94,Rent,P2P,Mumbai,Android_Phone,BHIM,1,"rapid_burst,new_receiver"
TXN02862,2026-02-26 09:30:58,USR00132,USR00154,9340.26,P2P Transfer,P2P,Delhi,Tablet,PhonePe,0,
TXN08073,2026-02-26 09:38:46,USR00416,USR00326,9599.26,Food Delivery,P2P,Bengaluru,Android_Phone,BHIM,0,
TXN01211,2026-02-26 09:41:51,USR00448,USR00373,8420.94,Utilities,P2P,Jaipur,Web,GPay,0,
TXN00036,2026-02-26 09:45:16,USR00111,USR00167,786.93,Grocery,P2P,Hyderabad,iPhone,BHIM,0,
TXN07274,2026-02-26 09:47:07,USR00247,USR00044,4680.57,Entertainment,P2P,Lucknow,Tablet,PhonePe,0,
TXN09466,2026-02-26 09:51:17,USR00321,USR00242,166.64,Utilities,P2P,Bengaluru,Android_Phone,GPay,1,new_location
TXN02982,2026-02-26 10:00:21,USR00217,USR00102,11735.39,Utilities,P2P,Delhi,Web,AmazonPay,0,
TXN04136,2026-02-26 10:05:47,USR00425,USR00010,1966.73,Healthcare,P2P,Ahmedabad,Web,Paytm,0,
TXN08630,2026-02-26 10:19:01,USR00067,USR00115,508.21,Fuel,P2P,Kolkata,iPhone,PhonePe,0,
TXN06567,2026-02-26 10:31:44,USR00037,USR00154,648.94,Fuel,P2M,Lucknow,iPhone,Paytm,0,
TXN02389,2026-02-26 10:44:19,USR00092,USR00019,10438.36,Fuel,P2P,Bengaluru,Android_Phone,Paytm,0,
TXN05111,2026-02-26 10:46:13,USR00088,USR00046,2032.1,Shopping,P2M,Lucknow,Android_Phone,Paytm,0,
TXN01833,2026-02-26 11:07:41,USR00281,USR00494,147.87,Utilities,P2P,Nagpur,Android_Phone,PhonePe,0,
TXN03671,2026-02-26 11:10:34,USR00056,USR00450,4186.6,Healthcare,P2P,Hyderabad,Web,PhonePe,0,
TXN02400,2026-02-26 11:10:35,USR00298,USR00444,389.44,Education,P2M,Ahmedabad,Web,PhonePe,0,
TXN03131,2026-02-26 11:26:05,USR00162,USR00431,1343.0,Healthcare,P2P,Kolkata,iPhone,AmazonPay,0,
TXN03440,2026-02-26 11:26:22,USR00003,USR00413,2135.67,Food Delivery,P2M,Lucknow,Web,AmazonPay,0,
TXN06548,2026-02-26 11:30:57,USR00193,USR00274,229.65,Shopping,P2P,Chennai,Tablet,PhonePe,0,
TXN09595,2026-02-26 11:35:18,USR00006,USR00397,1286.96,Education,P2P,Hyderabad,Android_Phone,GPay,1,"new_device,rapid_burst"
TXN06211,2026-02-26 11:37:37,USR00045,USR00426,7122.44,Grocery,P2P,Kolkata,Tablet,BHIM,0,
TXN00069,2026-02-26 11:37:37,USR00036,USR00341,205.39,Healthcare,P2P,Nagpur,Android_Phone,Paytm,0,
TXN01266,2026-02-26 11:38:49,USR00224,USR00011,230.5,Rent,P2P,Mumbai,Web,Paytm,0,
TXN00206,2026-02-26 11:40:20,USR00440,USR00434,6199.62,Healthcare,P2P,Delhi,Tablet,AmazonPay,0,
TXN08364,2026-02-26 11:53:17,USR00268,USR00346,5361.8,Utilities,P2P,Kolkata,Web,GPay,0,
TXN09261,2026-02-26 12:08:28,USR00102,USR00212,1576.0,Grocery,P2M,Chennai,Tablet,BHIM,0,
TXN03336,2026-02-26 12:16:24,USR00102,USR00204,1248.71,Utilities,P2P,Chennai,Tablet,BHIM,0,
TXN03982,2026-02-26 12:17:34,USR00113,USR00207,60.86,Shopping,P2P,Hyderabad,Tablet,Paytm,0,
TXN03887,2026-02-26 12:18:33,USR00031,USR00359,1038.19,Education,P2M,Hyderabad,iPhone,BHIM,0,
TXN04276,2026-02-26 13:08:27,USR00202,USR00369,14940.07,Healthcare,P2M,Mumbai,Tablet,Paytm,0,
TXN04053,2026-02-26 13:09:44,USR00453,USR00195,84.09,Entertainment,P2M,Surat,Tablet,AmazonPay,0,
TXN05071,2026-02-26 13:10:29,USR00462,USR00470,2156.07,Education,P2P,Hyderabad,Web,GPay,0,
TXN02588,2026-02-26 13:18:52,USR00397,USR00434,2011.99,Entertainment,P2M,Jaipur,Android_Phone,Paytm,0,
TXN03733,2026-02-26 13:26:48,USR00165,USR00077,408.2,Utilities,P2M,Mumbai,iPhone,PhonePe,0,
TXN07921,2026-02-26 13:26:49,USR00225,USR00490,45.88,P2P Transfer,P2M,Chennai,iPhone,PhonePe,0,
TXN08730,2026-02-26 13:50:04,USR00002,USR00390,2266.46,Rent,P2P,Chennai,Tablet,Paytm,0,
TXN01209,2026-02-26 13:52:02,USR00165,USR00214,288.47,Travel,P2P,Mumbai,iPhone,PhonePe,0,
TXN00384,2026-02-26 14:12:40,USR00072,USR00059,2737.32,Grocery,P2P,Delhi,Tablet,BHIM,0,
TXN05659,2026-02-26 14:25:37,USR00055,USR00253,51.87,Education,P2M,Lucknow,Tablet,Paytm,0,
TXN05251,2026-02-26 14:32:12,USR00368,USR00393,1685.84,Shopping,P2M,Lucknow,Android_Phone,AmazonPay,0,
TXN04583,2026-02-26 14:38:50,USR00208,USR00118,457.15,Travel,P2P,Mumbai,Web,GPay,0,
TXN05640,2026-02-26 14:42:41,USR00008,USR00298,5511.04,Grocery,P2P,Nagpur,Web,PhonePe,0,
TXN09800,2026-02-26 14:53:28,USR00243,USR00026,83240.6,Fuel,P2M,Chennai,Android_Phone,Paytm,1,high_amount
TXN07815,2026-02-26 15:06:52,USR00122,USR00043,482.13,Utilities,P2P,Hyderabad,Web,Paytm,0,
TXN04282,2026-02-26 15:14:15,USR00487,USR00241,310.85,P2P Transfer,P2P,Bengaluru,Android_Phone,GPay,0,
TXN02552,2026-02-26 15:21:14,USR00039,USR00101,7235.13,Travel,P2P,Surat,iPhone,GPay,0,
TXN00289,2026-02-26 15:26:49,USR00434,USR00359,273.54,Shopping,P2M,Surat,Web,PhonePe,0,
TXN03637,2026-02-26 15:40:45,USR00413,USR00176,274.0,Entertainment,P2M,Jaipur,Android_Phone,AmazonPay,0,
TXN09818,2026-02-26 15:42:16,USR00101,USR00271,60.6,Food Delivery,P2P,Mumbai,Web,GPay,1,new_location
TXN06403,2026-02-26 15:44:04,USR00228,USR00361,759.88,Rent,P2M,Lucknow,Tablet,Paytm,0,
TXN01628,2026-02-26 15:45:08,USR00348,USR00301,239.59,Shopping,P2P,Pune,Tablet,AmazonPay,0,
TXN08656,2026-02-26 15:56:41,USR00323,USR00134,1013.61,Utilities,P2P,Pune,Tablet,PhonePe,0,
TXN09983,2026-02-26 16:00:19,USR00470,USR00233,14418.18,Travel,P2M,Nagpur,Web,AmazonPay,1,"rapid_burst,new_location"
TXN00442,2026-02-26 16:03:38,USR00199,USR00375,2505.56,Grocery,P2M,Ahmedabad,Tablet,PhonePe,0,
TXN05123,2026-02-26 16:05:22,USR00039,USR00115,7336.34,Food Delivery,P2P,Surat,iPhone,GPay,0,
TXN06110,2026-02-26 16:38:59,USR00246,USR00073,2902.27,Education,P2M,Kolkata,iPhone,GPay,0,
TXN03224,2026-02-26 16:45:09,USR00216,USR00495,923.05,Fuel,P2P,Chennai,Tablet,Paytm,0,
TXN06282,2026-02-26 17:02:09,USR00340,USR00354,633.05,Healthcare,P2P,Jaipur,Tablet,PhonePe,0,
TXN03576,2026-02-26 17:08:35,USR00119,USR00256,243.09,P2P Transfer,P2M,Chennai,iPhone,GPay,0,
TXN07851,2026-02-26 17:09:54,USR00167,USR00126,7289.66,Education,P2M,Lucknow,Web,Paytm,0,
TXN04472,2026-02-26 17:10:57,USR00290,USR00137,80.12,Fuel,P2M,Ahmedabad,Tablet,GPay,0,
TXN06044,2026-02-26 17:12:45,USR00120,USR00312,109.0,Entertainment,P2P,Jaipur,Tablet,BHIM,0,
TXN03619,2026-02-26 17:27:22,USR00139,USR00217,2796.82,Fuel,P2P,Jaipur,Web,GPay,0,
TXN01989,2026-02-26 17:30:32,USR00366,USR00375,17686.8,Travel,P2P,Chennai,Web,BHIM,0,
TXN03987,2026-02-26 17:31:38,USR00226,USR00109,6880.5,Food Delivery,P2P,Ahmedabad,iPhone,Paytm,0,
TXN04534,2026-02-26 17:48:52,USR00468,USR00451,11452.16,P2P Transfer,P2M,Delhi,Tablet,AmazonPay,0,
TXN05457,2026-02-26 18:04:39,USR00298,USR00444,342.1,Grocery,P2M,Ahmedabad,Web,PhonePe,0,
TXN02333,2026-02-26 18:26:07,USR00239,USR00167,7571.38,Travel,P2P,Nagpur,Web,AmazonPay,0,
TXN00928,2026-02-26 18:27:25,USR00210,USR00324,2673.54,Grocery,P2M,Bengaluru,Web,BHIM,0,
TXN03492,2026-02-26 18:34:20,USR00482,USR00472,64.65,Grocery,P2M,Jaipur,Tablet,BHIM,0,
TXN02757,2026-02-26 18:50:23,USR00358,USR00008,2339.61,Rent,P2P,Surat,Tablet,GPay,0,
TXN03718,2026-02-26 18:56:29,USR00017,USR00274,91.34,P2P Transfer,P2M,Pune,Android_Phone,PhonePe,0,
TXN07892,2026-02-26 18:59:48,USR00407,USR00334,1305.35,Shopping,P2M,Pune,Web,Paytm,0,
TXN06256,2026-02-26 19:12:03,USR00302,USR00348,3101.33,Entertainment,P2P,Surat,Tablet,PhonePe,0,
TXN09468,2026-02-26 19:14:39,USR00077,USR00282,1224.61,Fuel,P2M,Hyderabad,iPhone,BHIM,1,new_location
TXN08340,2026-02-26 19:23:55,USR00118,USR00039,624.98,Travel,P2P,Chennai,Android_Phone,GPay,0,
TXN08684,2026-02-26 19:33:15,USR00153,USR00247,1336.47,Food Delivery,P2M,Surat,Web,BHIM,0,
TXN07264,2026-02-26 20:09:22,USR00376,USR00022,10865.73,Education,P2P,Surat,iPhone,AmazonPay,0,
TXN03954,2026-02-26 20:14:45,USR00087,USR00325,80.8,Fuel,P2M,Pune,Web,Paytm,0,
TXN07566,2026-02-26 20:42:45,USR00412,USR00465,1829.14,P2P Transfer,P2M,Jaipur,Tablet,GPay,0,
TXN03113,2026-02-26 20:59:09,USR00495,USR00306,6672.52,Rent,P2P,Kolkata,Web,AmazonPay,0,
TXN02672,2026-02-26 21:02:08,USR00425,USR00352,2336.92,Healthcare,P2P,Ahmedabad,Web,Paytm,0,
TXN03344,2026-02-26 21:14:43,USR00468,USR00307,13136.0,Utilities,P2P,Delhi,Tablet,AmazonPay,0,
TXN02120,2026-02-26 21:29:29,USR00478,USR00266,4372.94,Healthcare,P2P,Nagpur,Tablet,Paytm,0,
TXN04732,2026-02-26 21:51:02,USR00123,USR00185,3812.42,Education,P2M,Surat,Android_Phone,PhonePe,0,
TXN07493,2026-02-26 21:54:43,USR00109,USR00212,79.34,Education,P2M,Ahmedabad,Web,PhonePe,0,
TXN02284,2026-02-26 21:56:57,USR00150,USR00177,247.24,Entertainment,P2M,Chennai,iPhone,AmazonPay,0,
TXN07886,2026-02-26 22:33:37,USR00278,USR00470,627.12,Grocery,P2P,Bengaluru,iPhone,Paytm,0,
TXN01476,2026-02-26 22:38:13,USR00255,USR00399,6941.44,Utilities,P2P,Bengaluru,Web,Paytm,0,
TXN02443,2026-02-26 22:41:47,USR00105,USR00188,231.51,Travel,P2P,Delhi,iPhone,Paytm,0,
TXN04046,2026-02-26 22:47:17,USR00334,USR00161,3569.53,Education,P2P,Delhi,Tablet,GPay,0,
TXN07225,2026-02-26 22:53:50,USR00428,USR00495,84.18,Rent,P2P,Nagpur,Web,AmazonPay,0,
TXN09736,2026-02-27 03:41:57,USR00088,USR00067,3662.58,Shopping,P2P,Bengaluru,Android_Phone,Paytm,1,"odd_hour,new_location"
TXN02378,2026-02-27 06:04:03,USR00314,USR00250,12361.64,Grocery,P2P,Bengaluru,iPhone,GPay,0,
TXN01861,2026-02-27 06:08:46,USR00316,USR00355,14853.24,Rent,P2M,Surat,Android_Phone,Paytm,0,
TXN05836,2026-02-27 06:10:58,USR00066,USR00361,9409.14,Grocery,P2M,Nagpur,Tablet,Paytm,0,
TXN04398,2026-02-27 06:11:06,USR00449,USR00004,973.79,Grocery,P2M,Mumbai,Web,Paytm,0,
TXN02017,2026-02-27 06:34:20,USR00144,USR00467,129.54,Healthcare,P2M,Jaipur,Tablet,Paytm,0,
TXN02155,2026-02-27 06:36:26,USR00109,USR00310,101.2,Rent,P2M,Ahmedabad,Web,PhonePe,0,
TXN01378,2026-02-27 06:38:41,USR00231,USR00253,1809.7,Healthcare,P2P,Pune,iPhone,BHIM,0,
TXN02579,2026-02-27 06:58:31,USR00279,USR00491,3281.78,Food Delivery,P2P,Delhi,iPhone,BHIM,0,
TXN00081,2026-02-27 07:31:15,USR00245,USR00196,2235.15,Travel,P2P,Delhi,Tablet,GPay,0,
TXN08445,2026-02-27 07:36:20,USR00126,USR00229,589.64,Utilities,P2M,Ahmedabad,iPhone,AmazonPay,0,
TXN03988,2026-02-27 07:37:51,USR00348,USR00301,261.87,Grocery,P2M,Pune,Tablet,AmazonPay,0,
TXN05080,2026-02-27 07:47:42,USR00424,USR00320,1499.15,Grocery,P2M,Surat,Android_Phone,GPay,0,
TXN00689,2026-02-27 07:53:54,USR00134,USR00259,2340.6,Rent,P2M,Delhi,Web,BHIM,0,
TXN04270,2026-02-27 08:02:51,USR00004,USR00360,639.8,Education,P2P,Lucknow,Web,PhonePe,0,
TXN00426,2026-02-27 08:04:52,USR00003,USR00235,2259.9,P2P Transfer,P2P,Lucknow,Web,AmazonPay,0,
TXN08978,2026-02-27 08:18:58,USR00116,USR00090,2058.54,Utilities,P2M,Surat,iPhone,BHIM,0,
TXN03490,2026-02-27 08:19:17,USR00429,USR00267,8479.48,Education,P2M,Kolkata,Web,GPay,0,
TXN01032,2026-02-27 08:20:19,USR00213,USR00154,2087.78,P2P Transfer,P2P,Bengaluru,iPhone,GPay,0,
TXN02644,2026-02-27 08:21:39,USR00289,USR00046,12853.21,P2P Transfer,P2P,Ahmedabad,Tablet,PhonePe,0,
TXN04519,2026-02-27 08:35:55,USR00096,USR00445,1573.21,Shopping,P2M,Delhi,iPhone,Paytm,0,
TXN05783,2026-02-27 08:46:09,USR00271,USR00349,186.08,Healthcare,P2P,Nagpur,Tablet,PhonePe,0,
TXN09176,2026-02-27 08:47:31,USR00454,USR00297,240.09,P2P Transfer,P2P,Ahmedabad,Web,PhonePe,0,
TXN06644,2026-02-27 08:55:13,USR00265,USR00121,238.18,Travel,P2P,Surat,Tablet,Paytm,0,
TXN07787,2026-02-27 09:00:10,USR00415,USR00122,14476.91,Rent,P2M,Pune,Tablet,AmazonPay,0,
TXN09130,2026-02-27 09:02:31,USR00333,USR00114,3016.26,Rent,P2M,Mumbai,Web,PhonePe,0,
TXN08343,2026-02-27 09:33:12,USR00000,USR00379,216.96,Utilities,P2M,Nagpur,iPhone,AmazonPay,0,
TXN08581,2026-02-27 09:37:12,USR00171,USR00169,4135.27,Entertainment,P2M,Mumbai,iPhone,BHIM,0,
TXN03284,2026-02-27 09:41:25,USR00291,USR00283,12152.3,Healthcare,P2M,Lucknow,Tablet,BHIM,0,
TXN07192,2026-02-27 09:48:35,USR00433,USR00098,8233.32,Fuel,P2M,Jaipur,iPhone,AmazonPay,0,
TXN06768,2026-02-27 09:52:58,USR00008,USR00459,7581.41,P2P Transfer,P2M,Nagpur,Web,PhonePe,0,
TXN05067,2026-02-27 10:03:14,USR00211,USR00044,10207.55,Travel,P2M,Hyderabad,Web,PhonePe,0,
TXN06167,2026-02-27 10:05:26,USR00328,USR00332,8542.87,Grocery,P2M,Nagpur,Tablet,PhonePe,0,
TXN01702,2026-02-27 10:17:21,USR00037,USR00280,863.05,Healthcare,P2P,Lucknow,iPhone,Paytm,0,
TXN04004,2026-02-27 10:25:37,USR00056,USR00450,5884.6,Healthcare,P2P,Hyderabad,Web,PhonePe,0,
TXN04009,2026-02-27 10:32:48,USR00186,USR00372,6973.97,Rent,P2M,Jaipur,Tablet,GPay,0,
TXN08834,2026-02-27 10:36:30,USR00473,USR00474,7384.98,Healthcare,P2M,Hyderabad,Web,AmazonPay,0,
TXN01357,2026-02-27 10:40:24,USR00238,USR00137,337.59,Utilities,P2M,Ahmedabad,Tablet,BHIM,0,
TXN09269,2026-02-27 11:09:00,USR00018,USR00007,3886.22,Travel,P2P,Mumbai,Android_Phone,PhonePe,0,
TXN00213,2026-02-27 11:30:55,USR00405,USR00145,2350.94,Utilities,P2M,Lucknow,iPhone,Paytm,0,
TXN02694,2026-02-27 11:36:48,USR00293,USR00216,313.28,Utilities,P2M,Bengaluru,iPhone,BHIM,0,
TXN02668,2026-02-27 12:11:35,USR00086,USR00358,2086.94,Shopping,P2M,Kolkata,iPhone,BHIM,0,
TXN06350,2026-02-27 12:41:33,USR00494,USR00378,10794.0,Entertainment,P2M,Bengaluru,iPhone,AmazonPay,0,
TXN01050,2026-02-27 12:43:29,USR00384,USR00289,188.98,Utilities,P2P,Jaipur,Web,BHIM,0,
TXN00890,2026-02-27 12:50:26,USR00309,USR00351,4005.48,P2P Transfer,P2P,Chennai,iPhone,BHIM,0,
TXN04322,2026-02-27 13:17:36,USR00145,USR00460,16796.37,P2P Transfer,P2P,Ahmedabad,Android_Phone,GPay,0,
TXN08622,2026-02-27 13:33:27,USR00453,USR00195,113.45,Education,P2P,Surat,Tablet,AmazonPay,0,
TXN00298,2026-02-27 13:41:13,USR00358,USR00344,2842.64,P2P Transfer,P2M,Surat,Tablet,GPay,0,
TXN07056,2026-02-27 13:51:05,USR00458,USR00070,1248.24,Utilities,P2P,Bengaluru,Web,PhonePe,0,
TXN06985,2026-02-27 14:04:51,USR00379,USR00055,443.15,Education,P2M,Pune,Android_Phone,AmazonPay,0,
TXN08562,2026-02-27 14:05:37,USR00309,USR00326,10698.64,Grocery,P2P,Chennai,iPhone,BHIM,0,
TXN01368,2026-02-27 14:10:07,USR00416,USR00056,7548.57,Shopping,P2P,Bengaluru,Android_Phone,BHIM,0,
TXN07730,2026-02-27 14:13:21,USR00463,USR00201,2566.96,Shopping,P2P,Lucknow,iPhone,PhonePe,0,
TXN08286,2026-02-27 14:18:03,USR00193,USR00274,722.59,Rent,P2P,Chennai,Tablet,PhonePe,0,
TXN00600,2026-02-27 14:40:45,USR00458,USR00251,2246.25,Healthcare,P2P,Bengaluru,Web,PhonePe,0,
TXN01433,2026-02-27 14:42:34,USR00340,USR00296,464.12,Travel,P2M,Jaipur,Tablet,PhonePe,0,
TXN06114,2026-02-27 14:45:56,USR00259,USR00213,2422.66,Travel,P2P,Pune,Tablet,Paytm,0,
TXN07379,2026-02-27 14:48:53,USR00213,USR00074,2133.76,Utilities,P2M,Bengaluru,iPhone,GPay,0,
TXN08233,2026-02-27 14:53:06,USR00103,USR00221,259.34,Education,P2P,Delhi,Android_Phone,Paytm,0,
TXN05589,2026-02-27 15:07:15,USR00462,USR00085,3449.14,Rent,P2M,Hyderabad,Web,GPay,0,
TXN04334,2026-02-27 15:28:05,USR00277,USR00308,14852.74,Travel,P2P,Bengaluru,Web,PhonePe,0,
TXN06951,2026-02-27 15:31:11,USR00078,USR00381,1577.48,Grocery,P2M,Mumbai,Tablet,BHIM,0,
TXN00537,2026-02-27 15:51:20,USR00002,USR00079,2246.11,Grocery,P2P,Chennai,Tablet,Paytm,0,
TXN07257,2026-02-27 16:00:40,USR00047,USR00318,2078.41,Healthcare,P2P,Ahmedabad,iPhone,BHIM,0,
TXN01930,2026-02-27 16:32:19,USR00013,USR00373,225.04,Food Delivery,P2M,Pune,Tablet,BHIM,0,
TXN09228,2026-02-27 16:33:05,USR00200,USR00433,1167.07,P2P Transfer,P2P,Jaipur,Android_Phone,GPay,0,
TXN09213,2026-02-27 16:40:42,USR00149,USR00393,770.23,Entertainment,P2M,Jaipur,iPhone,GPay,0,
TXN01402,2026-02-27 16:48:34,USR00330,USR00023,20936.12,Grocery,P2M,Delhi,Tablet,Paytm,0,
TXN06159,2026-02-27 16:54:36,USR00364,USR00460,11474.33,Entertainment,P2P,Lucknow,Web,Paytm,0,
TXN01277,2026-02-27 16:58:47,USR00351,USR00183,301.78,Rent,P2M,Ahmedabad,Web,AmazonPay,0,
TXN05755,2026-02-27 17:13:34,USR00344,USR00449,178.61,Food Delivery,P2P,Surat,Tablet,AmazonPay,0,
TXN03701,2026-02-27 17:24:35,USR00106,USR00139,1575.84,Food Delivery,P2M,Lucknow,Android_Phone,Paytm,0,
TXN06214,2026-02-27 17:44:47,USR00410,USR00126,2065.28,Shopping,P2M,Delhi,iPhone,BHIM,0,
TXN06425,2026-02-27 17:53:39,USR00165,USR00211,338.61,Entertainment,P2M,Mumbai,iPhone,PhonePe,0,
TXN03433,2026-02-27 18:01:30,USR00098,USR00064,10629.58,Utilities,P2P,Mumbai,Web,BHIM,0,
TXN02338,2026-02-27 18:13:19,USR00070,USR00325,1863.52,Travel,P2P,Hyderabad,Tablet,BHIM,0,
TXN00344,2026-02-27 18:17:15,USR00325,USR00131,638.37,Fuel,P2P,Nagpur,Android_Phone,PhonePe,0,
TXN04249,2026-02-27 18:25:04,USR00325,USR00463,914.69,Grocery,P2M,Nagpur,Android_Phone,PhonePe,0,
TXN06718,2026-02-27 18:26:57,USR00337,USR00424,4356.8,Rent,P2M,Chennai,Android_Phone,Paytm,0,
TXN03217,2026-02-27 18:35:16,USR00056,USR00359,12565.62,Food Delivery,P2P,Hyderabad,Web,PhonePe,0,
TXN09376,2026-02-27 18:49:44,USR00408,USR00094,551.21,Travel,P2P,Kolkata,Tablet,PhonePe,0,
TXN09829,2026-02-27 18:51:45,USR00125,USR00394,98.46,P2P Transfer,P2M,Nagpur,iPhone,AmazonPay,1,new_location
TXN05684,2026-02-27 18:58:46,USR00064,USR00397,861.31,Education,P2M,Lucknow,Tablet,BHIM,0,
TXN04512,2026-02-27 19:00:21,USR00478,USR00427,1857.1,Education,P2P,Nagpur,Tablet,Paytm,0,
TXN03662,2026-02-27 19:16:40,USR00201,USR00258,281.27,Entertainment,P2M,Delhi,iPhone,BHIM,0,
TXN06861,2026-02-27 19:25:12,USR00276,USR00303,2982.85,Rent,P2P,Bengaluru,Web,Paytm,0,
TXN03320,2026-02-27 20:14:58,USR00356,USR00396,14190.68,Education,P2P,Pune,Android_Phone,BHIM,0,
TXN03946,2026-02-27 20:17:43,USR00130,USR00191,322.6,Food Delivery,P2P,Kolkata,iPhone,GPay,0,
TXN03883,2026-02-27 20:22:14,USR00085,USR00483,432.06,Rent,P2P,Delhi,iPhone,BHIM,0,
TXN09120,2026-02-27 20:25:32,USR00234,USR00134,197.8,Entertainment,P2P,Hyderabad,iPhone,Paytm,0,
TXN02768,2026-02-27 20:39:11,USR00363,USR00371,1618.9,Healthcare,P2P,Hyderabad,Android_Phone,AmazonPay,0,
TXN00093,2026-02-27 20:39:23,USR00240,USR00108,448.97,Food Delivery,P2P,Delhi,Web,BHIM,0,
TXN08813,2026-02-27 20:52:27,USR00374,USR00256,14585.73,P2P Transfer,P2M,Ahmedabad,Tablet,PhonePe,0,
TXN06204,2026-02-27 21:01:49,USR00444,USR00397,315.17,Utilities,P2M,Pune,iPhone,BHIM,0,
TXN02645,2026-02-27 21:04:44,USR00092,USR00484,9942.29,Food Delivery,P2M,Bengaluru,Android_Phone,Paytm,0,
TXN05840,2026-02-27 21:16:18,USR00422,USR00184,768.72,Grocery,P2M,Ahmedabad,Web,PhonePe,0,
TXN05055,2026-02-27 21:24:10,USR00095,USR00327,35.89,Utilities,P2P,Delhi,Tablet,GPay,0,
TXN04139,2026-02-27 21:31:41,USR00439,USR00153,4506.4,Grocery,P2P,Nagpur,Tablet,GPay,0,
TXN08639,2026-02-27 21:38:01,USR00422,USR00184,986.61,Fuel,P2M,Ahmedabad,Web,PhonePe,0,
TXN06279,2026-02-27 21:44:08,USR00069,USR00117,2487.23,Shopping,P2M,Lucknow,Web,AmazonPay,0,
TXN06972,2026-02-27 22:10:44,USR00316,USR00355,12406.95,Healthcare,P2P,Surat,Android_Phone,Paytm,0,
TXN02986,2026-02-27 22:18:01,USR00355,USR00395,2132.43,Utilities,P2P,Delhi,Android_Phone,AmazonPay,0,
TXN07183,2026-02-27 22:20:22,USR00418,USR00402,2102.85,Utilities,P2M,Kolkata,Web,BHIM,0,
TXN08986,2026-02-27 22:36:38,USR00175,USR00414,1984.95,Rent,P2P,Bengaluru,Tablet,PhonePe,0,
TXN00418,2026-02-27 22:40:57,USR00168,USR00478,594.19,Food Delivery,P2P,Chennai,Tablet,Paytm,0,
TXN08060,2026-02-27 22:43:01,USR00373,USR00128,411.22,Healthcare,P2M,Lucknow,Web,BHIM,0,
TXN01997,2026-02-27 22:43:08,USR00140,USR00218,742.12,Healthcare,P2P,Hyderabad,Web,BHIM,0,
TXN09753,2026-02-28 01:13:54,USR00441,USR00076,58.92,P2P Transfer,P2M,Chennai,Web,PhonePe,1,"new_device,odd_hour"
TXN09453,2026-02-28 06:07:09,USR00107,USR00499,105.02,Food Delivery,P2M,Delhi,Tablet,GPay,1,new_receiver
TXN02740,2026-02-28 06:10:25,USR00265,USR00121,218.78,Travel,P2P,Surat,Tablet,Paytm,0,
TXN08817,2026-02-28 06:20:58,USR00050,USR00242,456.08,Travel,P2P,Pune,iPhone,AmazonPay,0,
TXN08610,2026-02-28 06:22:51,USR00499,USR00195,981.01,Fuel,P2P,Surat,Tablet,BHIM,0,
TXN04643,2026-02-28 06:24:38,USR00270,USR00463,334.87,Fuel,P2P,Pune,Android_Phone,Paytm,0,
TXN05615,2026-02-28 06:28:20,USR00061,USR00326,20374.09,P2P Transfer,P2M,Nagpur,Web,BHIM,0,
TXN05260,2026-02-28 06:40:06,USR00247,USR00051,5635.39,Rent,P2P,Lucknow,Tablet,PhonePe,0,
TXN03655,2026-02-28 06:43:46,USR00340,USR00354,651.54,Fuel,P2M,Jaipur,Tablet,PhonePe,0,
TXN01197,2026-02-28 06:54:57,USR00410,USR00126,2991.98,Fuel,P2M,Delhi,iPhone,BHIM,0,
TXN04167,2026-02-28 06:57:42,USR00073,USR00281,374.58,Rent,P2P,Surat,Tablet,PhonePe,0,
TXN01010,2026-02-28 07:00:42,USR00202,USR00271,13293.41,Shopping,P2P,Mumbai,Tablet,Paytm,0,
TXN09117,2026-02-28 07:05:39,USR00010,USR00057,12607.8,Fuel,P2P,Surat,Web,BHIM,0,
TXN10118,2026-02-28 07:06:00,USR00386,USR00205,600.47,Shopping,P2M,Delhi,iPhone,Paytm,1,rapid_burst
TXN10120,2026-02-28 07:08:00,USR00386,USR00205,887.71,Education,P2M,Delhi,iPhone,Paytm,1,rapid_burst
TXN10119,2026-02-28 07:09:00,USR00386,USR00402,561.3,Utilities,P2M,Delhi,iPhone,Paytm,1,rapid_burst
TXN04104,2026-02-28 07:11:31,USR00220,USR00340,93.18,Travel,P2P,Delhi,Android_Phone,PhonePe,0,
TXN10121,2026-02-28 07:15:00,USR00386,USR00260,540.99,Education,P2M,Delhi,iPhone,Paytm,1,rapid_burst
TXN08525,2026-02-28 07:15:57,USR00271,USR00015,190.25,Shopping,P2P,Nagpur,Tablet,PhonePe,0,
TXN09770,2026-02-28 07:16:54,USR00197,USR00211,45553.67,Travel,P2M,Delhi,Tablet,GPay,1,"new_location,high_amount"
TXN04086,2026-02-28 07:19:38,USR00392,USR00411,332.45,Fuel,P2M,Chennai,Web,Paytm,0,
TXN03431,2026-02-28 07:30:40,USR00359,USR00044,12401.25,Fuel,P2P,Hyderabad,Android_Phone,BHIM,0,
TXN02604,2026-02-28 07:46:13,USR00383,USR00352,166.66,Grocery,P2P,Kolkata,Android_Phone,BHIM,0,
TXN00241,2026-02-28 07:53:45,USR00014,USR00036,2659.4,Education,P2M,Mumbai,Web,GPay,0,
TXN08623,2026-02-28 08:04:34,USR00067,USR00278,320.7,Food Delivery,P2M,Kolkata,iPhone,PhonePe,0,
TXN03779,2026-02-28 08:11:52,USR00483,USR00235,10520.8,Healthcare,P2M,Nagpur,iPhone,AmazonPay,0,
TXN09361,2026-02-28 08:29:58,USR00144,USR00467,72.2,Healthcare,P2M,Jaipur,Tablet,Paytm,0,
TXN01864,2026-02-28 08:41:56,USR00338,USR00096,179.29,Travel,P2P,Delhi,Tablet,BHIM,0,
TXN07586,2026-02-28 08:49:23,USR00005,USR00083,8822.16,Education,P2M,Surat,Tablet,Paytm,0,
TXN07107,2026-02-28 08:50:33,USR00089,USR00131,8544.26,Entertainment,P2P,Jaipur,Web,BHIM,0,
TXN02276,2026-02-28 08:54:03,USR00342,USR00377,607.66,Entertainment,P2P,Nagpur,Web,PhonePe,0,
TXN02516,2026-02-28 09:05:01,USR00267,USR00135,360.33,Utilities,P2P,Hyderabad,Tablet,Paytm,0,
TXN02469,2026-02-28 09:16:19,USR00242,USR00352,7965.46,Healthcare,P2P,Kolkata,Android_Phone,Paytm,0,
TXN07224,2026-02-28 09:23:53,USR00293,USR00040,606.91,Education,P2P,Bengaluru,iPhone,BHIM,0,
TXN09944,2026-02-28 09:44:26,USR00093,USR00152,2233.38,P2P Transfer,P2M,Surat,Web,BHIM,1,new_receiver
TXN04120,2026-02-28 09:55:55,USR00145,USR00365,6561.51,Healthcare,P2P,Ahmedabad,Android_Phone,GPay,0,
TXN07954,2026-02-28 10:19:37,USR00296,USR00335,367.08,Rent,P2P,Kolkata,Web,AmazonPay,0,
TXN06528,2026-02-28 10:28:59,USR00088,USR00465,3137.15,Travel,P2M,Lucknow,Android_Phone,Paytm,0,
TXN06743,2026-02-28 10:30:03,USR00136,USR00093,615.7,Food Delivery,P2M,Nagpur,Tablet,BHIM,0,
TXN06154,2026-02-28 10:42:53,USR00060,USR00184,1508.97,Rent,P2M,Delhi,Web,PhonePe,0,
TXN07454,2026-02-28 10:47:22,USR00020,USR00029,452.83,Travel,P2M,Lucknow,Android_Phone,BHIM,0,
TXN02726,2026-02-28 10:47:58,USR00237,USR00470,296.08,Travel,P2M,Bengaluru,Android_Phone,PhonePe,0,
TXN05171,2026-02-28 11:15:54,USR00400,USR00175,244.5,Fuel,P2M,Pune,Web,Paytm,0,
TXN07750,2026-02-28 11:18:45,USR00274,USR00015,14534.98,Utilities,P2M,Mumbai,iPhone,Paytm,0,
TXN02958,2026-02-28 11:32:39,USR00251,USR00030,15864.71,Travel,P2P,Mumbai,Android_Phone,BHIM,0,
TXN09250,2026-02-28 11:42:06,USR00231,USR00334,2061.36,P2P Transfer,P2M,Pune,iPhone,BHIM,0,
TXN02832,2026-02-28 11:48:23,USR00352,USR00452,484.41,Education,P2M,Jaipur,Tablet,Paytm,0,
TXN08809,2026-02-28 11:48:42,USR00229,USR00214,14573.69,Utilities,P2P,Nagpur,Web,AmazonPay,0,
TXN08417,2026-02-28 12:19:01,USR00472,USR00029,7031.51,Healthcare,P2M,Nagpur,iPhone,AmazonPay,0,
TXN04040,2026-02-28 12:27:38,USR00313,USR00041,1650.43,Utilities,P2P,Chennai,iPhone,Paytm,0,
TXN07971,2026-02-28 12:31:53,USR00462,USR00470,2833.58,Rent,P2P,Hyderabad,Web,GPay,0,
TXN09652,2026-02-28 12:36:21,USR00256,USR00134,12351.62,Rent,P2M,Pune,Web,AmazonPay,1,"new_location,high_amount"
TXN00756,2026-02-28 12:41:09,USR00389,USR00314,102.91,Food Delivery,P2P,Mumbai,iPhone,GPay,0,
TXN05149,2026-02-28 12:57:14,USR00396,USR00103,6607.6,Entertainment,P2M,Hyderabad,iPhone,PhonePe,0,
TXN04268,2026-02-28 13:04:26,USR00424,USR00496,960.98,Healthcare,P2P,Surat,Android_Phone,GPay,0,
TXN02326,2026-02-28 13:06:15,USR00090,USR00007,479.89,Travel,P2M,Jaipur,Tablet,Paytm,0,
TXN00449,2026-02-28 13:14:04,USR00199,USR00180,2465.78,Entertainment,P2M,Ahmedabad,Tablet,PhonePe,0,
TXN07695,2026-02-28 13:22:25,USR00318,USR00464,637.86,Fuel,P2P,Pune,Web,BHIM,0,
TXN00004,2026-02-28 13:32:27,USR00319,USR00258,800.83,Healthcare,P2M,Nagpur,iPhone,PhonePe,0,
TXN07312,2026-02-28 13:43:18,USR00018,USR00474,3459.39,Utilities,P2M,Mumbai,Android_Phone,PhonePe,0,
TXN01557,2026-02-28 13:46:37,USR00394,USR00004,8289.61,Entertainment,P2M,Chennai,iPhone,Paytm,0,
TXN00619,2026-02-28 13:58:41,USR00218,USR00434,421.3,Food Delivery,P2P,Nagpur,Web,BHIM,0,
TXN07356,2026-02-28 14:02:00,USR00402,USR00409,3386.65,Grocery,P2P,Kolkata,Tablet,PhonePe,0,
TXN02434,2026-02-28 14:07:33,USR00346,USR00378,292.71,Shopping,P2M,Chennai,Android_Phone,AmazonPay,0,
TXN06088,2026-02-28 14:08:16,USR00151,USR00257,239.37,Entertainment,P2M,Surat,iPhone,PhonePe,0,
TXN01749,2026-02-28 14:14:05,USR00101,USR00150,52.63,Fuel,P2M,Kolkata,Web,GPay,0,
TXN09631,2026-02-28 14:14:24,USR00255,USR00209,38232.51,Fuel,P2M,Bengaluru,Web,Paytm,1,"high_amount,new_receiver"
TXN06615,2026-02-28 14:15:13,USR00448,USR00355,6113.94,Travel,P2P,Jaipur,Web,GPay,0,
TXN07701,2026-02-28 14:18:36,USR00346,USR00378,290.7,Travel,P2P,Chennai,Android_Phone,AmazonPay,0,
TXN01497,2026-02-28 14:33:51,USR00000,USR00379,212.79,Rent,P2M,Nagpur,iPhone,AmazonPay,0,
TXN09067,2026-02-28 14:47:02,USR00367,USR00423,1688.84,Education,P2M,Surat,iPhone,AmazonPay,0,
TXN08045,2026-02-28 14:48:16,USR00159,USR00291,5995.59,Education,P2P,Kolkata,Android_Phone,PhonePe,0,
TXN01389,2026-02-28 14:59:59,USR00072,USR00165,2160.75,Food Delivery,P2P,Delhi,Tablet,BHIM,0,
TXN05103,2026-02-28 15:02:18,USR00099,USR00314,1839.29,Entertainment,P2M,Ahmedabad,Android_Phone,AmazonPay,0,
TXN09030,2026-02-28 15:09:24,USR00498,USR00027,9861.96,Rent,P2P,Mumbai,Web,GPay,0,
TXN02686,2026-02-28 15:11:29,USR00468,USR00451,14239.17,Rent,P2M,Delhi,Tablet,AmazonPay,0,
TXN05133,2026-02-28 15:20:42,USR00378,USR00298,361.44,Healthcare,P2P,Pune,iPhone,PhonePe,0,
TXN00479,2026-02-28 15:43:09,USR00133,USR00367,1459.46,Shopping,P2P,Surat,Android_Phone,GPay,0,
TXN03817,2026-02-28 15:56:04,USR00304,USR00105,1946.08,Shopping,P2P,Surat,iPhone,BHIM,0,
TXN01511,2026-02-28 16:22:39,USR00171,USR00169,2752.07,Entertainment,P2M,Mumbai,iPhone,BHIM,0,
TXN02259,2026-02-28 16:23:59,USR00343,USR00257,2828.97,Education,P2M,Nagpur,iPhone,Paytm,0,
TXN05248,2026-02-28 16:30:53,USR00379,USR00008,345.47,Healthcare,P2P,Pune,Android_Phone,AmazonPay,0,
TXN03037,2026-02-28 16:40:42,USR00126,USR00401,384.52,Rent,P2P,Ahmedabad,iPhone,AmazonPay,0,
TXN08501,2026-02-28 16:43:55,USR00312,USR00027,566.57,Rent,P2P,Jaipur,Tablet,PhonePe,0,
TXN06953,2026-02-28 16:57:55,USR00469,USR00471,565.4,Travel,P2P,Mumbai,iPhone,GPay,0,
TXN06153,2026-02-28 17:03:21,USR00112,USR00009,578.47,Grocery,P2M,Delhi,Web,BHIM,0,
TXN06991,2026-02-28 17:07:07,USR00158,USR00055,379.68,Travel,P2P,Lucknow,Tablet,BHIM,0,
TXN02861,2026-02-28 17:24:39,USR00417,USR00144,9533.07,Rent,P2P,Mumbai,iPhone,PhonePe,0,
TXN05393,2026-02-28 17:34:04,USR00294,USR00438,404.89,Entertainment,P2M,Delhi,Android_Phone,Paytm,0,
TXN08390,2026-02-28 17:35:26,USR00141,USR00038,15441.02,Grocery,P2P,Hyderabad,Tablet,BHIM,0,
TXN01167,2026-02-28 17:42:06,USR00395,USR00111,920.26,Fuel,P2M,Delhi,Web,AmazonPay,0,
TXN04690,2026-02-28 18:00:51,USR00208,USR00118,513.4,Fuel,P2P,Mumbai,Web,GPay,0,
TXN05801,2026-02-28 18:09:14,USR00299,USR00226,408.26,Rent,P2P,Nagpur,Web,PhonePe,0,
TXN02160,2026-02-28 18:16:17,USR00455,USR00272,3118.13,Grocery,P2P,Chennai,iPhone,GPay,0,
TXN06085,2026-02-28 18:45:17,USR00308,USR00369,4065.66,Rent,P2M,Surat,Tablet,BHIM,0,
TXN08676,2026-02-28 18:47:49,USR00469,USR00308,676.24,Healthcare,P2P,Mumbai,iPhone,GPay,0,
TXN01772,2026-02-28 18:48:38,USR00167,USR00098,6478.32,Travel,P2M,Lucknow,Web,Paytm,0,
TXN08853,2026-02-28 18:50:54,USR00072,USR00496,2181.84,P2P Transfer,P2P,Delhi,Tablet,BHIM,0,
TXN03465,2026-02-28 19:01:26,USR00301,USR00025,1463.56,Food Delivery,P2M,Mumbai,iPhone,Paytm,0,
TXN01709,2026-02-28 19:04:20,USR00078,USR00242,2887.97,Food Delivery,P2P,Mumbai,Tablet,BHIM,0,
TXN04960,2026-02-28 19:10:06,USR00276,USR00121,2324.57,Food Delivery,P2M,Bengaluru,Web,Paytm,0,
TXN04957,2026-02-28 19:12:27,USR00494,USR00476,11087.67,P2P Transfer,P2P,Bengaluru,iPhone,AmazonPay,0,
TXN06695,2026-02-28 19:12:34,USR00362,USR00092,205.42,Entertainment,P2P,Pune,Web,AmazonPay,0,
TXN04309,2026-02-28 19:14:19,USR00206,USR00473,4979.41,Healthcare,P2M,Pune,iPhone,Paytm,0,
TXN02343,2026-02-28 19:19:43,USR00283,USR00000,15068.64,Entertainment,P2M,Chennai,Android_Phone,GPay,0,
TXN05303,2026-02-28 19:27:18,USR00038,USR00407,353.9,Education,P2P,Jaipur,iPhone,PhonePe,0,
TXN03702,2026-02-28 19:29:55,USR00391,USR00294,96.47,Healthcare,P2P,Pune,Web,GPay,0,
TXN07417,2026-02-28 19:58:36,USR00170,USR00315,10211.37,Utilities,P2M,Bengaluru,Web,AmazonPay,0,
TXN05607,2026-02-28 20:14:37,USR00301,USR00025,1964.27,Travel,P2P,Mumbai,iPhone,Paytm,0,
TXN02642,2026-02-28 20:19:37,USR00038,USR00491,329.69,Entertainment,P2P,Jaipur,iPhone,PhonePe,0,
TXN08037,2026-02-28 20:23:25,USR00339,USR00337,11359.41,Shopping,P2M,Mumbai,Tablet,AmazonPay,0,
TXN04783,2026-02-28 20:31:27,USR00366,USR00375,21547.93,Education,P2M,Chennai,Web,BHIM,0,
TXN10076,2026-02-28 20:35:00,USR00406,USR00074,453.99,Healthcare,P2P,Lucknow,Tablet,PhonePe,1,rapid_burst
TXN10077,2026-02-28 20:38:00,USR00406,USR00074,760.68,Entertainment,P2M,Lucknow,Tablet,PhonePe,1,rapid_burst
TXN10079,2026-02-28 20:38:00,USR00406,USR00237,503.83,Education,P2P,Lucknow,Tablet,PhonePe,1,rapid_burst
TXN10078,2026-02-28 20:39:00,USR00406,USR00323,625.65,Grocery,P2M,Lucknow,Tablet,PhonePe,1,rapid_burst
TXN10080,2026-02-28 20:39:00,USR00406,USR00323,690.92,Education,P2P,Lucknow,Tablet,PhonePe,1,rapid_burst
TXN00159,2026-02-28 21:06:07,USR00075,USR00139,4110.34,Education,P2M,Ahmedabad,iPhone,BHIM,0,
TXN09001,2026-02-28 21:07:23,USR00080,USR00173,12682.74,P2P Transfer,P2P,Delhi,iPhone,BHIM,0,
TXN05872,2026-02-28 21:07:27,USR00437,USR00395,741.22,Travel,P2M,Pune,iPhone,Paytm,0,
TXN07214,2026-02-28 21:15:49,USR00386,USR00260,329.57,Food Delivery,P2P,Delhi,iPhone,Paytm,0,
TXN02144,2026-02-28 21:25:37,USR00255,USR00399,5078.37,Rent,P2M,Bengaluru,Web,Paytm,0,
TXN00236,2026-02-28 21:31:07,USR00182,USR00262,1264.83,Utilities,P2P,Delhi,Tablet,BHIM,0,
TXN07277,2026-02-28 21:58:09,USR00117,USR00323,548.74,Education,P2M,Ahmedabad,Android_Phone,GPay,0,
TXN07022,2026-02-28 22:10:10,USR00477,USR00242,215.47,Travel,P2M,Surat,Web,PhonePe,0,
TXN01065,2026-02-28 22:15:43,USR00295,USR00301,386.24,Education,P2P,Kolkata,Android_Phone,AmazonPay,0,
TXN07774,2026-02-28 22:20:35,USR00181,USR00031,1542.7,Rent,P2P,Delhi,Web,PhonePe,0,
TXN06522,2026-02-28 22:26:57,USR00493,USR00246,145.83,Shopping,P2M,Jaipur,iPhone,GPay,0,
TXN01751,2026-03-01 06:00:13,USR00278,USR00090,567.28,Rent,P2P,Bengaluru,iPhone,Paytm,0,
TXN05178,2026-03-01 06:01:09,USR00172,USR00387,739.36,Entertainment,P2P,Surat,Tablet,Paytm,0,
TXN08658,2026-03-01 06:04:35,USR00231,USR00334,1368.9,Fuel,P2P,Pune,iPhone,BHIM,0,
TXN01889,2026-03-01 06:05:12,USR00360,USR00491,3076.96,Healthcare,P2M,Jaipur,Tablet,Paytm,0,
TXN06554,2026-03-01 06:06:15,USR00189,USR00148,11722.24,Rent,P2P,Mumbai,iPhone,AmazonPay,0,
TXN06120,2026-03-01 06:24:23,USR00383,USR00161,165.99,Grocery,P2P,Kolkata,Android_Phone,BHIM,0,
TXN00814,2026-03-01 06:26:52,USR00357,USR00027,10638.9,Utilities,P2P,Mumbai,Web,PhonePe,0,
TXN03828,2026-03-01 06:33:14,USR00144,USR00467,197.74,Travel,P2P,Jaipur,Tablet,Paytm,0,
TXN08486,2026-03-01 06:35:00,USR00209,USR00221,705.11,Entertainment,P2M,Pune,Tablet,PhonePe,0,
TXN03094,2026-03-01 06:37:34,USR00368,USR00464,886.02,P2P Transfer,P2M,Lucknow,Android_Phone,AmazonPay,0,
TXN08392,2026-03-01 06:41:24,USR00245,USR00374,3089.99,P2P Transfer,P2M,Delhi,Tablet,GPay,0,
TXN06332,2026-03-01 07:13:16,USR00221,USR00265,598.94,Healthcare,P2P,Hyderabad,Android_Phone,AmazonPay,0,
TXN02537,2026-03-01 07:15:00,USR00271,USR00349,176.32,Shopping,P2M,Nagpur,Tablet,PhonePe,0,
TXN04181,2026-03-01 07:27:34,USR00354,USR00466,3437.29,Food Delivery,P2P,Hyderabad,Tablet,Paytm,0,
TXN06965,2026-03-01 07:41:30,USR00144,USR00396,153.65,Rent,P2P,Jaipur,Tablet,Paytm,0,
TXN04008,2026-03-01 07:51:38,USR00488,USR00358,121.45,P2P Transfer,P2M,Bengaluru,Tablet,BHIM,0,
TXN09833,2026-03-01 07:53:01,USR00184,USR00193,13368.19,Healthcare,P2P,Jaipur,Android_Phone,GPay,1,new_receiver
TXN08163,2026-03-01 08:05:38,USR00026,USR00367,1816.64,Rent,P2P,Lucknow,Web,Paytm,0,
TXN06651,2026-03-01 08:16:40,USR00105,USR00432,267.58,Utilities,P2P,Delhi,iPhone,Paytm,0,
TXN06196,2026-03-01 08:20:57,USR00124,USR00403,1524.52,Fuel,P2P,Delhi,iPhone,AmazonPay,0,
TXN00235,2026-03-01 08:27:07,USR00133,USR00073,1039.34,Grocery,P2M,Surat,Android_Phone,GPay,0,
TXN04812,2026-03-01 08:28:39,USR00262,USR00325,2767.11,Travel,P2P,Mumbai,Tablet,GPay,0,
TXN07028,2026-03-01 08:31:21,USR00075,USR00260,3420.66,Entertainment,P2M,Ahmedabad,iPhone,BHIM,0,
TXN01066,2026-03-01 08:32:41,USR00407,USR00162,1500.69,P2P Transfer,P2M,Pune,Web,Paytm,0,
TXN09707,2026-03-01 08:32:56,USR00304,USR00137,1365.0,Food Delivery,P2P,Kolkata,iPhone,BHIM,1,new_location
TXN09002,2026-03-01 08:51:00,USR00326,USR00218,450.06,Utilities,P2P,Chennai,Web,GPay,0,
TXN02404,2026-03-01 09:00:59,USR00460,USR00201,554.94,P2P Transfer,P2M,Lucknow,Android_Phone,AmazonPay,0,
TXN02920,2026-03-01 09:13:22,USR00468,USR00451,7715.32,Education,P2M,Delhi,Tablet,AmazonPay,0,
TXN04054,2026-03-01 09:13:28,USR00090,USR00007,364.5,Entertainment,P2M,Jaipur,Tablet,Paytm,0,
TXN02028,2026-03-01 09:23:21,USR00481,USR00401,1012.98,Food Delivery,P2M,Bengaluru,Web,GPay,0,
TXN09810,2026-03-01 09:30:43,USR00293,USR00040,431.34,Education,P2P,Bengaluru,iPhone,BHIM,1,rapid_burst
TXN04416,2026-03-01 09:33:43,USR00059,USR00380,12215.58,Utilities,P2P,Nagpur,Android_Phone,AmazonPay,0,
TXN02936,2026-03-01 09:34:32,USR00415,USR00216,11097.54,Entertainment,P2P,Pune,Tablet,AmazonPay,0,
TXN04248,2026-03-01 09:35:06,USR00227,USR00134,3002.27,Rent,P2M,Ahmedabad,iPhone,BHIM,0,
TXN07386,2026-03-01 09:49:24,USR00479,USR00192,306.62,Fuel,P2M,Hyderabad,iPhone,AmazonPay,0,
TXN01526,2026-03-01 09:57:09,USR00450,USR00363,639.65,Travel,P2M,Kolkata,iPhone,AmazonPay,0,
TXN07899,2026-03-01 10:01:38,USR00214,USR00369,1448.64,Food Delivery,P2P,Chennai,Android_Phone,BHIM,0,
TXN00266,2026-03-01 10:09:30,USR00044,USR00118,18176.09,Grocery,P2P,Chennai,Web,PhonePe,0,
TXN00999,2026-03-01 10:16:02,USR00132,USR00121,5457.79,Travel,P2P,Delhi,Tablet,PhonePe,0,
TXN05371,2026-03-01 10:31:10,USR00466,USR00158,167.27,Grocery,P2P,Kolkata,Android_Phone,BHIM,0,
TXN01000,2026-03-01 10:37:20,USR00243,USR00202,10861.59,P2P Transfer,P2M,Chennai,Android_Phone,Paytm,0,
TXN02329,2026-03-01 10:47:38,USR00178,USR00354,347.68,Travel,P2M,Surat,Web,GPay,0,
TXN00064,2026-03-01 10:49:40,USR00441,USR00113,114.53,Shopping,P2M,Chennai,Android_Phone,PhonePe,0,
TXN01505,2026-03-01 11:08:26,USR00451,USR00170,6959.74,Shopping,P2P,Jaipur,iPhone,PhonePe,0,
TXN01495,2026-03-01 11:15:29,USR00293,USR00216,348.19,Food Delivery,P2P,Bengaluru,iPhone,BHIM,0,
TXN01029,2026-03-01 11:18:02,USR00222,USR00247,48.85,Education,P2M,Chennai,iPhone,Paytm,0,
TXN08941,2026-03-01 11:18:30,USR00387,USR00113,1282.22,Healthcare,P2P,Delhi,Tablet,Paytm,0,
TXN08127,2026-03-01 11:18:44,USR00142,USR00034,14496.27,Education,P2M,Mumbai,Tablet,Paytm,0,
TXN09805,2026-03-01 11:20:47,USR00031,USR00031,1236.98,Education,P2M,Hyderabad,Web,BHIM,1,"new_receiver,new_device"
TXN04993,2026-03-01 11:32:03,USR00163,USR00446,1763.61,Travel,P2M,Lucknow,Tablet,GPay,0,
TXN08371,2026-03-01 11:47:56,USR00487,USR00241,233.38,Utilities,P2P,Bengaluru,Android_Phone,GPay,0,
TXN06994,2026-03-01 11:57:15,USR00191,USR00213,106.84,Rent,P2P,Jaipur,Tablet,Paytm,0,
TXN03941,2026-03-01 12:10:07,USR00488,USR00428,131.76,Utilities,P2M,Bengaluru,Tablet,BHIM,0,
TXN08545,2026-03-01 12:12:40,USR00104,USR00369,225.17,Education,P2M,Surat,Web,Paytm,0,
TXN01176,2026-03-01 12:20:08,USR00457,USR00351,10748.68,Entertainment,P2P,Lucknow,Web,GPay,0,
TXN07834,2026-03-01 12:33:57,USR00203,USR00129,399.08,Travel,P2M,Delhi,Android_Phone,Paytm,0,
TXN01285,2026-03-01 12:35:55,USR00485,USR00225,1488.12,Fuel,P2M,Hyderabad,iPhone,GPay,0,
TXN05115,2026-03-01 12:52:56,USR00024,USR00450,1793.12,Entertainment,P2M,Chennai,iPhone,Paytm,0,
TXN02555,2026-03-01 13:07:26,USR00366,USR00347,11754.1,Healthcare,P2P,Chennai,Web,BHIM,0,
TXN02509,2026-03-01 13:14:50,USR00463,USR00211,2144.77,Rent,P2P,Lucknow,iPhone,PhonePe,0,
TXN00370,2026-03-01 13:50:27,USR00232,USR00140,92.73,Fuel,P2P,Hyderabad,iPhone,AmazonPay,0,
TXN09524,2026-03-01 14:17:28,USR00181,USR00216,825.42,Entertainment,P2P,Delhi,Web,PhonePe,1,new_receiver
TXN06993,2026-03-01 14:18:37,USR00151,USR00257,299.83,Education,P2M,Surat,iPhone,PhonePe,0,
TXN07383,2026-03-01 14:45:07,USR00176,USR00327,222.36,Rent,P2M,Bengaluru,iPhone,AmazonPay,0,
TXN04761,2026-03-01 14:55:02,USR00431,USR00455,12973.67,Rent,P2P,Pune,Android_Phone,GPay,0,
TXN06322,2026-03-01 15:24:59,USR00379,USR00067,354.32,Grocery,P2M,Pune,Android_Phone,AmazonPay,0,
TXN08753,2026-03-01 15:34:50,USR00498,USR00027,10854.92,Utilities,P2P,Mumbai,Web,GPay,0,
TXN06810,2026-03-01 15:38:19,USR00173,USR00471,522.27,Healthcare,P2P,Jaipur,iPhone,PhonePe,0,
TXN01043,2026-03-01 15:38:50,USR00140,USR00218,344.46,Food Delivery,P2P,Hyderabad,Web,BHIM,0,
TXN00676,2026-03-01 15:41:34,USR00178,USR00341,451.43,Food Delivery,P2P,Surat,Web,GPay,0,
TXN01014,2026-03-01 15:45:15,USR00342,USR00440,1035.0,Healthcare,P2P,Nagpur,Web,PhonePe,0,
TXN02099,2026-03-01 16:29:56,USR00039,USR00115,5881.63,P2P Transfer,P2P,Surat,iPhone,GPay,0,
TXN08520,2026-03-01 16:30:01,USR00027,USR00170,204.51,Entertainment,P2P,Mumbai,Web,PhonePe,0,
TXN00008,2026-03-01 16:33:05,USR00373,USR00264,548.47,Shopping,P2M,Lucknow,Web,BHIM,0,
TXN06323,2026-03-01 16:34:30,USR00104,USR00468,230.06,Fuel,P2M,Surat,Web,Paytm,0,
TXN06205,2026-03-01 16:46:13,USR00444,USR00397,480.71,Grocery,P2P,Pune,iPhone,BHIM,0,
TXN04237,2026-03-01 17:02:00,USR00446,USR00079,4551.26,Healthcare,P2P,Pune,Android_Phone,GPay,0,
TXN04171,2026-03-01 17:12:01,USR00391,USR00206,100.3,Travel,P2P,Pune,Web,GPay,0,
TXN00701,2026-03-01 17:26:58,USR00179,USR00112,1674.71,Grocery,P2M,Surat,Android_Phone,PhonePe,0,
TXN03122,2026-03-01 17:35:37,USR00344,USR00146,327.06,Rent,P2P,Surat,Tablet,AmazonPay,0,
TXN00962,2026-03-01 17:38:10,USR00031,USR00403,791.61,Fuel,P2P,Hyderabad,iPhone,BHIM,0,
TXN06520,2026-03-01 17:59:30,USR00348,USR00301,211.58,Food Delivery,P2P,Pune,Tablet,AmazonPay,0,
TXN02873,2026-03-01 18:13:13,USR00230,USR00250,10572.98,Healthcare,P2P,Jaipur,iPhone,PhonePe,0,
TXN03989,2026-03-01 18:26:09,USR00388,USR00419,1019.4,Entertainment,P2M,Nagpur,Web,BHIM,0,
TXN06593,2026-03-01 18:36:20,USR00033,USR00260,981.75,Rent,P2P,Hyderabad,Android_Phone,AmazonPay,0,
TXN00031,2026-03-01 18:42:59,USR00129,USR00075,8482.07,Rent,P2M,Ahmedabad,Web,PhonePe,0,
TXN08450,2026-03-01 18:46:08,USR00235,USR00179,3059.55,P2P Transfer,P2P,Pune,iPhone,BHIM,0,
TXN02898,2026-03-01 18:47:36,USR00205,USR00087,1165.11,Healthcare,P2P,Mumbai,Tablet,GPay,0,
TXN06506,2026-03-01 18:55:46,USR00204,USR00350,2722.67,Rent,P2M,Nagpur,iPhone,GPay,0,
TXN03625,2026-03-01 19:07:03,USR00184,USR00478,9415.35,Food Delivery,P2P,Jaipur,Android_Phone,GPay,0,
TXN07564,2026-03-01 19:09:46,USR00277,USR00046,22598.72,Healthcare,P2M,Bengaluru,Web,PhonePe,0,
TXN09337,2026-03-01 19:14:05,USR00321,USR00359,127.81,Rent,P2P,Jaipur,Android_Phone,GPay,0,
TXN00078,2026-03-01 19:17:00,USR00302,USR00015,3068.44,Shopping,P2P,Surat,Tablet,PhonePe,0,
TXN05428,2026-03-01 19:25:08,USR00249,USR00330,11175.62,Education,P2P,Nagpur,iPhone,PhonePe,0,
TXN01393,2026-03-01 19:26:11,USR00254,USR00061,2196.27,P2P Transfer,P2P,Hyderabad,Android_Phone,PhonePe,0,
TXN07085,2026-03-01 19:30:48,USR00061,USR00444,20294.19,Entertainment,P2P,Nagpur,Web,BHIM,0,
TXN09994,2026-03-01 19:32:46,USR00299,USR00309,466.66,Travel,P2P,Nagpur,Android_Phone,PhonePe,1,new_device
TXN08922,2026-03-01 19:34:49,USR00136,USR00093,271.82,Food Delivery,P2M,Nagpur,Tablet,BHIM,0,
TXN04069,2026-03-01 19:41:06,USR00020,USR00299,206.77,Grocery,P2M,Lucknow,Android_Phone,BHIM,0,
TXN01058,2026-03-01 19:41:11,USR00001,USR00332,3664.39,Food Delivery,P2M,Pune,iPhone,AmazonPay,0,
TXN01448,2026-03-01 19:41:51,USR00201,USR00111,292.45,Entertainment,P2M,Delhi,iPhone,BHIM,0,
TXN06629,2026-03-01 19:46:05,USR00039,USR00115,8144.7,Travel,P2P,Surat,iPhone,GPay,0,
TXN07533,2026-03-01 20:06:43,USR00356,USR00499,6301.64,Food Delivery,P2P,Pune,Android_Phone,BHIM,0,
TXN05529,2026-03-01 20:23:43,USR00483,USR00198,15339.07,Rent,P2M,Nagpur,iPhone,AmazonPay,0,
TXN02163,2026-03-01 20:28:08,USR00463,USR00230,1929.26,Healthcare,P2M,Lucknow,iPhone,PhonePe,0,
TXN09147,2026-03-01 20:29:46,USR00344,USR00413,205.87,Education,P2P,Surat,Tablet,AmazonPay,0,
TXN03767,2026-03-01 20:30:10,USR00388,USR00396,1172.73,Entertainment,P2P,Nagpur,Web,BHIM,0,
TXN03720,2026-03-01 20:37:11,USR00114,USR00158,431.3,Education,P2P,Kolkata,iPhone,Paytm,0,
TXN03159,2026-03-01 20:58:50,USR00333,USR00206,2716.36,Food Delivery,P2M,Mumbai,Web,PhonePe,0,
TXN01559,2026-03-01 20:58:56,USR00242,USR00067,13295.99,P2P Transfer,P2P,Kolkata,Android_Phone,Paytm,0,
TXN04474,2026-03-01 21:00:07,USR00080,USR00400,16785.57,Rent,P2M,Delhi,iPhone,BHIM,0,
TXN05392,2026-03-01 21:02:17,USR00344,USR00413,354.51,P2P Transfer,P2P,Surat,Tablet,AmazonPay,0,
TXN07376,2026-03-01 21:17:19,USR00425,USR00193,2341.3,Utilities,P2P,Ahmedabad,Web,Paytm,0,
TXN10227,2026-03-01 21:20:00,USR00025,USR00153,3009.54,Fuel,P2M,Surat,Android_Phone,PhonePe,1,rapid_burst
TXN10228,2026-03-01 21:22:00,USR00025,USR00053,3696.05,Utilities,P2P,Surat,Android_Phone,PhonePe,1,rapid_burst
TXN01283,2026-03-01 21:23:21,USR00227,USR00343,6075.29,Rent,P2M,Ahmedabad,iPhone,BHIM,0,
TXN10229,2026-03-01 21:26:00,USR00025,USR00449,3312.1,Entertainment,P2M,Surat,Android_Phone,PhonePe,1,rapid_burst
TXN10230,2026-03-01 21:26:00,USR00025,USR00339,4607.01,Healthcare,P2P,Surat,Android_Phone,PhonePe,1,rapid_burst
TXN02005,2026-03-01 21:27:24,USR00032,USR00420,229.42,Grocery,P2P,Chennai,Tablet,PhonePe,0,
TXN10231,2026-03-01 21:32:00,USR00025,USR00339,2584.1,Fuel,P2M,Surat,Android_Phone,PhonePe,1,rapid_burst
TXN10232,2026-03-01 21:35:00,USR00025,USR00339,1313.1,P2P Transfer,P2P,Surat,Android_Phone,PhonePe,1,rapid_burst
TXN09190,2026-03-01 21:54:43,USR00422,USR00026,947.35,Food Delivery,P2M,Ahmedabad,Web,PhonePe,0,
TXN08734,2026-03-01 21:55:59,USR00435,USR00432,5672.52,Shopping,P2P,Chennai,Tablet,BHIM,0,
TXN03685,2026-03-01 22:00:29,USR00296,USR00248,419.18,Utilities,P2P,Kolkata,Web,AmazonPay,0,
TXN02345,2026-03-01 22:15:18,USR00057,USR00229,408.07,Travel,P2M,Nagpur,iPhone,GPay,0,
TXN09406,2026-03-01 22:17:56,USR00375,USR00367,30610.73,Healthcare,P2P,Bengaluru,iPhone,PhonePe,1,high_amount
TXN00798,2026-03-01 22:26:26,USR00181,USR00280,594.51,Grocery,P2P,Delhi,Web,PhonePe,0,
TXN05083,2026-03-01 22:28:26,USR00255,USR00064,5445.72,P2P Transfer,P2M,Bengaluru,Web,Paytm,0,
TXN01549,2026-03-01 22:42:25,USR00416,USR00326,8941.66,Fuel,P2M,Bengaluru,Android_Phone,BHIM,0,
TXN03742,2026-03-02 06:00:01,USR00277,USR00028,3860.93,Food Delivery,P2P,Bengaluru,Web,PhonePe,0,
TXN05288,2026-03-02 06:07:22,USR00449,USR00004,942.95,Travel,P2P,Mumbai,Web,Paytm,0,
TXN05373,2026-03-02 06:07:31,USR00354,USR00012,4617.94,Grocery,P2P,Hyderabad,Tablet,Paytm,0,
TXN02689,2026-03-02 06:20:54,USR00414,USR00003,11886.12,Food Delivery,P2M,Hyderabad,Tablet,BHIM,0,
TXN01462,2026-03-02 06:27:24,USR00304,USR00105,1031.15,Food Delivery,P2P,Surat,iPhone,BHIM,0,
TXN04780,2026-03-02 06:48:09,USR00068,USR00239,1068.21,Rent,P2P,Ahmedabad,Web,Paytm,0,
TXN06514,2026-03-02 06:54:52,USR00041,USR00411,8107.97,Rent,P2P,Pune,Tablet,AmazonPay,0,
TXN01351,2026-03-02 07:15:14,USR00186,USR00427,5289.59,Grocery,P2M,Jaipur,Tablet,GPay,0,
TXN08007,2026-03-02 07:31:25,USR00141,USR00343,17301.23,Education,P2M,Hyderabad,Tablet,BHIM,0,
TXN00153,2026-03-02 07:43:23,USR00438,USR00119,7726.03,Grocery,P2M,Chennai,Web,AmazonPay,0,
TXN04275,2026-03-02 07:51:18,USR00177,USR00196,11764.57,Entertainment,P2M,Chennai,Tablet,PhonePe,0,
TXN07271,2026-03-02 07:59:35,USR00121,USR00145,542.16,Utilities,P2P,Delhi,Web,AmazonPay,0,
TXN00224,2026-03-02 08:08:55,USR00043,USR00266,1019.83,Healthcare,P2P,Pune,Web,PhonePe,0,
TXN05098,2026-03-02 08:15:21,USR00403,USR00287,569.31,Shopping,P2M,Ahmedabad,Web,GPay,0,
TXN08474,2026-03-02 08:29:03,USR00186,USR00372,5481.53,Rent,P2M,Jaipur,Tablet,GPay,0,
TXN08023,2026-03-02 08:36:14,USR00042,USR00286,3479.97,Rent,P2P,Surat,Tablet,BHIM,0,
TXN01992,2026-03-02 08:38:39,USR00352,USR00047,479.34,Education,P2P,Jaipur,Tablet,Paytm,0,
TXN08065,2026-03-02 09:15:53,USR00098,USR00135,13911.16,P2P Transfer,P2P,Mumbai,Web,BHIM,0,
TXN01828,2026-03-02 09:25:33,USR00012,USR00417,992.04,Food Delivery,P2M,Pune,Android_Phone,GPay,0,
TXN01803,2026-03-02 09:46:54,USR00418,USR00402,3617.4,Shopping,P2M,Kolkata,Web,BHIM,0,
TXN05750,2026-03-02 09:57:53,USR00227,USR00343,5416.86,Food Delivery,P2P,Ahmedabad,iPhone,BHIM,0,
TXN04613,2026-03-02 10:01:45,USR00170,USR00315,11639.54,Fuel,P2M,Bengaluru,Web,AmazonPay,0,
TXN04318,2026-03-02 10:03:32,USR00101,USR00258,36.5,Shopping,P2P,Kolkata,Web,GPay,0,
TXN00275,2026-03-02 10:22:28,USR00147,USR00293,143.51,Travel,P2P,Mumbai,Tablet,AmazonPay,0,
TXN06004,2026-03-02 10:26:44,USR00110,USR00112,200.66,Healthcare,P2M,Jaipur,Tablet,GPay,0,
TXN08419,2026-03-02 10:27:38,USR00061,USR00385,20843.25,Utilities,P2P,Nagpur,Web,BHIM,0,
TXN01154,2026-03-02 10:29:26,USR00033,USR00347,699.64,Utilities,P2P,Hyderabad,Android_Phone,AmazonPay,0,
TXN08020,2026-03-02 10:55:51,USR00023,USR00318,1338.03,Shopping,P2P,Delhi,Web,AmazonPay,0,
TXN08493,2026-03-02 10:56:43,USR00056,USR00359,11088.42,Food Delivery,P2M,Hyderabad,Web,PhonePe,0,
TXN00309,2026-03-02 11:13:28,USR00217,USR00102,10014.66,Fuel,P2M,Delhi,Web,AmazonPay,0,
TXN05421,2026-03-02 11:18:59,USR00393,USR00246,7073.83,Grocery,P2M,Lucknow,Tablet,Paytm,0,
TXN03349,2026-03-02 11:23:49,USR00130,USR00114,306.35,Education,P2M,Kolkata,iPhone,GPay,0,
TXN02475,2026-03-02 11:26:05,USR00115,USR00372,3672.31,Education,P2M,Jaipur,Android_Phone,PhonePe,0,
TXN01547,2026-03-02 11:41:02,USR00479,USR00192,613.37,Utilities,P2M,Hyderabad,iPhone,AmazonPay,0,
TXN01952,2026-03-02 12:05:27,USR00058,USR00217,7134.67,Grocery,P2P,Hyderabad,iPhone,AmazonPay,0,
TXN09289,2026-03-02 12:11:46,USR00287,USR00152,2075.81,Utilities,P2P,Surat,Web,BHIM,0,
TXN02267,2026-03-02 12:41:40,USR00373,USR00128,593.33,Fuel,P2M,Lucknow,Web,BHIM,0,
TXN08085,2026-03-02 12:51:05,USR00366,USR00169,11973.78,P2P Transfer,P2P,Chennai,Web,BHIM,0,
TXN02473,2026-03-02 12:56:11,USR00156,USR00167,8823.78,P2P Transfer,P2P,Pune,Tablet,AmazonPay,0,
TXN00410,2026-03-02 13:14:33,USR00370,USR00485,1361.17,Travel,P2M,Ahmedabad,iPhone,AmazonPay,0,
TXN05912,2026-03-02 13:46:30,USR00197,USR00189,5002.25,Entertainment,P2M,Chennai,Tablet,GPay,0,
TXN01663,2026-03-02 14:02:32,USR00160,USR00049,8809.06,Education,P2P,Lucknow,Web,Paytm,0,
TXN06275,2026-03-02 14:07:43,USR00402,USR00491,1463.23,Education,P2M,Kolkata,Tablet,PhonePe,0,
TXN05536,2026-03-02 14:09:50,USR00426,USR00097,120.28,Education,P2P,Jaipur,Web,Paytm,0,
TXN01494,2026-03-02 14:09:54,USR00085,USR00176,376.86,Shopping,P2M,Delhi,iPhone,BHIM,0,
TXN00249,2026-03-02 14:17:36,USR00453,USR00195,69.99,Healthcare,P2P,Surat,Tablet,AmazonPay,0,
TXN03278,2026-03-02 14:26:46,USR00310,USR00065,2485.31,Rent,P2P,Hyderabad,iPhone,Paytm,0,
TXN02270,2026-03-02 14:40:09,USR00403,USR00439,603.36,Travel,P2P,Ahmedabad,Web,GPay,0,
TXN04705,2026-03-02 14:43:03,USR00426,USR00097,62.1,Healthcare,P2P,Jaipur,Web,Paytm,0,
TXN08316,2026-03-02 14:49:41,USR00399,USR00006,11168.96,Food Delivery,P2M,Delhi,Tablet,PhonePe,0,
TXN06526,2026-03-02 14:56:15,USR00051,USR00013,10155.34,P2P Transfer,P2M,Bengaluru,Android_Phone,Paytm,0,
TXN08647,2026-03-02 15:06:57,USR00029,USR00183,351.7,Utilities,P2M,Chennai,Web,PhonePe,0,
TXN04871,2026-03-02 15:15:07,USR00462,USR00085,2158.71,Fuel,P2P,Hyderabad,Web,GPay,0,
TXN02415,2026-03-02 15:19:08,USR00436,USR00203,7497.3,Fuel,P2P,Chennai,Web,GPay,0,
TXN04773,2026-03-02 15:34:28,USR00324,USR00120,13197.7,Utilities,P2P,Nagpur,iPhone,GPay,0,
TXN02547,2026-03-02 15:52:07,USR00107,USR00379,132.49,Food Delivery,P2M,Delhi,Tablet,GPay,0,
TXN04180,2026-03-02 16:04:12,USR00134,USR00259,3354.06,P2P Transfer,P2M,Delhi,Web,BHIM,0,
TXN06195,2026-03-02 16:23:00,USR00080,USR00319,13443.66,Shopping,P2M,Delhi,iPhone,BHIM,0,
TXN03337,2026-03-02 16:23:27,USR00341,USR00493,10525.63,Utilities,P2M,Lucknow,Tablet,Paytm,0,
TXN06790,2026-03-02 16:23:54,USR00451,USR00250,8634.91,Fuel,P2P,Jaipur,iPhone,PhonePe,0,
TXN06664,2026-03-02 16:23:54,USR00187,USR00117,2563.11,Shopping,P2M,Jaipur,Tablet,PhonePe,0,
TXN04584,2026-03-02 16:28:52,USR00349,USR00263,13563.17,Entertainment,P2P,Bengaluru,Android_Phone,BHIM,0,
TXN01449,2026-03-02 16:32:31,USR00470,USR00090,10112.24,P2P Transfer,P2P,Lucknow,Web,AmazonPay,0,
TXN04504,2026-03-02 16:33:37,USR00138,USR00063,18456.62,Fuel,P2P,Surat,Android_Phone,BHIM,0,
TXN00948,2026-03-02 16:33:46,USR00206,USR00038,6315.13,Shopping,P2P,Pune,iPhone,Paytm,0,
TXN04714,2026-03-02 16:35:10,USR00341,USR00493,13561.27,Grocery,P2M,Lucknow,Tablet,Paytm,0,
TXN03052,2026-03-02 16:37:40,USR00151,USR00273,296.47,P2P Transfer,P2P,Surat,iPhone,PhonePe,0,
TXN03086,2026-03-02 16:54:32,USR00496,USR00075,703.54,Education,P2M,Lucknow,iPhone,PhonePe,0,
TXN09758,2026-03-02 17:01:27,USR00120,USR00480,65.01,Rent,P2M,Jaipur,Tablet,BHIM,1,new_receiver
TXN06967,2026-03-02 17:01:42,USR00456,USR00226,14667.16,Healthcare,P2P,Kolkata,Web,Paytm,0,
TXN02018,2026-03-02 17:02:33,USR00395,USR00181,1158.21,Grocery,P2M,Delhi,Web,AmazonPay,0,
TXN07648,2026-03-02 17:12:19,USR00248,USR00127,6854.89,Education,P2P,Pune,iPhone,AmazonPay,0,
TXN01183,2026-03-02 17:14:42,USR00395,USR00160,1381.92,Entertainment,P2P,Delhi,Web,AmazonPay,0,
TXN00182,2026-03-02 17:27:13,USR00290,USR00137,58.6,Food Delivery,P2M,Ahmedabad,Tablet,GPay,0,
TXN08688,2026-03-02 17:47:31,USR00281,USR00200,127.73,Utilities,P2P,Nagpur,Android_Phone,PhonePe,0,
TXN05752,2026-03-02 17:47:52,USR00277,USR00019,13775.89,Shopping,P2M,Bengaluru,Web,PhonePe,0,
TXN08948,2026-03-02 17:53:12,USR00286,USR00457,326.72,Fuel,P2M,Chennai,Android_Phone,PhonePe,0,
TXN01155,2026-03-02 17:57:57,USR00159,USR00287,8771.53,Utilities,P2M,Kolkata,Android_Phone,PhonePe,0,
TXN03048,2026-03-02 18:05:10,USR00052,USR00412,12693.13,Rent,P2M,Nagpur,Android_Phone,GPay,0,
TXN00013,2026-03-02 18:37:10,USR00031,USR00055,997.76,Grocery,P2M,Hyderabad,iPhone,BHIM,0,
TXN02917,2026-03-02 18:38:31,USR00421,USR00348,2723.56,Education,P2P,Jaipur,Android_Phone,Paytm,0,
TXN08307,2026-03-02 18:46:35,USR00308,USR00348,2966.99,Grocery,P2M,Surat,Tablet,BHIM,0,
TXN06344,2026-03-02 18:48:33,USR00037,USR00426,665.28,Healthcare,P2P,Lucknow,iPhone,Paytm,0,
TXN05302,2026-03-02 18:57:15,USR00376,USR00124,14654.52,Travel,P2M,Surat,iPhone,AmazonPay,0,
TXN03314,2026-03-02 19:23:33,USR00015,USR00370,2465.72,Grocery,P2M,Hyderabad,iPhone,AmazonPay,0,
TXN08446,2026-03-02 19:28:09,USR00128,USR00190,129.54,P2P Transfer,P2M,Surat,Android_Phone,AmazonPay,0,
TXN07420,2026-03-02 19:28:33,USR00389,USR00357,122.51,Entertainment,P2M,Mumbai,iPhone,GPay,0,
TXN08329,2026-03-02 19:36:27,USR00160,USR00060,7618.02,P2P Transfer,P2M,Lucknow,Web,Paytm,0,
TXN04933,2026-03-02 19:46:27,USR00477,USR00018,144.02,Healthcare,P2M,Surat,Web,PhonePe,0,
TXN03968,2026-03-02 19:46:43,USR00428,USR00495,135.17,Grocery,P2P,Nagpur,Web,AmazonPay,0,
TXN01276,2026-03-02 19:59:36,USR00332,USR00240,15361.9,Healthcare,P2M,Surat,Android_Phone,BHIM,0,
TXN01107,2026-03-02 19:59:54,USR00477,USR00408,192.59,Fuel,P2P,Surat,Web,PhonePe,0,
TXN01145,2026-03-02 20:01:17,USR00333,USR00418,3066.32,Rent,P2M,Mumbai,Web,PhonePe,0,
TXN08832,2026-03-02 20:07:32,USR00235,USR00312,2332.16,Food Delivery,P2M,Pune,iPhone,BHIM,0,
TXN04107,2026-03-02 20:21:18,USR00301,USR00233,1461.9,Fuel,P2M,Mumbai,iPhone,Paytm,0,
TXN09530,2026-03-02 20:32:44,USR00227,USR00343,6815.05,Travel,P2M,Ahmedabad,iPhone,BHIM,1,rapid_burst
TXN06269,2026-03-02 20:40:22,USR00417,USR00011,13253.16,Entertainment,P2M,Mumbai,iPhone,PhonePe,0,
TXN01106,2026-03-02 20:41:38,USR00166,USR00166,296.71,Entertainment,P2P,Jaipur,iPhone,BHIM,0,
TXN08671,2026-03-02 20:45:18,USR00025,USR00480,2526.18,Rent,P2P,Surat,Android_Phone,PhonePe,0,
TXN01026,2026-03-02 20:45:21,USR00257,USR00395,189.65,Fuel,P2P,Ahmedabad,Android_Phone,AmazonPay,0,
TXN08696,2026-03-02 20:59:27,USR00044,USR00355,10575.82,Travel,P2M,Chennai,Web,PhonePe,0,
TXN04502,2026-03-02 21:12:33,USR00289,USR00328,14874.4,Shopping,P2P,Ahmedabad,Tablet,PhonePe,0,
TXN00592,2026-03-02 21:17:58,USR00108,USR00369,9006.98,Food Delivery,P2M,Chennai,Tablet,Paytm,0,
TXN02927,2026-03-02 21:18:34,USR00340,USR00296,522.0,Education,P2M,Jaipur,Tablet,PhonePe,0,
TXN04421,2026-03-02 21:20:13,USR00028,USR00483,12814.01,Rent,P2P,Delhi,Android_Phone,PhonePe,0,
TXN00970,2026-03-02 21:20:19,USR00217,USR00349,13828.51,Food Delivery,P2P,Delhi,Web,AmazonPay,0,
TXN03461,2026-03-02 21:25:21,USR00429,USR00056,7322.49,Entertainment,P2M,Kolkata,Web,GPay,0,
TXN07212,2026-03-02 21:41:43,USR00068,USR00352,763.65,Food Delivery,P2P,Ahmedabad,Web,Paytm,0,
TXN00598,2026-03-02 21:48:12,USR00154,USR00160,3740.31,Utilities,P2P,Ahmedabad,Tablet,Paytm,0,
TXN02879,2026-03-02 21:50:48,USR00009,USR00195,2482.1,Travel,P2P,Lucknow,Tablet,AmazonPay,0,
TXN05870,2026-03-02 21:59:13,USR00437,USR00482,567.74,Travel,P2P,Pune,iPhone,Paytm,0,
TXN02594,2026-03-02 22:26:44,USR00372,USR00332,1870.27,Fuel,P2P,Mumbai,Tablet,GPay,0,
TXN00492,2026-03-02 22:48:21,USR00477,USR00330,178.94,Healthcare,P2M,Surat,Web,PhonePe,0,
TXN09857,2026-03-03 02:17:12,USR00253,USR00251,349.76,Utilities,P2M,Hyderabad,Android_Phone,PhonePe,1,"new_receiver,odd_hour"
TXN09408,2026-03-03 04:05:37,USR00014,USR00283,2571.2,Entertainment,P2M,Mumbai,Web,GPay,1,odd_hour
TXN08701,2026-03-03 06:26:35,USR00049,USR00332,3415.47,Fuel,P2P,Chennai,Android_Phone,GPay,0,
TXN06784,2026-03-03 06:27:28,USR00498,USR00495,15240.59,Fuel,P2P,Mumbai,Web,GPay,0,
TXN05899,2026-03-03 06:39:32,USR00271,USR00015,250.99,Shopping,P2P,Nagpur,Tablet,PhonePe,0,
TXN06045,2026-03-03 06:42:21,USR00498,USR00027,12170.36,Utilities,P2M,Mumbai,Web,GPay,0,
TXN06710,2026-03-03 07:00:35,USR00007,USR00202,105.48,Food Delivery,P2M,Lucknow,iPhone,BHIM,0,
TXN04044,2026-03-03 07:05:10,USR00114,USR00268,282.04,Healthcare,P2P,Kolkata,iPhone,Paytm,0,
TXN08629,2026-03-03 07:18:10,USR00433,USR00336,14205.26,Food Delivery,P2M,Jaipur,iPhone,AmazonPay,0,
TXN05692,2026-03-03 07:28:38,USR00447,USR00355,1126.25,Fuel,P2P,Mumbai,Web,BHIM,0,
TXN00503,2026-03-03 07:42:34,USR00488,USR00303,121.05,Shopping,P2P,Bengaluru,Tablet,BHIM,0,
TXN08337,2026-03-03 07:49:44,USR00471,USR00281,3002.43,P2P Transfer,P2M,Delhi,Tablet,PhonePe,0,
TXN09231,2026-03-03 07:55:05,USR00027,USR00394,347.07,Education,P2P,Mumbai,Web,PhonePe,0,
TXN04744,2026-03-03 07:56:47,USR00264,USR00297,95.69,Entertainment,P2P,Ahmedabad,Web,AmazonPay,0,
TXN06359,2026-03-03 07:59:14,USR00359,USR00044,11917.98,Education,P2M,Hyderabad,Android_Phone,BHIM,0,
TXN05050,2026-03-03 08:09:34,USR00005,USR00189,7203.97,Grocery,P2M,Surat,Tablet,Paytm,0,
TXN08683,2026-03-03 08:10:14,USR00470,USR00403,11428.81,Utilities,P2M,Lucknow,Web,AmazonPay,0,
TXN05796,2026-03-03 08:16:07,USR00304,USR00105,914.37,Rent,P2M,Surat,iPhone,BHIM,0,
TXN00253,2026-03-03 08:19:09,USR00223,USR00266,378.88,Rent,P2M,Ahmedabad,Web,BHIM,0,
TXN05942,2026-03-03 08:25:38,USR00029,USR00460,225.57,Entertainment,P2M,Chennai,Web,PhonePe,0,
TXN04298,2026-03-03 08:26:36,USR00385,USR00361,8523.26,Travel,P2P,Hyderabad,Tablet,BHIM,0,
TXN09062,2026-03-03 08:52:14,USR00117,USR00323,520.15,Shopping,P2M,Ahmedabad,Android_Phone,GPay,0,
TXN05086,2026-03-03 08:55:29,USR00169,USR00489,8846.9,Utilities,P2P,Mumbai,Web,BHIM,0,
TXN02392,2026-03-03 09:28:47,USR00254,USR00006,1385.52,Utilities,P2M,Hyderabad,Android_Phone,PhonePe,0,
TXN03734,2026-03-03 09:35:55,USR00170,USR00379,7143.78,Travel,P2M,Bengaluru,Web,AmazonPay,0,
TXN03711,2026-03-03 09:36:30,USR00055,USR00014,54.36,Entertainment,P2M,Lucknow,Tablet,Paytm,0,
TXN02568,2026-03-03 09:59:00,USR00037,USR00207,409.03,Shopping,P2M,Lucknow,iPhone,Paytm,0,
TXN04518,2026-03-03 10:11:32,USR00317,USR00152,450.86,P2P Transfer,P2P,Delhi,iPhone,Paytm,0,
TXN01546,2026-03-03 10:27:26,USR00296,USR00196,323.48,Rent,P2M,Kolkata,Web,AmazonPay,0,
TXN03939,2026-03-03 10:33:30,USR00357,USR00037,9219.87,Utilities,P2M,Mumbai,Web,PhonePe,0,
TXN01996,2026-03-03 10:37:44,USR00156,USR00416,9805.87,Education,P2P,Pune,Tablet,AmazonPay,0,
TXN05893,2026-03-03 10:38:53,USR00023,USR00318,969.09,Food Delivery,P2M,Delhi,Web,AmazonPay,0,
TXN09921,2026-03-03 10:43:18,USR00413,USR00013,351.48,Rent,P2P,Jaipur,Android_Phone,AmazonPay,1,new_receiver
TXN08408,2026-03-03 10:48:12,USR00390,USR00265,86.72,Grocery,P2M,Surat,Web,GPay,0,
TXN02687,2026-03-03 11:26:57,USR00267,USR00135,247.24,Healthcare,P2P,Hyderabad,Tablet,Paytm,0,
TXN02107,2026-03-03 11:34:48,USR00469,USR00044,650.87,P2P Transfer,P2P,Mumbai,iPhone,GPay,0,
TXN05424,2026-03-03 11:49:00,USR00180,USR00126,967.37,Food Delivery,P2P,Jaipur,Tablet,AmazonPay,0,
TXN05965,2026-03-03 11:51:02,USR00471,USR00149,6855.7,Healthcare,P2M,Delhi,Tablet,PhonePe,0,
TXN05114,2026-03-03 11:56:36,USR00438,USR00119,6984.78,Rent,P2P,Chennai,Web,AmazonPay,0,
TXN07893,2026-03-03 11:58:14,USR00339,USR00395,8459.98,Grocery,P2P,Mumbai,Tablet,AmazonPay,0,
TXN06723,2026-03-03 12:04:22,USR00356,USR00359,15011.46,Entertainment,P2P,Pune,Android_Phone,BHIM,0,
TXN01830,2026-03-03 12:08:24,USR00287,USR00121,1946.42,P2P Transfer,P2P,Surat,Web,BHIM,0,
TXN02396,2026-03-03 12:14:36,USR00024,USR00450,1820.45,Travel,P2P,Chennai,iPhone,Paytm,0,
TXN05592,2026-03-03 12:30:30,USR00245,USR00045,4234.94,Shopping,P2M,Delhi,Tablet,GPay,0,
TXN02663,2026-03-03 13:08:25,USR00358,USR00161,2387.16,Grocery,P2M,Surat,Tablet,GPay,0,
TXN06708,2026-03-03 13:23:36,USR00174,USR00290,269.84,Grocery,P2P,Mumbai,Web,AmazonPay,0,
TXN04056,2026-03-03 13:29:29,USR00213,USR00154,3084.59,Healthcare,P2P,Bengaluru,iPhone,GPay,0,
TXN06619,2026-03-03 13:33:10,USR00495,USR00055,12792.9,Entertainment,P2M,Kolkata,Web,AmazonPay,0,
TXN05934,2026-03-03 13:51:40,USR00120,USR00144,77.19,Grocery,P2P,Jaipur,Tablet,BHIM,0,
TXN09052,2026-03-03 13:53:41,USR00372,USR00332,2227.65,P2P Transfer,P2P,Mumbai,Tablet,GPay,0,
TXN00589,2026-03-03 14:03:32,USR00172,USR00387,2814.4,Rent,P2P,Surat,Tablet,Paytm,0,
TXN08261,2026-03-03 14:04:14,USR00194,USR00411,4454.84,P2P Transfer,P2P,Delhi,Android_Phone,AmazonPay,0,
TXN09206,2026-03-03 14:07:27,USR00103,USR00221,377.19,Rent,P2M,Delhi,Android_Phone,Paytm,0,
TXN02307,2026-03-03 14:15:53,USR00326,USR00059,442.21,Travel,P2M,Chennai,Web,GPay,0,
TXN03280,2026-03-03 14:25:55,USR00260,USR00488,8149.33,Rent,P2P,Pune,iPhone,Paytm,0,
TXN03165,2026-03-03 14:35:03,USR00420,USR00394,1962.67,Rent,P2P,Nagpur,Android_Phone,BHIM,0,
TXN03469,2026-03-03 14:53:22,USR00172,USR00387,2362.52,Healthcare,P2M,Surat,Tablet,Paytm,0,
TXN01220,2026-03-03 14:55:45,USR00458,USR00242,1684.98,Food Delivery,P2M,Bengaluru,Web,PhonePe,0,
TXN09335,2026-03-03 15:00:11,USR00252,USR00158,2276.48,Fuel,P2P,Hyderabad,iPhone,AmazonPay,0,
TXN07677,2026-03-03 15:14:13,USR00429,USR00056,7408.17,Grocery,P2P,Kolkata,Web,GPay,0,
TXN06616,2026-03-03 15:24:22,USR00476,USR00291,8339.36,Fuel,P2M,Delhi,Android_Phone,AmazonPay,0,
TXN01340,2026-03-03 15:38:18,USR00487,USR00241,392.59,Shopping,P2M,Bengaluru,Android_Phone,GPay,0,
TXN08764,2026-03-03 15:44:18,USR00122,USR00066,388.03,Utilities,P2M,Hyderabad,Web,Paytm,0,
TXN09399,2026-03-03 15:50:27,USR00494,USR00378,8891.19,Utilities,P2M,Bengaluru,iPhone,AmazonPay,0,
TXN04362,2026-03-03 15:55:43,USR00483,USR00235,15831.36,Education,P2M,Nagpur,iPhone,AmazonPay,0,
TXN09685,2026-03-03 16:02:37,USR00489,USR00047,17717.26,Travel,P2P,Ahmedabad,Android_Phone,BHIM,1,high_amount
TXN01084,2026-03-03 16:11:30,USR00445,USR00012,1286.5,Grocery,P2P,Pune,Web,Paytm,0,
TXN09554,2026-03-03 16:18:59,USR00366,USR00375,6667.21,Fuel,P2M,Hyderabad,Web,BHIM,1,"rapid_burst,new_location"
TXN08560,2026-03-03 16:26:39,USR00206,USR00243,7126.24,Fuel,P2M,Pune,iPhone,Paytm,0,
TXN06365,2026-03-03 16:28:30,USR00113,USR00010,94.02,Travel,P2M,Hyderabad,Tablet,Paytm,0,
TXN08908,2026-03-03 16:31:43,USR00052,USR00412,15840.22,Shopping,P2P,Nagpur,Android_Phone,GPay,0,
TXN00637,2026-03-03 16:44:26,USR00253,USR00029,292.08,Rent,P2M,Hyderabad,Android_Phone,PhonePe,0,
TXN03459,2026-03-03 16:53:40,USR00311,USR00133,248.38,Shopping,P2M,Chennai,Tablet,GPay,0,
TXN05706,2026-03-03 16:54:39,USR00039,USR00075,8168.67,Rent,P2P,Surat,iPhone,GPay,0,
TXN05008,2026-03-03 16:58:37,USR00173,USR00471,474.37,Shopping,P2M,Jaipur,iPhone,PhonePe,0,
TXN01438,2026-03-03 17:30:13,USR00339,USR00063,10063.71,Utilities,P2M,Mumbai,Tablet,AmazonPay,0,
TXN05894,2026-03-03 17:31:55,USR00181,USR00280,1072.87,Rent,P2M,Delhi,Web,PhonePe,0,
TXN04177,2026-03-03 17:38:58,USR00144,USR00060,285.39,Food Delivery,P2P,Jaipur,Tablet,Paytm,0,
TXN07331,2026-03-03 18:16:08,USR00294,USR00282,580.41,Entertainment,P2P,Delhi,Android_Phone,Paytm,0,
TXN05382,2026-03-03 18:28:23,USR00311,USR00299,494.89,Healthcare,P2M,Chennai,Tablet,GPay,0,
TXN09639,2026-03-03 18:32:04,USR00013,USR00413,200.05,Travel,P2P,Pune,Tablet,BHIM,1,new_receiver
TXN02452,2026-03-03 18:45:39,USR00030,USR00409,1114.74,Food Delivery,P2P,Pune,iPhone,PhonePe,0,
TXN03921,2026-03-03 19:08:12,USR00391,USR00294,100.82,Shopping,P2P,Pune,Web,GPay,0,
TXN06193,2026-03-03 19:25:38,USR00331,USR00316,376.48,Food Delivery,P2M,Jaipur,Web,PhonePe,0,
TXN08287,2026-03-03 19:31:14,USR00306,USR00261,2037.86,Entertainment,P2M,Lucknow,Tablet,Paytm,0,
TXN08600,2026-03-03 19:34:44,USR00310,USR00065,2416.26,Food Delivery,P2P,Hyderabad,iPhone,Paytm,0,
TXN09211,2026-03-03 20:02:14,USR00308,USR00071,3489.85,Entertainment,P2P,Surat,Tablet,BHIM,0,
TXN08424,2026-03-03 20:04:02,USR00187,USR00117,1846.75,Healthcare,P2P,Jaipur,Tablet,PhonePe,0,
TXN04929,2026-03-03 20:04:23,USR00232,USR00115,108.13,Food Delivery,P2M,Hyderabad,iPhone,AmazonPay,0,
TXN02205,2026-03-03 20:14:05,USR00218,USR00419,550.68,Utilities,P2M,Nagpur,Web,BHIM,0,
TXN07965,2026-03-03 20:15:03,USR00228,USR00361,1218.14,Fuel,P2M,Lucknow,Tablet,Paytm,0,
TXN08377,2026-03-03 20:15:23,USR00235,USR00352,2278.41,Grocery,P2M,Pune,iPhone,BHIM,0,
TXN06144,2026-03-03 20:19:05,USR00301,USR00016,1649.03,Fuel,P2P,Mumbai,iPhone,Paytm,0,
TXN03057,2026-03-03 20:35:57,USR00274,USR00305,15375.79,Travel,P2P,Mumbai,iPhone,Paytm,0,
TXN02231,2026-03-03 20:46:59,USR00309,USR00351,11767.22,P2P Transfer,P2M,Chennai,iPhone,BHIM,0,
TXN07797,2026-03-03 20:47:53,USR00146,USR00260,402.85,Food Delivery,P2P,Nagpur,iPhone,PhonePe,0,
TXN08315,2026-03-03 20:54:25,USR00157,USR00046,1580.39,Shopping,P2P,Ahmedabad,Web,BHIM,0,
TXN05524,2026-03-03 20:57:11,USR00263,USR00251,5143.27,Utilities,P2P,Pune,Android_Phone,PhonePe,0,
TXN03405,2026-03-03 20:57:18,USR00426,USR00178,80.78,P2P Transfer,P2M,Jaipur,Web,Paytm,0,
TXN07760,2026-03-03 20:58:22,USR00239,USR00167,5037.78,Utilities,P2M,Nagpur,Web,AmazonPay,0,
TXN05782,2026-03-03 20:58:36,USR00016,USR00216,155.49,Travel,P2P,Surat,Android_Phone,GPay,0,
TXN08942,2026-03-03 20:58:50,USR00252,USR00158,2042.27,Entertainment,P2P,Hyderabad,iPhone,AmazonPay,0,
TXN03396,2026-03-03 20:59:01,USR00303,USR00428,159.19,Healthcare,P2P,Chennai,Web,GPay,0,
TXN07335,2026-03-03 20:59:11,USR00464,USR00058,1115.69,Shopping,P2P,Nagpur,iPhone,BHIM,0,
TXN07397,2026-03-03 21:00:06,USR00344,USR00433,342.08,Food Delivery,P2P,Surat,Tablet,AmazonPay,0,
TXN07535,2026-03-03 21:00:42,USR00369,USR00203,510.34,Rent,P2P,Bengaluru,Web,AmazonPay,0,
TXN00467,2026-03-03 21:05:23,USR00139,USR00217,2465.04,Healthcare,P2P,Jaipur,Web,GPay,0,
TXN03937,2026-03-03 21:05:53,USR00164,USR00322,144.16,Fuel,P2M,Lucknow,Android_Phone,BHIM,0,
TXN08574,2026-03-03 21:07:41,USR00130,USR00114,269.56,Utilities,P2M,Kolkata,iPhone,GPay,0,
TXN06709,2026-03-03 21:08:14,USR00176,USR00327,209.68,Rent,P2P,Bengaluru,iPhone,AmazonPay,0,
TXN03525,2026-03-03 21:19:06,USR00473,USR00319,4467.46,Food Delivery,P2P,Hyderabad,Web,AmazonPay,0,
TXN03838,2026-03-03 21:30:50,USR00122,USR00304,495.14,Grocery,P2P,Hyderabad,Web,Paytm,0,
TXN02260,2026-03-03 21:39:39,USR00072,USR00059,1795.32,Fuel,P2P,Delhi,Tablet,BHIM,0,
TXN08449,2026-03-03 21:39:59,USR00092,USR00019,6784.86,Grocery,P2P,Bengaluru,Android_Phone,Paytm,0,
TXN09725,2026-03-03 21:49:14,USR00289,USR00278,16578.78,Travel,P2P,Ahmedabad,iPhone,PhonePe,1,new_device
TXN02933,2026-03-03 22:18:59,USR00235,USR00312,2536.22,Shopping,P2P,Pune,iPhone,BHIM,0,
TXN06869,2026-03-03 22:56:59,USR00316,USR00355,13078.06,Utilities,P2P,Surat,Android_Phone,Paytm,0,
TXN09771,2026-03-04 00:59:43,USR00282,USR00300,2813.75,Travel,P2M,Pune,Android_Phone,GPay,1,"odd_hour,new_receiver"
TXN07497,2026-03-04 06:12:43,USR00244,USR00067,12747.2,Grocery,P2P,Ahmedabad,iPhone,PhonePe,0,
TXN07982,2026-03-04 06:15:27,USR00475,USR00005,6574.12,Rent,P2M,Chennai,Web,Paytm,0,
TXN04709,2026-03-04 06:21:25,USR00324,USR00169,4865.95,Healthcare,P2P,Nagpur,iPhone,GPay,0,
TXN04782,2026-03-04 06:24:50,USR00336,USR00286,14018.87,Travel,P2M,Ahmedabad,iPhone,BHIM,0,
TXN06239,2026-03-04 06:33:07,USR00068,USR00352,1037.52,Grocery,P2M,Ahmedabad,Web,Paytm,0,
TXN00806,2026-03-04 06:39:44,USR00368,USR00393,1333.58,Food Delivery,P2P,Lucknow,Android_Phone,AmazonPay,0,
TXN03802,2026-03-04 06:45:05,USR00049,USR00035,1893.33,Fuel,P2M,Chennai,Android_Phone,GPay,0,
TXN06254,2026-03-04 07:15:02,USR00193,USR00370,491.3,Rent,P2P,Chennai,Tablet,PhonePe,0,
TXN04382,2026-03-04 07:16:09,USR00292,USR00346,282.55,Entertainment,P2P,Jaipur,Android_Phone,PhonePe,0,
TXN08498,2026-03-04 07:18:04,USR00088,USR00374,2632.65,Rent,P2P,Lucknow,Android_Phone,Paytm,0,
TXN00531,2026-03-04 07:41:42,USR00042,USR00386,8376.5,Shopping,P2P,Surat,Tablet,BHIM,0,
TXN09004,2026-03-04 07:43:06,USR00197,USR00160,4539.25,Grocery,P2P,Chennai,Tablet,GPay,0,
TXN00193,2026-03-04 07:50:01,USR00329,USR00247,4173.05,Food Delivery,P2M,Kolkata,Android_Phone,AmazonPay,0,
TXN00484,2026-03-04 08:00:06,USR00003,USR00413,1905.16,Healthcare,P2M,Lucknow,Web,AmazonPay,0,
TXN01258,2026-03-04 08:16:38,USR00142,USR00034,14196.28,Rent,P2M,Mumbai,Tablet,Paytm,0,
TXN05235,2026-03-04 08:23:13,USR00015,USR00067,2461.63,Rent,P2P,Hyderabad,iPhone,AmazonPay,0,
TXN06557,2026-03-04 08:26:26,USR00363,USR00371,2152.96,Travel,P2M,Hyderabad,Android_Phone,AmazonPay,0,
TXN04033,2026-03-04 08:26:54,USR00330,USR00023,10816.18,P2P Transfer,P2P,Delhi,Tablet,Paytm,0,
TXN08781,2026-03-04 08:27:55,USR00190,USR00031,1918.71,Shopping,P2M,Kolkata,iPhone,AmazonPay,0,
TXN08044,2026-03-04 08:55:14,USR00089,USR00084,11171.82,Food Delivery,P2M,Jaipur,Web,BHIM,0,
TXN08432,2026-03-04 09:10:38,USR00497,USR00482,22045.95,Entertainment,P2P,Hyderabad,Web,BHIM,0,
TXN02587,2026-03-04 09:20:19,USR00110,USR00112,153.16,Travel,P2P,Jaipur,Tablet,GPay,0,
TXN03529,2026-03-04 09:35:38,USR00355,USR00489,2447.03,Fuel,P2P,Delhi,Android_Phone,AmazonPay,0,
TXN01338,2026-03-04 09:38:46,USR00116,USR00487,2386.93,Healthcare,P2M,Surat,iPhone,BHIM,0,
TXN01797,2026-03-04 09:49:43,USR00312,USR00445,487.73,Entertainment,P2P,Jaipur,Tablet,PhonePe,0,
TXN02811,2026-03-04 10:02:32,USR00390,USR00007,92.96,Travel,P2M,Surat,Web,GPay,0,
TXN01260,2026-03-04 10:04:11,USR00059,USR00380,9525.96,Fuel,P2P,Nagpur,Android_Phone,AmazonPay,0,
TXN08150,2026-03-04 10:06:50,USR00246,USR00346,3673.92,Grocery,P2M,Kolkata,iPhone,GPay,0,
TXN04974,2026-03-04 10:27:22,USR00243,USR00202,10329.06,Entertainment,P2M,Chennai,Android_Phone,Paytm,0,
TXN06222,2026-03-04 10:32:23,USR00355,USR00395,2342.39,Education,P2P,Delhi,Android_Phone,AmazonPay,0,
TXN03644,2026-03-04 10:34:27,USR00294,USR00438,639.38,Utilities,P2M,Delhi,Android_Phone,Paytm,0,
TXN07786,2026-03-04 10:39:49,USR00112,USR00009,320.63,Travel,P2P,Delhi,Web,BHIM,0,
TXN07980,2026-03-04 10:40:04,USR00429,USR00049,5646.08,Healthcare,P2M,Kolkata,Web,GPay,0,
TXN06491,2026-03-04 10:44:36,USR00033,USR00260,1054.47,Fuel,P2P,Hyderabad,Android_Phone,AmazonPay,0,
TXN08016,2026-03-04 11:03:42,USR00480,USR00139,382.24,Entertainment,P2M,Nagpur,Web,GPay,0,
TXN06023,2026-03-04 11:12:33,USR00182,USR00228,1378.85,Travel,P2P,Delhi,Tablet,BHIM,0,
TXN06374,2026-03-04 11:16:05,USR00155,USR00136,256.48,Utilities,P2M,Chennai,Android_Phone,BHIM,0,
TXN00283,2026-03-04 11:16:21,USR00287,USR00049,3221.66,Grocery,P2M,Surat,Web,BHIM,0,
TXN08769,2026-03-04 11:40:49,USR00242,USR00465,14317.8,P2P Transfer,P2P,Kolkata,Android_Phone,Paytm,0,
TXN01339,2026-03-04 11:42:03,USR00485,USR00395,1339.5,Food Delivery,P2P,Hyderabad,iPhone,GPay,0,
TXN08003,2026-03-04 11:46:06,USR00229,USR00261,9475.9,Education,P2P,Nagpur,Web,AmazonPay,0,
TXN04257,2026-03-04 11:46:36,USR00477,USR00469,172.73,Food Delivery,P2M,Surat,Web,PhonePe,0,
TXN03085,2026-03-04 11:59:44,USR00162,USR00378,516.33,P2P Transfer,P2P,Kolkata,iPhone,AmazonPay,0,
TXN08664,2026-03-04 12:38:47,USR00029,USR00460,392.76,Grocery,P2M,Chennai,Web,PhonePe,0,
TXN09184,2026-03-04 13:11:23,USR00417,USR00137,10975.65,Travel,P2P,Mumbai,iPhone,PhonePe,0,
TXN08363,2026-03-04 13:16:32,USR00016,USR00210,95.45,Rent,P2P,Surat,Android_Phone,GPay,0,
TXN05363,2026-03-04 13:16:38,USR00379,USR00008,347.47,Utilities,P2P,Pune,Android_Phone,AmazonPay,0,
TXN01313,2026-03-04 13:18:17,USR00282,USR00163,3589.39,Education,P2P,Pune,Android_Phone,GPay,0,
TXN06900,2026-03-04 13:27:05,USR00481,USR00401,1084.25,Travel,P2P,Bengaluru,Web,GPay,0,
TXN07474,2026-03-04 13:27:42,USR00315,USR00102,423.13,Food Delivery,P2P,Mumbai,Tablet,Paytm,0,
TXN00828,2026-03-04 13:28:43,USR00100,USR00041,1467.21,Shopping,P2P,Ahmedabad,Android_Phone,PhonePe,0,
TXN09839,2026-03-04 13:37:00,USR00372,USR00165,1189.9,Shopping,P2P,Mumbai,Tablet,GPay,1,rapid_burst
TXN03605,2026-03-04 13:54:17,USR00314,USR00399,9597.12,Healthcare,P2P,Bengaluru,iPhone,GPay,0,
TXN04740,2026-03-04 13:54:27,USR00303,USR00132,159.17,Shopping,P2M,Chennai,Web,GPay,0,
TXN09303,2026-03-04 14:03:26,USR00073,USR00104,412.32,Rent,P2P,Surat,Tablet,PhonePe,0,
TXN05923,2026-03-04 14:14:04,USR00051,USR00055,19090.56,Utilities,P2P,Bengaluru,Android_Phone,Paytm,0,
TXN00473,2026-03-04 14:25:59,USR00441,USR00257,106.83,Healthcare,P2M,Chennai,Android_Phone,PhonePe,0,
TXN01348,2026-03-04 14:36:30,USR00416,USR00148,7842.03,Fuel,P2P,Bengaluru,Android_Phone,BHIM,0,
TXN01417,2026-03-04 14:48:57,USR00194,USR00411,5499.14,Education,P2M,Delhi,Android_Phone,AmazonPay,0,
TXN00247,2026-03-04 14:51:27,USR00061,USR00385,13056.7,Entertainment,P2P,Nagpur,Web,BHIM,0,
TXN06534,2026-03-04 14:58:31,USR00029,USR00460,247.81,Fuel,P2M,Chennai,Web,PhonePe,0,
TXN07112,2026-03-04 15:16:00,USR00353,USR00058,136.47,P2P Transfer,P2P,Jaipur,Tablet,Paytm,0,
TXN05479,2026-03-04 15:16:20,USR00417,USR00144,5642.76,Healthcare,P2P,Mumbai,iPhone,PhonePe,0,
TXN07581,2026-03-04 15:23:17,USR00369,USR00261,508.79,Entertainment,P2M,Bengaluru,Web,AmazonPay,0,
TXN08591,2026-03-04 15:55:07,USR00265,USR00121,286.47,Education,P2P,Surat,Tablet,Paytm,0,
TXN09037,2026-03-04 15:59:11,USR00444,USR00136,312.46,Entertainment,P2P,Pune,iPhone,BHIM,0,
TXN00072,2026-03-04 16:03:56,USR00241,USR00050,5211.41,Utilities,P2P,Chennai,Tablet,BHIM,0,
TXN03153,2026-03-04 16:05:38,USR00250,USR00067,700.27,Grocery,P2P,Chennai,Android_Phone,AmazonPay,0,
TXN08788,2026-03-04 16:14:20,USR00202,USR00271,6974.25,Food Delivery,P2M,Mumbai,Tablet,Paytm,0,
TXN06302,2026-03-04 16:14:56,USR00007,USR00108,78.57,Rent,P2P,Lucknow,iPhone,BHIM,0,
TXN07377,2026-03-04 16:35:00,USR00261,USR00318,12264.38,Shopping,P2P,Hyderabad,iPhone,Paytm,0,
TXN01848,2026-03-04 16:38:51,USR00389,USR00086,125.9,Education,P2M,Mumbai,iPhone,GPay,0,
TXN06189,2026-03-04 16:44:48,USR00074,USR00282,75.77,Grocery,P2M,Nagpur,iPhone,AmazonPay,0,
TXN05472,2026-03-04 16:54:55,USR00200,USR00429,1215.04,Shopping,P2P,Jaipur,Android_Phone,GPay,0,
TXN06665,2026-03-04 17:02:48,USR00026,USR00175,981.67,Healthcare,P2P,Lucknow,Web,Paytm,0,
TXN09462,2026-03-04 17:03:03,USR00371,USR00135,416.21,Shopping,P2P,Mumbai,Tablet,PhonePe,1,"rapid_burst,new_location"
TXN04119,2026-03-04 17:04:34,USR00413,USR00146,331.25,Rent,P2P,Jaipur,Android_Phone,AmazonPay,0,
TXN05895,2026-03-04 17:06:26,USR00071,USR00082,206.23,P2P Transfer,P2P,Surat,Web,Paytm,0,
TXN02994,2026-03-04 17:22:39,USR00456,USR00155,14434.49,Food Delivery,P2M,Kolkata,Web,Paytm,0,
TXN07229,2026-03-04 17:29:47,USR00275,USR00126,13205.15,Healthcare,P2P,Bengaluru,iPhone,PhonePe,0,
TXN06405,2026-03-04 17:38:23,USR00247,USR00051,4018.11,Rent,P2P,Lucknow,Tablet,PhonePe,0,
TXN03638,2026-03-04 17:46:51,USR00342,USR00283,1352.38,Shopping,P2M,Nagpur,Web,PhonePe,0,
TXN08457,2026-03-04 17:49:19,USR00041,USR00356,9845.93,Rent,P2M,Pune,Tablet,AmazonPay,0,
TXN05719,2026-03-04 17:49:56,USR00281,USR00394,142.39,Entertainment,P2P,Nagpur,Android_Phone,PhonePe,0,
TXN04921,2026-03-04 17:51:19,USR00456,USR00155,14236.27,Fuel,P2M,Kolkata,Web,Paytm,0,
TXN08617,2026-03-04 17:51:37,USR00159,USR00287,5471.31,P2P Transfer,P2P,Kolkata,Android_Phone,PhonePe,0,
TXN00936,2026-03-04 18:02:10,USR00256,USR00364,665.15,Entertainment,P2P,Jaipur,Web,AmazonPay,0,
TXN03603,2026-03-04 18:06:59,USR00204,USR00350,2376.13,Fuel,P2M,Nagpur,iPhone,GPay,0,
TXN09954,2026-03-04 18:07:35,USR00173,USR00467,8260.88,Food Delivery,P2P,Jaipur,iPhone,PhonePe,1,high_amount
TXN08207,2026-03-04 18:22:44,USR00199,USR00375,2946.29,Entertainment,P2M,Ahmedabad,Tablet,PhonePe,0,
TXN03478,2026-03-04 18:27:47,USR00275,USR00126,17814.66,Healthcare,P2M,Bengaluru,iPhone,PhonePe,0,
TXN07714,2026-03-04 18:34:55,USR00063,USR00288,7992.79,Education,P2P,Bengaluru,Android_Phone,Paytm,0,
TXN07874,2026-03-04 19:02:43,USR00230,USR00071,14612.36,P2P Transfer,P2P,Jaipur,iPhone,PhonePe,0,
TXN00593,2026-03-04 19:23:21,USR00094,USR00120,5703.3,Food Delivery,P2P,Pune,Web,GPay,0,
TXN05044,2026-03-04 19:40:20,USR00050,USR00342,663.75,P2P Transfer,P2P,Pune,iPhone,AmazonPay,0,
TXN03682,2026-03-04 19:41:00,USR00494,USR00378,6634.01,Entertainment,P2P,Bengaluru,iPhone,AmazonPay,0,
TXN09504,2026-03-04 19:42:52,USR00185,USR00487,10797.57,P2P Transfer,P2M,Chennai,Tablet,BHIM,1,"new_receiver,rapid_burst"
TXN01538,2026-03-04 20:06:17,USR00459,USR00033,10353.74,Entertainment,P2P,Pune,Tablet,PhonePe,0,
TXN08157,2026-03-04 20:15:30,USR00426,USR00290,136.15,Fuel,P2P,Jaipur,Web,Paytm,0,
TXN09135,2026-03-04 20:19:50,USR00028,USR00483,14482.89,P2P Transfer,P2P,Delhi,Android_Phone,PhonePe,0,
TXN05775,2026-03-04 20:19:53,USR00327,USR00190,13789.88,Shopping,P2P,Lucknow,Tablet,Paytm,0,
TXN05262,2026-03-04 20:30:02,USR00301,USR00233,837.92,Entertainment,P2M,Mumbai,iPhone,Paytm,0,
TXN04160,2026-03-04 21:10:32,USR00325,USR00131,815.75,Food Delivery,P2M,Nagpur,Android_Phone,PhonePe,0,
TXN08366,2026-03-04 21:15:27,USR00327,USR00190,9990.2,Education,P2M,Lucknow,Tablet,Paytm,0,
TXN07016,2026-03-04 21:25:47,USR00275,USR00126,12270.39,Entertainment,P2P,Bengaluru,iPhone,PhonePe,0,
TXN03198,2026-03-04 21:25:49,USR00032,USR00116,524.56,Grocery,P2M,Chennai,Tablet,PhonePe,0,
TXN05786,2026-03-04 21:32:41,USR00090,USR00046,423.46,Travel,P2P,Jaipur,Tablet,Paytm,0,
TXN05192,2026-03-04 21:38:43,USR00257,USR00080,195.89,Grocery,P2P,Ahmedabad,Android_Phone,AmazonPay,0,
TXN07348,2026-03-04 22:01:39,USR00486,USR00138,196.26,Food Delivery,P2M,Pune,Android_Phone,Paytm,0,
TXN00980,2026-03-04 22:11:30,USR00311,USR00133,400.03,Grocery,P2M,Chennai,Tablet,GPay,0,
TXN05540,2026-03-04 22:13:20,USR00372,USR00332,2037.0,Education,P2P,Mumbai,Tablet,GPay,0,
TXN07544,2026-03-04 22:34:23,USR00190,USR00285,2483.87,Fuel,P2M,Kolkata,iPhone,AmazonPay,0,
TXN07473,2026-03-04 22:43:27,USR00365,USR00413,4408.36,Fuel,P2M,Lucknow,iPhone,GPay,0,
TXN06828,2026-03-04 22:48:57,USR00155,USR00136,251.04,Entertainment,P2P,Chennai,Android_Phone,BHIM,0,
TXN04032,2026-03-04 22:49:34,USR00255,USR00399,6277.55,Shopping,P2P,Bengaluru,Web,Paytm,0,
TXN01762,2026-03-04 22:50:46,USR00376,USR00293,15695.87,Education,P2P,Surat,iPhone,AmazonPay,0,
TXN01633,2026-03-04 22:52:13,USR00474,USR00012,137.15,Fuel,P2P,Pune,Web,BHIM,0,
TXN03676,2026-03-05 06:09:02,USR00094,USR00120,3633.97,Travel,P2M,Pune,Web,GPay,0,
TXN09549,2026-03-05 06:37:33,USR00198,USR00194,320.8,P2P Transfer,P2P,Bengaluru,Web,AmazonPay,1,rapid_burst
TXN07049,2026-03-05 06:37:35,USR00221,USR00261,470.95,Shopping,P2M,Hyderabad,Android_Phone,AmazonPay,0,
TXN02690,2026-03-05 06:39:39,USR00010,USR00150,14306.37,Utilities,P2M,Surat,Web,BHIM,0,
TXN02182,2026-03-05 06:42:50,USR00361,USR00379,2228.99,Healthcare,P2M,Jaipur,Tablet,Paytm,0,
TXN00716,2026-03-05 06:54:23,USR00047,USR00318,2477.7,Healthcare,P2P,Ahmedabad,iPhone,BHIM,0,
TXN06377,2026-03-05 06:54:46,USR00469,USR00044,898.63,Travel,P2P,Mumbai,iPhone,GPay,0,
TXN03171,2026-03-05 07:05:05,USR00212,USR00442,141.1,Utilities,P2M,Lucknow,Android_Phone,BHIM,0,
TXN03409,2026-03-05 07:13:40,USR00221,USR00265,438.66,Fuel,P2M,Hyderabad,Android_Phone,AmazonPay,0,
TXN01744,2026-03-05 07:28:28,USR00138,USR00409,19785.71,Healthcare,P2P,Surat,Android_Phone,BHIM,0,
TXN03055,2026-03-05 07:51:13,USR00125,USR00354,69.85,Utilities,P2M,Bengaluru,iPhone,AmazonPay,0,
TXN04272,2026-03-05 07:51:53,USR00084,USR00235,1970.71,Grocery,P2P,Ahmedabad,iPhone,Paytm,0,
TXN07285,2026-03-05 07:52:56,USR00287,USR00121,2520.4,Entertainment,P2P,Surat,Web,BHIM,0,
TXN04561,2026-03-05 07:58:59,USR00141,USR00038,10692.79,Grocery,P2M,Hyderabad,Tablet,BHIM,0,
TXN06982,2026-03-05 08:07:20,USR00467,USR00255,7035.11,Travel,P2M,Mumbai,Web,GPay,0,
TXN00835,2026-03-05 08:14:03,USR00051,USR00013,16033.2,Grocery,P2P,Bengaluru,Android_Phone,Paytm,0,
TXN06134,2026-03-05 08:28:42,USR00003,USR00413,1923.21,Fuel,P2M,Lucknow,Web,AmazonPay,0,
TXN04074,2026-03-05 08:35:47,USR00026,USR00175,2406.93,Grocery,P2P,Lucknow,Web,Paytm,0,
TXN00667,2026-03-05 09:06:29,USR00280,USR00475,382.09,Utilities,P2M,Bengaluru,Web,PhonePe,0,
TXN01238,2026-03-05 09:12:38,USR00460,USR00160,708.47,P2P Transfer,P2M,Lucknow,Android_Phone,AmazonPay,0,
TXN06125,2026-03-05 09:53:57,USR00169,USR00177,13727.01,P2P Transfer,P2P,Mumbai,Web,BHIM,0,
TXN04328,2026-03-05 10:06:58,USR00306,USR00261,1856.0,Entertainment,P2M,Lucknow,Tablet,Paytm,0,
TXN01337,2026-03-05 10:25:10,USR00101,USR00232,62.37,Travel,P2M,Kolkata,Web,GPay,0,
TXN00432,2026-03-05 10:26:48,USR00357,USR00037,9997.67,Fuel,P2P,Mumbai,Web,PhonePe,0,
TXN01540,2026-03-05 10:38:14,USR00080,USR00135,9389.34,Grocery,P2M,Delhi,iPhone,BHIM,0,
TXN01321,2026-03-05 10:38:45,USR00243,USR00026,6274.62,Education,P2M,Chennai,Android_Phone,Paytm,0,
TXN00944,2026-03-05 10:46:25,USR00195,USR00379,280.94,Travel,P2P,Pune,Android_Phone,BHIM,0,
TXN05355,2026-03-05 10:48:05,USR00397,USR00246,1560.65,Education,P2M,Jaipur,Android_Phone,Paytm,0,
TXN03516,2026-03-05 11:27:58,USR00294,USR00282,463.39,Grocery,P2M,Delhi,Android_Phone,Paytm,0,
TXN07003,2026-03-05 11:30:18,USR00167,USR00285,6465.85,Fuel,P2M,Lucknow,Web,Paytm,0,
TXN08010,2026-03-05 11:38:48,USR00083,USR00125,17047.27,P2P Transfer,P2P,Kolkata,Web,AmazonPay,0,
TXN09624,2026-03-05 11:47:13,USR00229,USR00261,7981.08,Shopping,P2P,Nagpur,Web,AmazonPay,1,rapid_burst
TXN01200,2026-03-05 11:54:05,USR00399,USR00352,10830.65,Fuel,P2P,Delhi,Tablet,PhonePe,0,
TXN05409,2026-03-05 12:01:31,USR00289,USR00046,10712.82,Healthcare,P2M,Ahmedabad,Tablet,PhonePe,0,
TXN06119,2026-03-05 12:21:57,USR00328,USR00453,12674.13,Food Delivery,P2M,Nagpur,Tablet,PhonePe,0,
TXN07191,2026-03-05 12:23:58,USR00384,USR00187,271.64,Education,P2M,Jaipur,Web,BHIM,0,
TXN04843,2026-03-05 12:29:37,USR00410,USR00117,953.65,Travel,P2M,Delhi,iPhone,BHIM,0,
TXN01880,2026-03-05 12:36:58,USR00464,USR00058,1443.27,Fuel,P2M,Nagpur,iPhone,BHIM,0,
TXN04853,2026-03-05 12:37:58,USR00218,USR00434,477.59,P2P Transfer,P2M,Nagpur,Web,BHIM,0,
TXN04290,2026-03-05 12:43:11,USR00071,USR00439,134.72,Fuel,P2P,Surat,Web,Paytm,0,
TXN07526,2026-03-05 12:57:17,USR00253,USR00029,363.29,Utilities,P2P,Hyderabad,Android_Phone,PhonePe,0,
TXN08242,2026-03-05 12:58:48,USR00372,USR00332,1606.15,Food Delivery,P2P,Mumbai,Tablet,GPay,0,
TXN00151,2026-03-05 13:07:24,USR00042,USR00162,6013.97,Education,P2M,Surat,Tablet,BHIM,0,
TXN00402,2026-03-05 13:20:17,USR00209,USR00221,954.67,Grocery,P2P,Pune,Tablet,PhonePe,0,
TXN09819,2026-03-05 13:28:12,USR00088,USR00374,21559.17,Education,P2M,Lucknow,iPhone,Paytm,1,"new_device,high_amount"
TXN06541,2026-03-05 13:28:39,USR00354,USR00420,2816.61,Shopping,P2M,Hyderabad,Tablet,Paytm,0,
TXN06749,2026-03-05 13:57:04,USR00254,USR00061,1687.5,Utilities,P2P,Hyderabad,Android_Phone,PhonePe,0,
TXN05489,2026-03-05 14:05:43,USR00045,USR00105,10408.57,Healthcare,P2P,Kolkata,Tablet,BHIM,0,
TXN00157,2026-03-05 14:17:48,USR00429,USR00267,7756.72,Rent,P2M,Kolkata,Web,GPay,0,
TXN05273,2026-03-05 14:18:15,USR00322,USR00368,484.8,P2P Transfer,P2P,Kolkata,iPhone,AmazonPay,0,
TXN06345,2026-03-05 14:19:38,USR00079,USR00269,377.79,Education,P2P,Ahmedabad,Android_Phone,BHIM,0,
TXN09827,2026-03-05 14:20:29,USR00024,USR00125,1754.22,Food Delivery,P2M,Nagpur,iPhone,Paytm,1,"new_location,rapid_burst"
TXN06871,2026-03-05 14:25:41,USR00064,USR00267,489.2,Healthcare,P2M,Lucknow,Tablet,BHIM,0,
TXN03193,2026-03-05 14:46:36,USR00146,USR00185,432.33,Utilities,P2M,Nagpur,iPhone,PhonePe,0,
TXN04644,2026-03-05 14:47:15,USR00181,USR00258,1003.21,P2P Transfer,P2P,Delhi,Web,PhonePe,0,
TXN04156,2026-03-05 15:05:55,USR00369,USR00203,541.95,Utilities,P2P,Bengaluru,Web,AmazonPay,0,
TXN04907,2026-03-05 15:07:09,USR00493,USR00246,106.03,Healthcare,P2M,Jaipur,iPhone,GPay,0,
TXN03554,2026-03-05 15:36:51,USR00323,USR00498,858.99,Food Delivery,P2P,Pune,Tablet,PhonePe,0,
TXN01202,2026-03-05 15:40:11,USR00160,USR00049,9102.25,Shopping,P2M,Lucknow,Web,Paytm,0,
TXN07622,2026-03-05 16:04:58,USR00216,USR00203,616.94,Utilities,P2M,Chennai,Tablet,Paytm,0,
TXN00832,2026-03-05 16:12:53,USR00349,USR00376,13291.07,P2P Transfer,P2M,Bengaluru,Android_Phone,BHIM,0,
TXN01460,2026-03-05 16:29:59,USR00096,USR00445,1186.31,P2P Transfer,P2M,Delhi,iPhone,Paytm,0,
TXN04278,2026-03-05 16:30:36,USR00228,USR00344,473.31,Grocery,P2P,Lucknow,Tablet,Paytm,0,
TXN05829,2026-03-05 16:39:04,USR00117,USR00140,395.24,Grocery,P2P,Ahmedabad,Android_Phone,GPay,0,
TXN00579,2026-03-05 16:51:43,USR00250,USR00198,867.64,Fuel,P2M,Chennai,Android_Phone,AmazonPay,0,
TXN09521,2026-03-05 17:18:20,USR00368,USR00207,16950.97,Education,P2M,Lucknow,Android_Phone,AmazonPay,1,high_amount
TXN02905,2026-03-05 17:22:06,USR00167,USR00490,8763.45,Entertainment,P2M,Lucknow,Web,Paytm,0,
TXN03442,2026-03-05 17:22:12,USR00052,USR00435,9677.04,Shopping,P2M,Nagpur,Android_Phone,GPay,0,
TXN02214,2026-03-05 17:25:19,USR00158,USR00055,559.68,Education,P2M,Lucknow,Tablet,BHIM,0,
TXN06922,2026-03-05 17:28:43,USR00416,USR00148,7541.17,P2P Transfer,P2M,Bengaluru,Android_Phone,BHIM,0,
TXN04659,2026-03-05 17:50:03,USR00421,USR00242,2101.2,Entertainment,P2M,Jaipur,Android_Phone,Paytm,0,
TXN03697,2026-03-05 18:05:54,USR00051,USR00475,11524.98,Grocery,P2P,Bengaluru,Android_Phone,Paytm,0,
TXN00666,2026-03-05 18:06:51,USR00290,USR00115,77.6,Utilities,P2M,Ahmedabad,Tablet,GPay,0,
TXN07373,2026-03-05 18:07:54,USR00147,USR00293,139.13,Utilities,P2P,Mumbai,Tablet,AmazonPay,0,
TXN08516,2026-03-05 18:13:38,USR00177,USR00196,6864.46,Utilities,P2P,Chennai,Tablet,PhonePe,0,
TXN07314,2026-03-05 18:24:14,USR00488,USR00456,203.35,Healthcare,P2P,Bengaluru,Tablet,BHIM,0,
TXN05868,2026-03-05 18:35:01,USR00286,USR00220,458.51,Education,P2P,Chennai,Android_Phone,PhonePe,0,
TXN07238,2026-03-05 18:55:00,USR00455,USR00285,3268.86,Travel,P2P,Chennai,iPhone,GPay,0,
TXN03276,2026-03-05 18:59:12,USR00441,USR00357,73.96,Education,P2M,Chennai,Android_Phone,PhonePe,0,
TXN09693,2026-03-05 19:04:06,USR00281,USR00394,1232.65,Rent,P2M,Nagpur,Web,PhonePe,1,"new_device,high_amount"
TXN01875,2026-03-05 19:17:03,USR00118,USR00330,903.72,P2P Transfer,P2P,Chennai,Android_Phone,GPay,0,
TXN06974,2026-03-05 19:20:03,USR00315,USR00102,389.39,Rent,P2P,Mumbai,Tablet,Paytm,0,
TXN09309,2026-03-05 19:22:40,USR00123,USR00158,7584.58,P2P Transfer,P2M,Surat,Android_Phone,PhonePe,0,
TXN00725,2026-03-05 19:27:32,USR00239,USR00167,7612.61,Shopping,P2M,Nagpur,Web,AmazonPay,0,
TXN05560,2026-03-05 19:30:05,USR00038,USR00461,314.28,P2P Transfer,P2P,Jaipur,iPhone,PhonePe,0,
TXN07725,2026-03-05 19:36:25,USR00356,USR00379,14650.32,P2P Transfer,P2P,Pune,Android_Phone,BHIM,0,
TXN08880,2026-03-05 19:39:46,USR00277,USR00046,15133.17,Food Delivery,P2M,Bengaluru,Web,PhonePe,0,
TXN03839,2026-03-05 19:44:35,USR00050,USR00342,456.22,Food Delivery,P2P,Pune,iPhone,AmazonPay,0,
TXN01188,2026-03-05 19:53:44,USR00445,USR00012,1769.1,Healthcare,P2P,Pune,Web,Paytm,0,
TXN05091,2026-03-05 20:11:29,USR00362,USR00092,287.86,P2P Transfer,P2P,Pune,Web,AmazonPay,0,
TXN01047,2026-03-05 20:13:34,USR00077,USR00278,1520.56,Utilities,P2M,Ahmedabad,iPhone,BHIM,0,
TXN06087,2026-03-05 20:44:41,USR00268,USR00089,3835.72,Entertainment,P2P,Kolkata,Web,GPay,0,
TXN02536,2026-03-05 20:49:12,USR00343,USR00355,2150.47,Travel,P2P,Nagpur,iPhone,Paytm,0,
TXN08592,2026-03-05 20:56:43,USR00173,USR00471,832.74,Fuel,P2P,Jaipur,iPhone,PhonePe,0,
TXN04698,2026-03-05 21:02:54,USR00166,USR00287,208.45,Entertainment,P2M,Jaipur,iPhone,BHIM,0,
TXN03803,2026-03-05 21:03:51,USR00273,USR00365,7463.35,Entertainment,P2P,Surat,iPhone,BHIM,0,
TXN04439,2026-03-05 21:16:00,USR00241,USR00050,5490.51,Grocery,P2P,Chennai,Tablet,BHIM,0,
TXN06789,2026-03-05 21:18:35,USR00109,USR00212,122.62,Education,P2M,Ahmedabad,Web,PhonePe,0,
TXN04757,2026-03-05 21:19:21,USR00013,USR00386,163.9,Rent,P2P,Pune,Tablet,BHIM,0,
TXN01457,2026-03-05 21:23:15,USR00093,USR00372,2311.65,Education,P2M,Surat,Web,BHIM,0,
TXN08602,2026-03-05 21:31:12,USR00305,USR00364,311.38,Fuel,P2M,Hyderabad,iPhone,Paytm,0,
TXN10033,2026-03-05 21:42:00,USR00237,USR00030,282.64,Rent,P2M,Bengaluru,Android_Phone,PhonePe,1,rapid_burst
TXN04098,2026-03-05 21:42:59,USR00177,USR00003,9378.61,Grocery,P2M,Chennai,Tablet,PhonePe,0,
TXN10034,2026-03-05 21:43:00,USR00237,USR00443,259.0,Utilities,P2M,Bengaluru,Android_Phone,PhonePe,1,rapid_burst
TXN07251,2026-03-05 21:43:17,USR00122,USR00304,348.2,Entertainment,P2P,Hyderabad,Web,Paytm,0,
TXN10037,2026-03-05 21:46:00,USR00237,USR00470,363.27,Fuel,P2P,Bengaluru,Android_Phone,PhonePe,1,rapid_burst
TXN04149,2026-03-05 21:47:14,USR00382,USR00448,958.15,Utilities,P2P,Delhi,iPhone,Paytm,0,
TXN10036,2026-03-05 21:48:00,USR00237,USR00335,350.31,Shopping,P2P,Bengaluru,Android_Phone,PhonePe,1,rapid_burst
TXN10035,2026-03-05 21:48:00,USR00237,USR00470,259.6,Healthcare,P2P,Bengaluru,Android_Phone,PhonePe,1,rapid_burst
TXN04414,2026-03-05 21:52:40,USR00100,USR00460,1297.78,Fuel,P2M,Ahmedabad,Android_Phone,PhonePe,0,
TXN10038,2026-03-05 21:57:00,USR00237,USR00470,289.82,Grocery,P2P,Bengaluru,Android_Phone,PhonePe,1,rapid_burst
TXN06025,2026-03-05 22:03:40,USR00150,USR00481,303.58,Education,P2M,Chennai,iPhone,AmazonPay,0,
TXN04923,2026-03-05 22:19:04,USR00148,USR00421,1194.08,Utilities,P2M,Jaipur,Tablet,PhonePe,0,
TXN09441,2026-03-06 02:23:50,USR00234,USR00230,202.81,P2P Transfer,P2P,Ahmedabad,iPhone,Paytm,1,"new_location,odd_hour"
TXN09487,2026-03-06 03:37:38,USR00407,USR00334,955.22,Fuel,P2M,Pune,Web,Paytm,1,odd_hour
TXN09787,2026-03-06 06:01:23,USR00034,USR00411,1671.2,Rent,P2P,Lucknow,Web,Paytm,1,"new_receiver,new_location"
TXN06795,2026-03-06 06:09:54,USR00410,USR00117,2167.13,Entertainment,P2P,Delhi,iPhone,BHIM,0,
TXN08704,2026-03-06 06:19:41,USR00431,USR00239,12790.18,Fuel,P2P,Pune,Android_Phone,GPay,0,
TXN08014,2026-03-06 06:30:23,USR00332,USR00434,9597.47,Fuel,P2M,Surat,Android_Phone,BHIM,0,
TXN01493,2026-03-06 06:32:57,USR00262,USR00277,1954.94,Healthcare,P2P,Mumbai,Tablet,GPay,0,
TXN08625,2026-03-06 06:45:48,USR00482,USR00174,60.32,Rent,P2P,Jaipur,Tablet,BHIM,0,
TXN06923,2026-03-06 06:58:53,USR00079,USR00466,624.36,Rent,P2M,Ahmedabad,Android_Phone,BHIM,0,
TXN07938,2026-03-06 07:03:03,USR00109,USR00310,82.03,Food Delivery,P2M,Ahmedabad,Web,PhonePe,0,
TXN00320,2026-03-06 07:40:29,USR00390,USR00265,62.29,Rent,P2M,Surat,Web,GPay,0,
TXN00425,2026-03-06 07:45:43,USR00300,USR00435,2250.17,Entertainment,P2P,Nagpur,Web,AmazonPay,0,
TXN08396,2026-03-06 07:47:02,USR00377,USR00490,555.86,Utilities,P2M,Bengaluru,Android_Phone,BHIM,0,
TXN07656,2026-03-06 07:57:15,USR00197,USR00211,5293.99,Entertainment,P2M,Chennai,Tablet,GPay,0,
TXN05232,2026-03-06 08:04:41,USR00245,USR00196,3755.55,Utilities,P2M,Delhi,Tablet,GPay,0,
TXN08001,2026-03-06 08:19:00,USR00142,USR00034,7712.38,Grocery,P2P,Mumbai,Tablet,Paytm,0,
TXN02325,2026-03-06 08:21:40,USR00208,USR00223,306.1,Rent,P2M,Mumbai,Web,GPay,0,
TXN03874,2026-03-06 08:23:26,USR00230,USR00250,12187.45,P2P Transfer,P2M,Jaipur,iPhone,PhonePe,0,
TXN02104,2026-03-06 08:27:13,USR00395,USR00181,843.2,Fuel,P2M,Delhi,Web,AmazonPay,0,
TXN04610,2026-03-06 08:39:04,USR00205,USR00087,1463.37,Grocery,P2P,Mumbai,Tablet,GPay,0,
TXN05439,2026-03-06 08:47:27,USR00359,USR00310,11169.47,Education,P2P,Hyderabad,Android_Phone,BHIM,0,
TXN00661,2026-03-06 08:51:49,USR00208,USR00223,371.62,Grocery,P2M,Mumbai,Web,GPay,0,
TXN02508,2026-03-06 08:56:04,USR00271,USR00349,215.9,Entertainment,P2M,Nagpur,Tablet,PhonePe,0,
TXN04697,2026-03-06 08:56:40,USR00270,USR00414,448.03,Food Delivery,P2P,Pune,Android_Phone,Paytm,0,
TXN07951,2026-03-06 08:57:34,USR00368,USR00464,1539.75,P2P Transfer,P2M,Lucknow,Android_Phone,AmazonPay,0,
TXN07452,2026-03-06 09:13:06,USR00444,USR00397,427.87,Shopping,P2P,Pune,iPhone,BHIM,0,
TXN00702,2026-03-06 09:18:17,USR00400,USR00313,686.61,Entertainment,P2M,Pune,Web,Paytm,0,
TXN08533,2026-03-06 09:18:42,USR00449,USR00198,940.76,Healthcare,P2M,Mumbai,Web,Paytm,0,
TXN04539,2026-03-06 09:21:11,USR00444,USR00397,454.32,Fuel,P2M,Pune,iPhone,BHIM,0,
TXN05720,2026-03-06 09:34:25,USR00328,USR00332,11751.61,Fuel,P2M,Nagpur,Tablet,PhonePe,0,
TXN00433,2026-03-06 09:49:49,USR00386,USR00205,422.43,Healthcare,P2M,Delhi,iPhone,Paytm,0,
TXN09347,2026-03-06 10:01:43,USR00179,USR00188,797.5,Education,P2M,Surat,Android_Phone,PhonePe,0,
TXN07792,2026-03-06 10:29:36,USR00430,USR00016,10249.66,Healthcare,P2P,Delhi,iPhone,BHIM,0,
TXN08031,2026-03-06 10:40:37,USR00296,USR00292,435.81,P2P Transfer,P2P,Kolkata,Web,AmazonPay,0,
TXN08689,2026-03-06 10:42:40,USR00298,USR00497,533.79,Food Delivery,P2P,Ahmedabad,Web,PhonePe,0,
TXN05200,2026-03-06 10:45:58,USR00147,USR00293,192.24,Utilities,P2M,Mumbai,Tablet,AmazonPay,0,
TXN07413,2026-03-06 10:46:12,USR00481,USR00191,1426.18,Healthcare,P2M,Bengaluru,Web,GPay,0,
TXN05108,2026-03-06 11:07:57,USR00193,USR00370,248.57,Food Delivery,P2P,Chennai,Tablet,PhonePe,0,
TXN05018,2026-03-06 11:09:19,USR00486,USR00163,262.39,Healthcare,P2M,Pune,Android_Phone,Paytm,0,
TXN00290,2026-03-06 11:10:05,USR00174,USR00290,384.37,Fuel,P2M,Mumbai,Web,AmazonPay,0,
TXN05364,2026-03-06 11:18:18,USR00287,USR00152,2505.17,Rent,P2P,Surat,Web,BHIM,0,
TXN09545,2026-03-06 11:18:53,USR00231,USR00258,1357.87,Grocery,P2M,Pune,Android_Phone,BHIM,1,new_device
TXN03751,2026-03-06 11:31:09,USR00293,USR00216,702.36,Travel,P2P,Bengaluru,iPhone,BHIM,0,
TXN08702,2026-03-06 11:32:01,USR00163,USR00407,1243.23,Entertainment,P2M,Lucknow,Tablet,GPay,0,
TXN05617,2026-03-06 11:42:32,USR00343,USR00277,2642.78,Grocery,P2M,Nagpur,iPhone,Paytm,0,
TXN00145,2026-03-06 11:49:46,USR00180,USR00348,976.36,Shopping,P2P,Jaipur,Tablet,AmazonPay,0,
TXN07568,2026-03-06 11:50:36,USR00135,USR00321,171.25,Shopping,P2P,Chennai,Android_Phone,GPay,0,
TXN02571,2026-03-06 12:04:14,USR00147,USR00283,189.93,Grocery,P2M,Mumbai,Tablet,AmazonPay,0,
TXN00649,2026-03-06 12:10:00,USR00309,USR00273,9853.81,Healthcare,P2M,Chennai,iPhone,BHIM,0,
TXN04341,2026-03-06 12:28:04,USR00421,USR00242,2594.07,Travel,P2P,Jaipur,Android_Phone,Paytm,0,
TXN02412,2026-03-06 12:34:48,USR00045,USR00105,11908.79,Education,P2P,Kolkata,Tablet,BHIM,0,
TXN05088,2026-03-06 12:55:10,USR00156,USR00167,8202.33,Education,P2P,Pune,Tablet,AmazonPay,0,
TXN03256,2026-03-06 12:59:26,USR00196,USR00183,359.35,Entertainment,P2P,Hyderabad,Web,Paytm,0,
TXN00539,2026-03-06 13:19:23,USR00043,USR00398,1956.87,Healthcare,P2P,Pune,Web,PhonePe,0,
TXN04478,2026-03-06 13:24:30,USR00102,USR00160,1897.02,Entertainment,P2P,Chennai,Tablet,BHIM,0,
TXN06029,2026-03-06 13:43:58,USR00396,USR00427,4325.98,Food Delivery,P2P,Hyderabad,iPhone,PhonePe,0,
TXN06711,2026-03-06 13:52:19,USR00308,USR00013,1505.95,Rent,P2M,Surat,Tablet,BHIM,0,
TXN07293,2026-03-06 14:15:53,USR00130,USR00191,571.68,Education,P2P,Kolkata,iPhone,GPay,0,
TXN09812,2026-03-06 14:28:04,USR00053,USR00221,151272.8,Travel,P2M,Mumbai,Web,Paytm,1,high_amount
TXN09712,2026-03-06 14:31:59,USR00312,USR00027,530.8,Education,P2M,Jaipur,iPhone,PhonePe,1,"new_device,rapid_burst"
TXN00178,2026-03-06 14:51:48,USR00172,USR00102,2598.09,Utilities,P2M,Surat,Tablet,Paytm,0,
TXN01088,2026-03-06 15:04:17,USR00487,USR00241,368.8,Grocery,P2M,Bengaluru,Android_Phone,GPay,0,
TXN05550,2026-03-06 15:06:05,USR00446,USR00350,7008.14,Rent,P2M,Pune,Android_Phone,GPay,0,
TXN08599,2026-03-06 15:24:46,USR00446,USR00079,5052.33,Entertainment,P2P,Pune,Android_Phone,GPay,0,
TXN04922,2026-03-06 15:27:27,USR00497,USR00406,14101.79,Travel,P2P,Hyderabad,Web,BHIM,0,
TXN05401,2026-03-06 15:29:11,USR00198,USR00168,333.41,Healthcare,P2P,Bengaluru,Web,AmazonPay,0,
TXN09499,2026-03-06 15:30:36,USR00483,USR00299,11775.51,Shopping,P2P,Nagpur,iPhone,AmazonPay,1,new_receiver
TXN05920,2026-03-06 15:31:30,USR00226,USR00002,12988.38,Education,P2M,Ahmedabad,iPhone,Paytm,0,
TXN02716,2026-03-06 15:48:21,USR00168,USR00407,401.19,Grocery,P2M,Chennai,Tablet,Paytm,0,
TXN08917,2026-03-06 15:49:42,USR00204,USR00153,3121.68,Healthcare,P2P,Nagpur,iPhone,GPay,0,
TXN00325,2026-03-06 15:57:01,USR00384,USR00289,291.83,Rent,P2P,Jaipur,Web,BHIM,0,
TXN01795,2026-03-06 16:06:35,USR00052,USR00412,5397.76,Fuel,P2M,Nagpur,Android_Phone,GPay,0,
TXN03311,2026-03-06 16:12:50,USR00341,USR00203,5189.62,Travel,P2P,Lucknow,Tablet,Paytm,0,
TXN07732,2026-03-06 16:27:51,USR00209,USR00192,546.4,Travel,P2M,Pune,Tablet,PhonePe,0,
TXN08300,2026-03-06 16:37:33,USR00448,USR00318,4694.26,Food Delivery,P2P,Jaipur,Web,GPay,0,
TXN03754,2026-03-06 16:45:06,USR00379,USR00103,374.53,Rent,P2M,Pune,Android_Phone,AmazonPay,0,
TXN05685,2026-03-06 16:50:32,USR00222,USR00247,111.48,P2P Transfer,P2M,Chennai,iPhone,Paytm,0,
TXN09065,2026-03-06 16:57:01,USR00343,USR00355,2828.11,P2P Transfer,P2P,Nagpur,iPhone,Paytm,0,
TXN09688,2026-03-06 17:02:16,USR00479,USR00192,634.69,Education,P2P,Hyderabad,iPhone,AmazonPay,1,rapid_burst
TXN04751,2026-03-06 17:26:45,USR00233,USR00396,6699.83,Utilities,P2P,Lucknow,Android_Phone,AmazonPay,0,
TXN04788,2026-03-06 17:26:59,USR00163,USR00407,1245.08,Rent,P2M,Lucknow,Tablet,GPay,0,
TXN10013,2026-03-06 17:39:00,USR00076,USR00212,3698.07,Healthcare,P2M,Delhi,iPhone,Paytm,1,rapid_burst
TXN10014,2026-03-06 17:42:00,USR00076,USR00395,6397.83,Rent,P2M,Delhi,iPhone,Paytm,1,rapid_burst
TXN09395,2026-03-06 17:42:44,USR00095,USR00305,59.0,P2P Transfer,P2M,Delhi,Tablet,GPay,0,
TXN10015,2026-03-06 17:43:00,USR00076,USR00437,4493.49,Fuel,P2P,Delhi,iPhone,Paytm,1,rapid_burst
TXN02894,2026-03-06 17:44:31,USR00366,USR00347,14522.31,Travel,P2P,Chennai,Web,BHIM,0,
TXN09394,2026-03-06 17:46:57,USR00164,USR00369,167.64,Utilities,P2P,Lucknow,Android_Phone,BHIM,0,
TXN06973,2026-03-06 18:01:02,USR00111,USR00254,901.05,Food Delivery,P2P,Hyderabad,iPhone,BHIM,0,
TXN08342,2026-03-06 18:02:08,USR00358,USR00344,2204.12,Entertainment,P2M,Surat,Tablet,GPay,0,
TXN05173,2026-03-06 18:07:39,USR00106,USR00139,2056.09,Entertainment,P2P,Lucknow,Android_Phone,Paytm,0,
TXN01103,2026-03-06 18:19:20,USR00109,USR00139,113.87,Education,P2P,Ahmedabad,Web,PhonePe,0,
TXN08273,2026-03-06 18:21:25,USR00068,USR00352,1223.14,Utilities,P2P,Ahmedabad,Web,Paytm,0,
TXN05201,2026-03-06 18:21:58,USR00250,USR00067,1496.26,Fuel,P2P,Chennai,Android_Phone,AmazonPay,0,
TXN07023,2026-03-06 18:36:12,USR00129,USR00466,9455.2,Healthcare,P2M,Ahmedabad,Web,PhonePe,0,
TXN05326,2026-03-06 18:37:45,USR00051,USR00475,12209.88,Rent,P2P,Bengaluru,Android_Phone,Paytm,0,
TXN08967,2026-03-06 18:38:25,USR00131,USR00361,9638.31,Healthcare,P2P,Ahmedabad,Web,BHIM,0,
TXN09457,2026-03-06 18:38:50,USR00259,USR00311,3275.45,Shopping,P2P,Pune,Tablet,Paytm,1,new_receiver
TXN02601,2026-03-06 18:38:56,USR00029,USR00183,326.76,Education,P2M,Chennai,Web,PhonePe,0,
TXN09729,2026-03-06 18:48:23,USR00256,USR00045,751.08,Travel,P2P,Jaipur,Web,AmazonPay,1,new_receiver
TXN02595,2026-03-06 18:53:30,USR00111,USR00167,803.37,Healthcare,P2P,Hyderabad,iPhone,BHIM,0,
TXN09574,2026-03-06 18:57:07,USR00474,USR00012,165.81,Entertainment,P2P,Pune,Web,BHIM,1,rapid_burst
TXN05727,2026-03-06 19:00:18,USR00300,USR00069,2745.56,Shopping,P2P,Nagpur,Web,AmazonPay,0,
TXN06260,2026-03-06 19:01:44,USR00301,USR00016,1376.69,Grocery,P2M,Mumbai,iPhone,Paytm,0,
TXN01739,2026-03-06 19:12:04,USR00059,USR00161,7839.61,Rent,P2P,Nagpur,Android_Phone,AmazonPay,0,
TXN05272,2026-03-06 19:20:16,USR00107,USR00324,126.59,Education,P2P,Delhi,Tablet,GPay,0,
TXN02886,2026-03-06 19:27:02,USR00306,USR00261,2677.99,Fuel,P2P,Lucknow,Tablet,Paytm,0,
TXN09425,2026-03-06 19:34:20,USR00434,USR00452,267.34,Healthcare,P2P,Surat,Web,PhonePe,1,rapid_burst
TXN01325,2026-03-06 19:40:18,USR00307,USR00364,5246.77,Healthcare,P2M,Hyderabad,Web,Paytm,0,
TXN07601,2026-03-06 19:41:07,USR00360,USR00491,3104.22,Education,P2P,Jaipur,Tablet,Paytm,0,
TXN06176,2026-03-06 19:54:27,USR00010,USR00057,10167.98,Rent,P2M,Surat,Web,BHIM,0,
TXN09705,2026-03-06 20:23:07,USR00293,USR00216,671.85,Entertainment,P2M,Delhi,iPhone,BHIM,1,new_location
TXN04937,2026-03-06 20:31:09,USR00303,USR00457,117.42,Fuel,P2M,Chennai,Web,GPay,0,
TXN09610,2026-03-06 20:42:04,USR00100,USR00470,1391.35,Grocery,P2M,Ahmedabad,Android_Phone,PhonePe,1,new_receiver
TXN02972,2026-03-06 20:42:13,USR00388,USR00029,942.74,Fuel,P2M,Nagpur,Web,BHIM,0,
TXN06804,2026-03-06 20:51:25,USR00196,USR00332,488.77,P2P Transfer,P2P,Hyderabad,Web,Paytm,0,
TXN09375,2026-03-06 21:18:55,USR00061,USR00444,15915.54,Grocery,P2P,Nagpur,Web,BHIM,0,
TXN01918,2026-03-06 21:23:28,USR00292,USR00461,217.63,Travel,P2P,Jaipur,Android_Phone,PhonePe,0,
TXN03385,2026-03-06 21:26:48,USR00352,USR00047,400.2,Healthcare,P2P,Jaipur,Tablet,Paytm,0,
TXN04443,2026-03-06 21:26:55,USR00439,USR00328,7379.91,Utilities,P2M,Nagpur,Tablet,GPay,0,
TXN02585,2026-03-06 21:29:07,USR00031,USR00359,1781.37,Healthcare,P2M,Hyderabad,iPhone,BHIM,0,
TXN06536,2026-03-06 21:49:18,USR00117,USR00323,613.26,Healthcare,P2P,Ahmedabad,Android_Phone,GPay,0,
TXN08275,2026-03-06 21:53:07,USR00117,USR00407,329.53,Entertainment,P2M,Ahmedabad,Android_Phone,GPay,0,
TXN00558,2026-03-06 22:18:17,USR00181,USR00280,657.86,Travel,P2P,Delhi,Web,PhonePe,0,
TXN08953,2026-03-06 22:26:56,USR00373,USR00128,284.32,Education,P2M,Lucknow,Web,BHIM,0,
TXN08556,2026-03-06 22:28:53,USR00036,USR00158,202.33,P2P Transfer,P2M,Nagpur,Android_Phone,Paytm,0,
TXN04198,2026-03-06 22:46:04,USR00491,USR00015,110.61,Rent,P2P,Ahmedabad,Web,BHIM,0,
TXN04909,2026-03-06 22:55:36,USR00234,USR00134,140.74,P2P Transfer,P2P,Hyderabad,iPhone,Paytm,0,
TXN03551,2026-03-06 22:59:08,USR00213,USR00137,2067.19,Rent,P2P,Bengaluru,iPhone,GPay,0,
TXN09491,2026-03-07 02:55:46,USR00098,USR00064,6489.09,Fuel,P2M,Mumbai,Web,BHIM,1,odd_hour
TXN08332,2026-03-07 06:01:47,USR00383,USR00411,218.98,Grocery,P2P,Kolkata,Android_Phone,BHIM,0,
TXN00255,2026-03-07 06:06:32,USR00469,USR00169,823.58,Healthcare,P2P,Mumbai,iPhone,GPay,0,
TXN10072,2026-03-07 06:08:00,USR00290,USR00137,131.61,Food Delivery,P2P,Ahmedabad,Tablet,GPay,1,rapid_burst
TXN09571,2026-03-07 06:08:10,USR00050,USR00242,598.81,Entertainment,P2P,Pune,Android_Phone,AmazonPay,1,new_device
TXN10073,2026-03-07 06:09:00,USR00290,USR00288,177.64,Education,P2P,Ahmedabad,Tablet,GPay,1,rapid_burst
TXN10075,2026-03-07 06:11:00,USR00290,USR00288,111.73,P2P Transfer,P2P,Ahmedabad,Tablet,GPay,1,rapid_burst
TXN10074,2026-03-07 06:14:00,USR00290,USR00428,101.54,Entertainment,P2P,Ahmedabad,Tablet,GPay,1,rapid_burst
TXN00251,2026-03-07 06:21:29,USR00047,USR00013,2830.49,Shopping,P2P,Ahmedabad,iPhone,BHIM,0,
TXN03672,2026-03-07 06:30:56,USR00100,USR00164,1123.48,Entertainment,P2M,Ahmedabad,Android_Phone,PhonePe,0,
TXN06330,2026-03-07 06:43:39,USR00459,USR00387,12025.56,Rent,P2P,Pune,Tablet,PhonePe,0,
TXN08357,2026-03-07 06:45:06,USR00041,USR00356,6118.08,Healthcare,P2P,Pune,Tablet,AmazonPay,0,
TXN08056,2026-03-07 06:50:14,USR00357,USR00037,8239.36,Travel,P2P,Mumbai,Web,PhonePe,0,
TXN02194,2026-03-07 06:50:18,USR00338,USR00061,138.35,Shopping,P2M,Delhi,Tablet,BHIM,0,
TXN03402,2026-03-07 07:10:17,USR00087,USR00325,138.83,Food Delivery,P2P,Pune,Web,Paytm,0,
TXN08110,2026-03-07 07:13:58,USR00388,USR00327,1009.96,P2P Transfer,P2P,Nagpur,Web,BHIM,0,
TXN00114,2026-03-07 07:25:12,USR00346,USR00345,223.47,Fuel,P2P,Chennai,Android_Phone,AmazonPay,0,
TXN02466,2026-03-07 07:30:56,USR00289,USR00046,14543.52,Rent,P2M,Ahmedabad,Tablet,PhonePe,0,
TXN00301,2026-03-07 07:35:19,USR00109,USR00139,150.27,Fuel,P2P,Ahmedabad,Web,PhonePe,0,
TXN07577,2026-03-07 07:41:45,USR00431,USR00426,9163.35,Travel,P2P,Pune,Android_Phone,GPay,0,
TXN03339,2026-03-07 07:50:41,USR00269,USR00101,402.82,Healthcare,P2P,Mumbai,Android_Phone,BHIM,0,
TXN04676,2026-03-07 07:51:47,USR00271,USR00349,212.98,Fuel,P2P,Nagpur,Tablet,PhonePe,0,
TXN09183,2026-03-07 07:56:18,USR00244,USR00067,11918.76,P2P Transfer,P2M,Ahmedabad,iPhone,PhonePe,0,
TXN01142,2026-03-07 08:07:29,USR00244,USR00067,10777.87,Grocery,P2M,Ahmedabad,iPhone,PhonePe,0,
TXN05209,2026-03-07 08:09:23,USR00476,USR00291,11122.19,P2P Transfer,P2M,Delhi,Android_Phone,AmazonPay,0,
TXN07628,2026-03-07 08:28:16,USR00377,USR00092,471.08,Fuel,P2M,Bengaluru,Android_Phone,BHIM,0,
TXN02209,2026-03-07 08:43:46,USR00096,USR00445,2125.76,Rent,P2M,Delhi,iPhone,Paytm,0,
TXN08070,2026-03-07 08:51:28,USR00326,USR00378,617.48,Rent,P2P,Chennai,Web,GPay,0,
TXN02530,2026-03-07 09:19:32,USR00499,USR00195,917.21,Entertainment,P2P,Surat,Tablet,BHIM,0,
TXN09569,2026-03-07 09:23:42,USR00321,USR00242,138.44,Education,P2P,Chennai,Android_Phone,GPay,1,new_location
TXN03999,2026-03-07 09:23:46,USR00451,USR00381,5773.92,Travel,P2P,Jaipur,iPhone,PhonePe,0,
TXN09219,2026-03-07 09:42:35,USR00196,USR00273,571.12,Shopping,P2P,Hyderabad,Web,Paytm,0,
TXN06933,2026-03-07 09:52:22,USR00495,USR00055,8321.72,Rent,P2P,Kolkata,Web,AmazonPay,0,
TXN07221,2026-03-07 10:11:34,USR00416,USR00326,8072.28,Healthcare,P2M,Bengaluru,Android_Phone,BHIM,0,
TXN03012,2026-03-07 10:12:03,USR00217,USR00393,11530.56,Travel,P2M,Delhi,Web,AmazonPay,0,
TXN09102,2026-03-07 10:12:25,USR00110,USR00112,183.56,Grocery,P2P,Jaipur,Tablet,GPay,0,
TXN09999,2026-03-07 10:17:53,USR00298,USR00497,667.88,Rent,P2P,Ahmedabad,iPhone,PhonePe,1,"new_device,rapid_burst"
TXN07249,2026-03-07 10:18:10,USR00007,USR00335,68.78,Entertainment,P2P,Lucknow,iPhone,BHIM,0,
TXN06005,2026-03-07 10:29:53,USR00229,USR00214,3626.0,Shopping,P2P,Nagpur,Web,AmazonPay,0,
TXN04769,2026-03-07 10:51:01,USR00416,USR00148,7107.16,Healthcare,P2M,Bengaluru,Android_Phone,BHIM,0,
TXN02185,2026-03-07 11:01:40,USR00487,USR00241,386.52,P2P Transfer,P2M,Bengaluru,Android_Phone,GPay,0,
TXN07849,2026-03-07 11:06:34,USR00393,USR00059,9921.28,P2P Transfer,P2M,Lucknow,Tablet,Paytm,0,
TXN06596,2026-03-07 11:17:21,USR00242,USR00067,11845.56,Entertainment,P2M,Kolkata,Android_Phone,Paytm,0,
TXN06855,2026-03-07 11:34:21,USR00439,USR00153,10264.41,Utilities,P2M,Nagpur,Tablet,GPay,0,
TXN01922,2026-03-07 11:57:31,USR00478,USR00266,2349.97,Utilities,P2M,Nagpur,Tablet,Paytm,0,
TXN05459,2026-03-07 12:07:31,USR00457,USR00118,6855.13,Shopping,P2P,Lucknow,Web,GPay,0,
TXN02386,2026-03-07 12:30:32,USR00218,USR00419,561.48,Travel,P2P,Nagpur,Web,BHIM,0,
TXN07835,2026-03-07 12:49:43,USR00445,USR00012,1686.38,Food Delivery,P2P,Pune,Web,Paytm,0,
TXN08844,2026-03-07 12:59:39,USR00208,USR00118,312.03,Fuel,P2M,Mumbai,Web,GPay,0,
TXN09825,2026-03-07 13:09:09,USR00005,USR00189,11911.27,Grocery,P2P,Jaipur,iPhone,Paytm,1,"new_location,new_device"
TXN06940,2026-03-07 13:14:10,USR00049,USR00035,2282.14,Grocery,P2M,Chennai,Android_Phone,GPay,0,
TXN08816,2026-03-07 13:14:49,USR00058,USR00176,5202.41,P2P Transfer,P2P,Hyderabad,iPhone,AmazonPay,0,
TXN04219,2026-03-07 13:19:00,USR00133,USR00149,634.76,Food Delivery,P2P,Surat,Android_Phone,GPay,0,
TXN03481,2026-03-07 13:22:14,USR00100,USR00037,1099.8,Food Delivery,P2P,Ahmedabad,Android_Phone,PhonePe,0,
TXN07193,2026-03-07 13:22:34,USR00478,USR00266,3299.91,Entertainment,P2M,Nagpur,Tablet,Paytm,0,
TXN02974,2026-03-07 13:25:35,USR00119,USR00230,209.1,Shopping,P2P,Chennai,iPhone,GPay,0,
TXN00271,2026-03-07 13:37:46,USR00204,USR00423,2953.26,Rent,P2M,Nagpur,iPhone,GPay,0,
TXN06589,2026-03-07 13:41:14,USR00233,USR00396,11760.7,Healthcare,P2P,Lucknow,Android_Phone,AmazonPay,0,
TXN03118,2026-03-07 13:48:58,USR00446,USR00350,4908.57,Rent,P2M,Pune,Android_Phone,GPay,0,
TXN03432,2026-03-07 14:04:04,USR00214,USR00126,1717.49,Shopping,P2M,Chennai,Android_Phone,BHIM,0,
TXN08191,2026-03-07 14:06:50,USR00130,USR00191,286.34,Healthcare,P2P,Kolkata,iPhone,GPay,0,
TXN02899,2026-03-07 14:27:43,USR00385,USR00361,5947.92,P2P Transfer,P2M,Hyderabad,Tablet,BHIM,0,
TXN03103,2026-03-07 14:28:49,USR00403,USR00128,489.83,Grocery,P2P,Ahmedabad,Web,GPay,0,
TXN00404,2026-03-07 14:34:41,USR00431,USR00475,10566.14,Entertainment,P2P,Pune,Android_Phone,GPay,0,
TXN08469,2026-03-07 14:48:20,USR00243,USR00202,12157.98,Fuel,P2M,Chennai,Android_Phone,Paytm,0,
TXN02724,2026-03-07 14:53:39,USR00483,USR00235,19140.17,Rent,P2P,Nagpur,iPhone,AmazonPay,0,
TXN09870,2026-03-07 15:04:48,USR00276,USR00121,2214.97,Healthcare,P2P,Bengaluru,Android_Phone,Paytm,1,new_device
TXN04165,2026-03-07 15:23:56,USR00058,USR00283,5167.86,Food Delivery,P2P,Hyderabad,iPhone,AmazonPay,0,
TXN07243,2026-03-07 15:31:48,USR00122,USR00043,251.15,Rent,P2P,Hyderabad,Web,Paytm,0,
TXN02420,2026-03-07 15:46:38,USR00353,USR00342,164.7,P2P Transfer,P2P,Jaipur,Tablet,Paytm,0,
TXN01376,2026-03-07 16:24:10,USR00136,USR00093,622.52,P2P Transfer,P2M,Nagpur,Tablet,BHIM,0,
TXN04057,2026-03-07 16:32:38,USR00072,USR00496,2845.45,Utilities,P2M,Delhi,Tablet,BHIM,0,
TXN02399,2026-03-07 16:49:33,USR00199,USR00407,2251.73,P2P Transfer,P2M,Ahmedabad,Tablet,PhonePe,0,
TXN05715,2026-03-07 16:52:20,USR00252,USR00040,2295.75,P2P Transfer,P2P,Hyderabad,iPhone,AmazonPay,0,
TXN03689,2026-03-07 17:00:09,USR00187,USR00177,3092.06,Shopping,P2P,Jaipur,Tablet,PhonePe,0,
TXN02149,2026-03-07 17:05:52,USR00473,USR00181,6007.99,Utilities,P2M,Hyderabad,Web,AmazonPay,0,
TXN08547,2026-03-07 17:09:29,USR00499,USR00195,581.68,Fuel,P2M,Surat,Tablet,BHIM,0,
TXN09497,2026-03-07 17:11:47,USR00367,USR00041,1016.37,Food Delivery,P2P,Surat,iPhone,AmazonPay,1,rapid_burst
TXN07994,2026-03-07 17:33:40,USR00029,USR00183,268.64,Education,P2M,Chennai,Web,PhonePe,0,
TXN07944,2026-03-07 17:41:00,USR00183,USR00111,15381.61,Healthcare,P2M,Hyderabad,Tablet,AmazonPay,0,
TXN02956,2026-03-07 17:42:59,USR00114,USR00202,227.94,Rent,P2M,Kolkata,iPhone,Paytm,0,
TXN01995,2026-03-07 17:49:09,USR00300,USR00450,1316.41,P2P Transfer,P2P,Nagpur,Web,AmazonPay,0,
TXN01314,2026-03-07 17:57:07,USR00412,USR00158,1596.11,Utilities,P2P,Jaipur,Tablet,GPay,0,
TXN07124,2026-03-07 17:59:25,USR00262,USR00325,4405.66,Rent,P2P,Mumbai,Tablet,GPay,0,
TXN06901,2026-03-07 18:02:15,USR00370,USR00091,1315.49,Entertainment,P2P,Ahmedabad,iPhone,AmazonPay,0,
TXN01573,2026-03-07 18:07:30,USR00256,USR00364,775.51,Food Delivery,P2M,Jaipur,Web,AmazonPay,0,
TXN09359,2026-03-07 18:07:49,USR00466,USR00393,356.95,Healthcare,P2M,Kolkata,Android_Phone,BHIM,0,
TXN07333,2026-03-07 18:16:37,USR00167,USR00142,7253.45,Rent,P2M,Lucknow,Web,Paytm,0,
TXN01071,2026-03-07 18:40:41,USR00204,USR00350,3519.15,Healthcare,P2P,Nagpur,iPhone,GPay,0,
TXN03054,2026-03-07 18:41:12,USR00051,USR00475,8057.61,Food Delivery,P2P,Bengaluru,Android_Phone,Paytm,0,
TXN06348,2026-03-07 18:42:15,USR00088,USR00465,3426.63,P2P Transfer,P2P,Lucknow,Android_Phone,Paytm,0,
TXN01994,2026-03-07 18:42:16,USR00491,USR00179,114.16,Healthcare,P2M,Ahmedabad,Web,BHIM,0,
TXN08141,2026-03-07 18:57:11,USR00304,USR00346,2206.64,Grocery,P2P,Surat,iPhone,BHIM,0,
TXN02051,2026-03-07 18:59:09,USR00491,USR00057,178.65,Shopping,P2M,Ahmedabad,Web,BHIM,0,
TXN05483,2026-03-07 19:07:37,USR00289,USR00328,15759.85,Grocery,P2M,Ahmedabad,Tablet,PhonePe,0,
TXN02969,2026-03-07 19:18:16,USR00182,USR00232,1949.53,Education,P2M,Delhi,Tablet,BHIM,0,
TXN03102,2026-03-07 19:41:26,USR00419,USR00200,2395.15,Entertainment,P2P,Mumbai,iPhone,BHIM,0,
TXN00375,2026-03-07 19:41:48,USR00299,USR00045,316.32,Entertainment,P2P,Nagpur,Web,PhonePe,0,
TXN07783,2026-03-07 19:41:49,USR00249,USR00401,11522.11,P2P Transfer,P2M,Nagpur,iPhone,PhonePe,0,
TXN00914,2026-03-07 19:43:49,USR00232,USR00140,56.77,Fuel,P2P,Hyderabad,iPhone,AmazonPay,0,
TXN04654,2026-03-07 19:55:55,USR00287,USR00152,3100.15,Food Delivery,P2P,Surat,Web,BHIM,0,
TXN06229,2026-03-07 20:01:32,USR00399,USR00345,12751.6,Fuel,P2M,Delhi,Tablet,PhonePe,0,
TXN01855,2026-03-07 20:12:03,USR00141,USR00038,7591.05,Grocery,P2M,Hyderabad,Tablet,BHIM,0,
TXN06089,2026-03-07 20:13:42,USR00076,USR00437,4617.11,Food Delivery,P2P,Delhi,iPhone,Paytm,0,
TXN07500,2026-03-07 20:19:22,USR00269,USR00421,265.31,Rent,P2M,Mumbai,Android_Phone,BHIM,0,
TXN04603,2026-03-07 20:27:28,USR00044,USR00077,10049.93,Education,P2P,Chennai,Web,PhonePe,0,
TXN02136,2026-03-07 20:40:56,USR00051,USR00055,16090.16,Travel,P2M,Bengaluru,Android_Phone,Paytm,0,
TXN04271,2026-03-07 20:48:46,USR00270,USR00463,558.24,Healthcare,P2P,Pune,Android_Phone,Paytm,0,
TXN00603,2026-03-07 21:04:10,USR00253,USR00122,353.43,Travel,P2M,Hyderabad,Android_Phone,PhonePe,0,
TXN04326,2026-03-07 21:22:39,USR00340,USR00296,667.03,Rent,P2M,Jaipur,Tablet,PhonePe,0,
TXN00395,2026-03-07 21:23:31,USR00384,USR00348,335.72,Education,P2P,Jaipur,Web,BHIM,0,
TXN09472,2026-03-07 21:26:30,USR00207,USR00475,92979.71,Grocery,P2M,Nagpur,iPhone,PhonePe,1,high_amount
TXN07448,2026-03-07 21:28:05,USR00409,USR00449,210.64,Travel,P2M,Delhi,Android_Phone,BHIM,0,
TXN06706,2026-03-07 21:41:37,USR00106,USR00139,1555.25,P2P Transfer,P2P,Lucknow,Android_Phone,Paytm,0,
TXN08403,2026-03-07 21:44:17,USR00056,USR00284,12316.84,Grocery,P2M,Hyderabad,Web,PhonePe,0,
TXN00409,2026-03-07 21:48:09,USR00241,USR00050,7438.45,Shopping,P2P,Chennai,Tablet,BHIM,0,
TXN07043,2026-03-07 22:21:07,USR00416,USR00148,9375.52,Fuel,P2P,Bengaluru,Android_Phone,BHIM,0,
TXN04124,2026-03-07 22:21:32,USR00318,USR00464,501.13,Healthcare,P2P,Pune,Web,BHIM,0,
TXN00497,2026-03-07 22:26:42,USR00316,USR00115,16475.4,Grocery,P2M,Surat,Android_Phone,Paytm,0,
TXN09151,2026-03-07 22:58:54,USR00295,USR00301,681.85,Fuel,P2P,Kolkata,Android_Phone,AmazonPay,0,
TXN10050,2026-03-08 02:21:00,USR00244,USR00067,23505.96,Education,P2M,Ahmedabad,iPhone,PhonePe,1,rapid_burst
TXN10051,2026-03-08 02:24:00,USR00244,USR00067,16146.77,Shopping,P2M,Ahmedabad,iPhone,PhonePe,1,rapid_burst
TXN10052,2026-03-08 02:27:00,USR00244,USR00067,22521.08,Healthcare,P2P,Ahmedabad,iPhone,PhonePe,1,rapid_burst
TXN09837,2026-03-08 02:33:54,USR00157,USR00046,1796.55,Fuel,P2P,Ahmedabad,Tablet,BHIM,1,"odd_hour,new_device"
TXN01943,2026-03-08 06:08:44,USR00459,USR00104,10604.1,P2P Transfer,P2P,Pune,Tablet,PhonePe,0,
TXN01654,2026-03-08 06:09:39,USR00357,USR00027,4321.53,Food Delivery,P2M,Mumbai,Web,PhonePe,0,
TXN06413,2026-03-08 06:49:30,USR00308,USR00013,3409.27,Shopping,P2P,Surat,Tablet,BHIM,0,
TXN07811,2026-03-08 07:17:15,USR00005,USR00189,11332.94,P2P Transfer,P2P,Surat,Tablet,Paytm,0,
TXN00915,2026-03-08 07:20:12,USR00221,USR00265,536.17,Rent,P2P,Hyderabad,Android_Phone,AmazonPay,0,
TXN06986,2026-03-08 07:42:01,USR00177,USR00133,8667.18,Rent,P2M,Chennai,Tablet,PhonePe,0,
TXN00491,2026-03-08 07:50:00,USR00049,USR00035,1280.76,P2P Transfer,P2M,Chennai,Android_Phone,GPay,0,
TXN02499,2026-03-08 07:56:05,USR00042,USR00162,7895.24,Food Delivery,P2M,Surat,Tablet,BHIM,0,
TXN03889,2026-03-08 08:04:29,USR00260,USR00023,6433.58,Rent,P2P,Pune,iPhone,Paytm,0,
TXN07131,2026-03-08 08:21:20,USR00360,USR00073,2866.04,Food Delivery,P2M,Jaipur,Tablet,Paytm,0,
TXN05301,2026-03-08 08:23:06,USR00362,USR00092,142.19,Food Delivery,P2M,Pune,Web,AmazonPay,0,
TXN07877,2026-03-08 08:26:56,USR00264,USR00048,168.11,Travel,P2P,Ahmedabad,Web,AmazonPay,0,
TXN00750,2026-03-08 08:33:15,USR00342,USR00478,938.9,Education,P2M,Nagpur,Web,PhonePe,0,
TXN06756,2026-03-08 08:33:28,USR00338,USR00096,177.86,Food Delivery,P2M,Delhi,Tablet,BHIM,0,
TXN04879,2026-03-08 08:37:54,USR00483,USR00198,12131.15,Fuel,P2P,Nagpur,iPhone,AmazonPay,0,
TXN03128,2026-03-08 08:38:51,USR00457,USR00118,8951.27,Healthcare,P2P,Lucknow,Web,GPay,0,
TXN00096,2026-03-08 08:40:01,USR00447,USR00056,1178.64,Healthcare,P2P,Mumbai,Web,BHIM,0,
TXN00459,2026-03-08 08:50:26,USR00162,USR00259,1823.84,Entertainment,P2P,Kolkata,iPhone,AmazonPay,0,
TXN09500,2026-03-08 08:51:41,USR00105,USR00284,3655.51,P2P Transfer,P2P,Delhi,iPhone,Paytm,1,high_amount
TXN03871,2026-03-08 09:06:07,USR00386,USR00402,328.69,Rent,P2P,Delhi,iPhone,Paytm,0,
TXN10093,2026-03-08 09:24:00,USR00220,USR00181,113.42,Education,P2M,Delhi,Android_Phone,PhonePe,1,rapid_burst
TXN10094,2026-03-08 09:25:00,USR00220,USR00340,123.38,Utilities,P2M,Delhi,Android_Phone,PhonePe,1,rapid_burst
TXN10095,2026-03-08 09:30:00,USR00220,USR00336,106.45,Food Delivery,P2M,Delhi,Android_Phone,PhonePe,1,rapid_burst
TXN09236,2026-03-08 09:47:51,USR00371,USR00135,510.14,Rent,P2M,Pune,Tablet,PhonePe,0,
TXN06815,2026-03-08 09:59:38,USR00376,USR00065,14170.88,Grocery,P2P,Surat,iPhone,AmazonPay,0,
TXN07254,2026-03-08 10:07:14,USR00471,USR00149,2859.85,Travel,P2P,Delhi,Tablet,PhonePe,0,
TXN01818,2026-03-08 10:13:40,USR00246,USR00073,2092.32,Healthcare,P2P,Kolkata,iPhone,GPay,0,
TXN05847,2026-03-08 10:16:00,USR00183,USR00381,15305.26,Grocery,P2P,Hyderabad,Tablet,AmazonPay,0,
TXN06297,2026-03-08 10:22:40,USR00004,USR00035,1244.82,Food Delivery,P2M,Lucknow,Web,PhonePe,0,
TXN00254,2026-03-08 10:27:18,USR00430,USR00328,12936.16,Grocery,P2P,Delhi,iPhone,BHIM,0,
TXN06192,2026-03-08 10:40:00,USR00046,USR00409,9399.84,Food Delivery,P2M,Jaipur,Tablet,Paytm,0,
TXN04397,2026-03-08 10:53:39,USR00266,USR00054,10333.93,P2P Transfer,P2M,Lucknow,iPhone,PhonePe,0,
TXN07385,2026-03-08 10:58:54,USR00325,USR00131,681.22,Shopping,P2P,Nagpur,Android_Phone,PhonePe,0,
TXN03765,2026-03-08 10:59:34,USR00307,USR00364,7966.75,Food Delivery,P2P,Hyderabad,Web,Paytm,0,
TXN04058,2026-03-08 11:03:50,USR00079,USR00269,371.48,Travel,P2P,Ahmedabad,Android_Phone,BHIM,0,
TXN05481,2026-03-08 11:14:23,USR00159,USR00287,4655.15,Rent,P2M,Kolkata,Android_Phone,PhonePe,0,
TXN09160,2026-03-08 11:18:21,USR00293,USR00040,419.21,Fuel,P2P,Bengaluru,iPhone,BHIM,0,
TXN03531,2026-03-08 11:53:56,USR00169,USR00489,12195.7,Healthcare,P2M,Mumbai,Web,BHIM,0,
TXN08269,2026-03-08 11:59:43,USR00281,USR00290,215.13,Food Delivery,P2P,Nagpur,Android_Phone,PhonePe,0,
TXN08999,2026-03-08 12:11:19,USR00289,USR00328,18155.61,Healthcare,P2P,Ahmedabad,Tablet,PhonePe,0,
TXN05526,2026-03-08 12:12:54,USR00317,USR00152,401.25,Fuel,P2P,Delhi,iPhone,Paytm,0,
TXN08543,2026-03-08 12:24:45,USR00301,USR00016,1273.94,Healthcare,P2P,Mumbai,iPhone,Paytm,0,
TXN07102,2026-03-08 12:27:07,USR00102,USR00212,2105.95,Healthcare,P2M,Chennai,Tablet,BHIM,0,
TXN08588,2026-03-08 12:39:32,USR00267,USR00436,344.43,Utilities,P2P,Hyderabad,Tablet,Paytm,0,
TXN05460,2026-03-08 12:54:01,USR00372,USR00165,1396.48,Travel,P2P,Mumbai,Tablet,GPay,0,
TXN02653,2026-03-08 12:54:28,USR00341,USR00203,12870.46,P2P Transfer,P2M,Lucknow,Tablet,Paytm,0,
TXN05397,2026-03-08 12:55:47,USR00472,USR00313,7636.68,Entertainment,P2P,Nagpur,iPhone,AmazonPay,0,
TXN06218,2026-03-08 13:03:28,USR00062,USR00494,434.72,Travel,P2M,Chennai,Tablet,BHIM,0,
TXN02406,2026-03-08 13:25:33,USR00254,USR00061,1144.89,Food Delivery,P2P,Hyderabad,Android_Phone,PhonePe,0,
TXN07827,2026-03-08 13:49:54,USR00481,USR00401,1169.52,Rent,P2P,Bengaluru,Web,GPay,0,
TXN05831,2026-03-08 14:08:02,USR00146,USR00185,324.21,Utilities,P2P,Nagpur,iPhone,PhonePe,0,
TXN00707,2026-03-08 14:10:27,USR00206,USR00138,7681.68,Food Delivery,P2P,Pune,iPhone,Paytm,0,
TXN07665,2026-03-08 14:17:00,USR00243,USR00320,11309.79,P2P Transfer,P2P,Chennai,Android_Phone,Paytm,0,
TXN00958,2026-03-08 14:43:13,USR00072,USR00059,2714.21,Travel,P2M,Delhi,Tablet,BHIM,0,
TXN01453,2026-03-08 14:43:26,USR00422,USR00454,995.41,Entertainment,P2M,Ahmedabad,Web,PhonePe,0,
TXN04887,2026-03-08 14:44:50,USR00332,USR00434,16158.05,Fuel,P2M,Surat,Android_Phone,BHIM,0,
TXN06069,2026-03-08 14:55:17,USR00049,USR00035,2369.01,Utilities,P2M,Chennai,Android_Phone,GPay,0,
TXN01306,2026-03-08 14:57:58,USR00262,USR00277,2756.07,Education,P2M,Mumbai,Tablet,GPay,0,
TXN07692,2026-03-08 15:16:13,USR00085,USR00300,335.25,Education,P2P,Delhi,iPhone,BHIM,0,
TXN01068,2026-03-08 15:30:55,USR00349,USR00263,19433.48,Food Delivery,P2M,Bengaluru,Android_Phone,BHIM,0,
TXN09350,2026-03-08 15:31:39,USR00101,USR00271,45.84,Fuel,P2P,Kolkata,Web,GPay,0,
TXN06877,2026-03-08 16:11:54,USR00177,USR00003,7772.33,Food Delivery,P2P,Chennai,Tablet,PhonePe,0,
TXN09279,2026-03-08 16:23:35,USR00351,USR00281,345.78,P2P Transfer,P2M,Ahmedabad,Web,AmazonPay,0,
TXN06673,2026-03-08 16:38:48,USR00177,USR00196,7605.84,Rent,P2P,Chennai,Tablet,PhonePe,0,
TXN00778,2026-03-08 16:49:42,USR00363,USR00371,2035.69,Food Delivery,P2M,Hyderabad,Android_Phone,AmazonPay,0,
TXN06203,2026-03-08 17:28:47,USR00187,USR00117,3224.43,P2P Transfer,P2P,Jaipur,Tablet,PhonePe,0,
TXN05266,2026-03-08 17:32:27,USR00386,USR00402,326.99,Food Delivery,P2P,Delhi,iPhone,Paytm,0,
TXN00307,2026-03-08 17:37:12,USR00053,USR00054,12907.02,Education,P2P,Mumbai,Web,Paytm,0,
TXN08902,2026-03-08 17:48:35,USR00359,USR00144,15336.63,Rent,P2P,Hyderabad,Android_Phone,BHIM,0,
TXN02591,2026-03-08 17:53:19,USR00095,USR00328,38.54,Education,P2M,Delhi,Tablet,GPay,0,
TXN05202,2026-03-08 17:59:32,USR00216,USR00493,928.0,Fuel,P2M,Chennai,Tablet,Paytm,0,
TXN01140,2026-03-08 18:07:10,USR00259,USR00213,3080.56,Food Delivery,P2M,Pune,Tablet,Paytm,0,
TXN02401,2026-03-08 18:08:33,USR00325,USR00463,728.32,P2P Transfer,P2P,Nagpur,Android_Phone,PhonePe,0,
TXN08447,2026-03-08 18:12:36,USR00226,USR00219,11271.11,Education,P2M,Ahmedabad,iPhone,Paytm,0,
TXN08984,2026-03-08 18:17:06,USR00341,USR00203,11983.38,Fuel,P2M,Lucknow,Tablet,Paytm,0,
TXN08454,2026-03-08 18:17:35,USR00009,USR00195,3052.11,Food Delivery,P2M,Lucknow,Tablet,AmazonPay,0,
TXN07816,2026-03-08 18:17:41,USR00072,USR00059,2795.6,Food Delivery,P2M,Delhi,Tablet,BHIM,0,
TXN06441,2026-03-08 18:26:54,USR00236,USR00272,582.26,Rent,P2P,Lucknow,Android_Phone,PhonePe,0,
TXN01288,2026-03-08 18:27:11,USR00337,USR00409,3288.95,Grocery,P2P,Chennai,Android_Phone,Paytm,0,
TXN06797,2026-03-08 18:34:51,USR00177,USR00133,7313.24,Food Delivery,P2M,Chennai,Tablet,PhonePe,0,
TXN09515,2026-03-08 18:42:59,USR00337,USR00493,1947.97,P2P Transfer,P2P,Hyderabad,Android_Phone,Paytm,1,new_location
TXN00694,2026-03-08 18:48:21,USR00424,USR00173,1383.7,Utilities,P2M,Surat,Android_Phone,GPay,0,
TXN02596,2026-03-08 18:58:59,USR00408,USR00011,538.32,Healthcare,P2P,Kolkata,Tablet,PhonePe,0,
TXN06165,2026-03-08 19:04:17,USR00195,USR00492,323.73,Travel,P2P,Pune,Android_Phone,BHIM,0,
TXN08282,2026-03-08 19:39:45,USR00283,USR00055,7553.51,Grocery,P2P,Chennai,Android_Phone,GPay,0,
TXN03216,2026-03-08 19:59:20,USR00052,USR00412,9827.65,Entertainment,P2M,Nagpur,Android_Phone,GPay,0,
TXN08949,2026-03-08 20:04:01,USR00257,USR00130,125.44,Utilities,P2M,Ahmedabad,Android_Phone,AmazonPay,0,
TXN00910,2026-03-08 20:08:53,USR00374,USR00071,12367.34,Entertainment,P2P,Ahmedabad,Tablet,PhonePe,0,
TXN08326,2026-03-08 20:12:44,USR00336,USR00286,8307.27,Entertainment,P2P,Ahmedabad,iPhone,BHIM,0,
TXN04215,2026-03-08 20:19:26,USR00224,USR00434,167.31,Entertainment,P2M,Mumbai,Web,Paytm,0,
TXN08808,2026-03-08 20:21:51,USR00399,USR00235,5531.29,Grocery,P2M,Delhi,Tablet,PhonePe,0,
TXN04324,2026-03-08 20:27:25,USR00154,USR00104,2707.44,Education,P2P,Ahmedabad,Tablet,Paytm,0,
TXN04087,2026-03-08 20:32:05,USR00315,USR00102,390.19,Entertainment,P2P,Mumbai,Tablet,Paytm,0,
TXN05628,2026-03-08 20:59:07,USR00440,USR00334,8149.63,Education,P2P,Delhi,Tablet,AmazonPay,0,
TXN08322,2026-03-08 21:23:37,USR00048,USR00167,2495.56,Utilities,P2M,Kolkata,Web,BHIM,0,
TXN07557,2026-03-08 21:37:50,USR00282,USR00085,3163.34,Fuel,P2P,Pune,Android_Phone,GPay,0,
TXN02569,2026-03-08 21:49:16,USR00023,USR00234,447.73,Entertainment,P2P,Delhi,Web,AmazonPay,0,
TXN03273,2026-03-08 22:04:22,USR00345,USR00082,1269.38,Education,P2M,Pune,Android_Phone,Paytm,0,
TXN09594,2026-03-08 22:07:48,USR00084,USR00236,2607.93,Grocery,P2M,Ahmedabad,Tablet,Paytm,1,new_device
TXN07702,2026-03-08 22:12:35,USR00316,USR00449,7972.64,Utilities,P2M,Surat,Android_Phone,Paytm,0,
TXN01796,2026-03-08 22:16:24,USR00013,USR00365,264.02,Fuel,P2P,Pune,Tablet,BHIM,0,
TXN09650,2026-03-08 22:45:31,USR00458,USR00098,1944.79,Fuel,P2M,Bengaluru,Tablet,PhonePe,1,new_device
TXN06969,2026-03-08 22:59:28,USR00313,USR00249,2176.26,Utilities,P2M,Chennai,iPhone,Paytm,0,
TXN09455,2026-03-09 00:36:41,USR00244,USR00067,14511.82,Entertainment,P2P,Ahmedabad,iPhone,PhonePe,1,odd_hour
TXN09675,2026-03-09 01:28:51,USR00404,USR00184,4581.13,Rent,P2M,Pune,Android_Phone,AmazonPay,1,"odd_hour,new_location"
TXN06227,2026-03-09 06:04:05,USR00390,USR00207,139.54,Education,P2P,Surat,Web,GPay,0,
TXN00146,2026-03-09 06:13:45,USR00050,USR00242,621.5,Entertainment,P2P,Pune,iPhone,AmazonPay,0,
TXN01823,2026-03-09 06:13:51,USR00107,USR00379,169.74,Travel,P2P,Delhi,Tablet,GPay,0,
TXN02783,2026-03-09 06:27:36,USR00209,USR00192,932.78,Education,P2P,Pune,Tablet,PhonePe,0,
TXN05572,2026-03-09 06:34:03,USR00371,USR00189,443.72,Fuel,P2M,Pune,Tablet,PhonePe,0,
TXN07643,2026-03-09 06:41:25,USR00314,USR00391,15398.72,Entertainment,P2M,Bengaluru,iPhone,GPay,0,
TXN08706,2026-03-09 06:53:28,USR00107,USR00497,180.97,Travel,P2M,Delhi,Tablet,GPay,0,
TXN04857,2026-03-09 07:14:08,USR00224,USR00011,163.15,Rent,P2M,Mumbai,Web,Paytm,0,
TXN04432,2026-03-09 07:33:32,USR00320,USR00024,8915.32,Education,P2M,Jaipur,Web,GPay,0,
TXN05953,2026-03-09 07:34:03,USR00252,USR00040,2801.86,Grocery,P2P,Hyderabad,iPhone,AmazonPay,0,
TXN05162,2026-03-09 07:38:31,USR00039,USR00075,7448.49,Shopping,P2M,Surat,iPhone,GPay,0,
TXN00027,2026-03-09 08:06:43,USR00210,USR00078,3099.42,Fuel,P2P,Bengaluru,Web,BHIM,0,
TXN06992,2026-03-09 08:10:47,USR00208,USR00118,444.1,Education,P2P,Mumbai,Web,GPay,0,
TXN07281,2026-03-09 08:12:40,USR00271,USR00349,165.87,Fuel,P2M,Nagpur,Tablet,PhonePe,0,
TXN04631,2026-03-09 08:14:02,USR00440,USR00382,6261.19,Entertainment,P2P,Delhi,Tablet,AmazonPay,0,
TXN00775,2026-03-09 08:32:10,USR00427,USR00000,851.32,Food Delivery,P2P,Jaipur,Web,AmazonPay,0,
TXN03345,2026-03-09 08:58:35,USR00143,USR00271,2400.35,Grocery,P2M,Chennai,Web,Paytm,0,
TXN09905,2026-03-09 09:19:37,USR00044,USR00196,141386.88,Rent,P2P,Chennai,Web,PhonePe,1,high_amount
TXN08757,2026-03-09 09:40:34,USR00283,USR00402,8859.24,Healthcare,P2P,Chennai,Android_Phone,GPay,0,
TXN02320,2026-03-09 09:57:15,USR00138,USR00139,16474.44,Fuel,P2P,Surat,Android_Phone,BHIM,0,
TXN09623,2026-03-09 10:13:38,USR00176,USR00218,47.05,Entertainment,P2M,Jaipur,iPhone,AmazonPay,1,new_location
TXN01343,2026-03-09 10:18:21,USR00306,USR00261,2010.25,Utilities,P2M,Lucknow,Tablet,Paytm,0,
TXN03330,2026-03-09 10:23:31,USR00056,USR00450,10228.5,Travel,P2P,Hyderabad,Web,PhonePe,0,
TXN07653,2026-03-09 10:28:19,USR00155,USR00062,128.99,Entertainment,P2P,Chennai,Android_Phone,BHIM,0,
TXN05212,2026-03-09 10:30:36,USR00283,USR00000,11494.96,Shopping,P2P,Chennai,Android_Phone,GPay,0,
TXN00572,2026-03-09 10:32:57,USR00101,USR00150,77.13,Healthcare,P2P,Kolkata,Web,GPay,0,
TXN07572,2026-03-09 10:34:17,USR00179,USR00188,1037.68,P2P Transfer,P2M,Surat,Android_Phone,PhonePe,0,
TXN06525,2026-03-09 10:41:27,USR00273,USR00195,4863.78,Healthcare,P2M,Surat,iPhone,BHIM,0,
TXN03837,2026-03-09 10:53:22,USR00068,USR00352,1597.29,Fuel,P2P,Ahmedabad,Web,Paytm,0,
TXN06670,2026-03-09 11:00:29,USR00422,USR00184,782.32,Healthcare,P2M,Ahmedabad,Web,PhonePe,0,
TXN02678,2026-03-09 11:09:29,USR00494,USR00476,7907.64,Rent,P2P,Bengaluru,iPhone,AmazonPay,0,
TXN07273,2026-03-09 11:14:39,USR00174,USR00152,414.1,Education,P2M,Mumbai,Web,AmazonPay,0,
TXN03143,2026-03-09 11:24:14,USR00327,USR00449,5397.13,Entertainment,P2P,Lucknow,Tablet,Paytm,0,
TXN05342,2026-03-09 11:27:05,USR00261,USR00401,12241.09,Healthcare,P2M,Hyderabad,iPhone,Paytm,0,
TXN02539,2026-03-09 11:33:17,USR00370,USR00485,1423.29,Healthcare,P2P,Ahmedabad,iPhone,AmazonPay,0,
TXN05090,2026-03-09 11:36:35,USR00272,USR00151,14936.41,Shopping,P2M,Lucknow,Android_Phone,AmazonPay,0,
TXN05647,2026-03-09 11:46:14,USR00248,USR00043,18569.88,Fuel,P2P,Pune,iPhone,AmazonPay,0,
TXN09783,2026-03-09 11:52:42,USR00469,USR00471,6769.47,Grocery,P2P,Lucknow,iPhone,GPay,1,"high_amount,new_location"
TXN03468,2026-03-09 12:16:50,USR00493,USR00196,102.14,Education,P2P,Jaipur,iPhone,GPay,0,
TXN02458,2026-03-09 12:27:06,USR00156,USR00478,11836.45,Healthcare,P2P,Pune,Tablet,AmazonPay,0,
TXN05292,2026-03-09 12:28:20,USR00030,USR00409,1337.96,Entertainment,P2P,Pune,iPhone,PhonePe,0,
TXN01243,2026-03-09 12:36:36,USR00339,USR00337,8292.25,Travel,P2M,Mumbai,Tablet,AmazonPay,0,
TXN06731,2026-03-09 12:49:00,USR00429,USR00267,7827.66,Healthcare,P2M,Kolkata,Web,GPay,0,
TXN01499,2026-03-09 12:59:26,USR00384,USR00187,295.96,Travel,P2M,Jaipur,Web,BHIM,0,
TXN06017,2026-03-09 13:40:48,USR00354,USR00144,4853.77,Food Delivery,P2M,Hyderabad,Tablet,Paytm,0,
TXN07799,2026-03-09 13:40:52,USR00462,USR00150,1860.25,Rent,P2M,Hyderabad,Web,GPay,0,
TXN05503,2026-03-09 14:19:27,USR00051,USR00055,11329.19,Shopping,P2M,Bengaluru,Android_Phone,Paytm,0,
TXN00252,2026-03-09 14:40:41,USR00476,USR00174,12847.16,Entertainment,P2M,Delhi,Android_Phone,AmazonPay,0,
TXN05807,2026-03-09 14:48:20,USR00402,USR00491,1573.81,Education,P2P,Kolkata,Tablet,PhonePe,0,
TXN02907,2026-03-09 14:54:08,USR00172,USR00102,1428.35,Rent,P2P,Surat,Tablet,Paytm,0,
TXN09769,2026-03-09 15:08:33,USR00109,USR00139,132.97,Travel,P2P,Ahmedabad,Web,PhonePe,1,rapid_burst
TXN03183,2026-03-09 15:28:32,USR00210,USR00324,2622.71,P2P Transfer,P2M,Bengaluru,Web,BHIM,0,
TXN08631,2026-03-09 15:43:21,USR00085,USR00327,400.52,P2P Transfer,P2P,Delhi,iPhone,BHIM,0,
TXN00886,2026-03-09 15:51:03,USR00275,USR00336,14693.49,Rent,P2M,Bengaluru,iPhone,PhonePe,0,
TXN04967,2026-03-09 15:53:18,USR00160,USR00060,10205.65,Rent,P2M,Lucknow,Web,Paytm,0,
TXN09535,2026-03-09 16:10:47,USR00384,USR00313,2312.7,Travel,P2P,Jaipur,Web,BHIM,1,high_amount
TXN09561,2026-03-09 16:43:40,USR00310,USR00241,2037.87,Education,P2M,Pune,Web,Paytm,1,"new_location,new_device"
TXN00647,2026-03-09 16:44:19,USR00240,USR00219,562.84,Healthcare,P2M,Delhi,Web,BHIM,0,
TXN04540,2026-03-09 16:50:33,USR00351,USR00162,365.56,Food Delivery,P2M,Ahmedabad,Web,AmazonPay,0,
TXN02764,2026-03-09 17:24:11,USR00095,USR00328,74.43,Healthcare,P2P,Delhi,Tablet,GPay,0,
TXN00818,2026-03-09 17:24:32,USR00178,USR00354,304.37,Utilities,P2P,Surat,Web,GPay,0,
TXN04585,2026-03-09 17:28:42,USR00159,USR00291,6813.52,Entertainment,P2M,Kolkata,Android_Phone,PhonePe,0,
TXN06578,2026-03-09 17:47:30,USR00279,USR00360,3386.37,Utilities,P2P,Delhi,iPhone,BHIM,0,
TXN00601,2026-03-09 17:59:32,USR00247,USR00440,4642.63,Utilities,P2M,Lucknow,Tablet,PhonePe,0,
TXN00588,2026-03-09 18:19:44,USR00194,USR00300,5177.91,Shopping,P2P,Delhi,Android_Phone,AmazonPay,0,
TXN07953,2026-03-09 18:43:17,USR00072,USR00165,1676.58,Rent,P2P,Delhi,Tablet,BHIM,0,
TXN00396,2026-03-09 18:44:30,USR00164,USR00369,233.69,Education,P2M,Lucknow,Android_Phone,BHIM,0,
TXN02113,2026-03-09 18:47:07,USR00374,USR00003,12796.98,Healthcare,P2M,Ahmedabad,Tablet,PhonePe,0,
TXN01620,2026-03-09 19:00:09,USR00321,USR00242,97.56,Fuel,P2M,Jaipur,Android_Phone,GPay,0,
TXN08285,2026-03-09 19:12:44,USR00419,USR00200,2612.58,Travel,P2P,Mumbai,iPhone,BHIM,0,
TXN00631,2026-03-09 19:21:38,USR00091,USR00345,125.09,Rent,P2M,Surat,Tablet,GPay,0,
TXN04666,2026-03-09 19:26:40,USR00382,USR00209,1156.73,Shopping,P2M,Delhi,iPhone,Paytm,0,
TXN01498,2026-03-09 19:29:41,USR00281,USR00290,91.79,Fuel,P2M,Nagpur,Android_Phone,PhonePe,0,
TXN07974,2026-03-09 19:53:31,USR00191,USR00213,77.93,Food Delivery,P2P,Jaipur,Tablet,Paytm,0,
TXN00421,2026-03-09 20:04:29,USR00149,USR00093,875.01,Fuel,P2P,Jaipur,iPhone,GPay,0,
TXN01806,2026-03-09 20:07:44,USR00196,USR00157,407.44,Travel,P2M,Hyderabad,Web,Paytm,0,
TXN08713,2026-03-09 20:12:10,USR00457,USR00118,6174.21,Healthcare,P2P,Lucknow,Web,GPay,0,
TXN02662,2026-03-09 20:12:53,USR00376,USR00293,17111.27,Utilities,P2M,Surat,iPhone,AmazonPay,0,
TXN06057,2026-03-09 20:13:15,USR00343,USR00355,2514.54,Utilities,P2P,Nagpur,iPhone,Paytm,0,
TXN06508,2026-03-09 20:18:34,USR00380,USR00066,13909.34,Healthcare,P2M,Jaipur,Android_Phone,AmazonPay,0,
TXN00731,2026-03-09 20:22:25,USR00309,USR00351,5870.05,Food Delivery,P2P,Chennai,iPhone,BHIM,0,
TXN03484,2026-03-09 20:24:48,USR00235,USR00363,1638.67,Grocery,P2P,Pune,iPhone,BHIM,0,
TXN01556,2026-03-09 20:37:39,USR00271,USR00218,237.14,Shopping,P2M,Nagpur,Tablet,PhonePe,0,
TXN07393,2026-03-09 20:38:46,USR00067,USR00115,327.77,Fuel,P2M,Kolkata,iPhone,PhonePe,0,
TXN08500,2026-03-09 20:43:36,USR00355,USR00395,1080.1,Utilities,P2P,Delhi,Android_Phone,AmazonPay,0,
TXN02240,2026-03-09 20:45:38,USR00442,USR00075,2053.91,Shopping,P2M,Pune,Android_Phone,Paytm,0,
TXN09645,2026-03-09 21:24:35,USR00483,USR00109,12891.24,Rent,P2P,Nagpur,iPhone,AmazonPay,1,new_receiver
TXN01678,2026-03-09 21:27:13,USR00369,USR00256,534.67,Entertainment,P2M,Bengaluru,Web,AmazonPay,0,
TXN07795,2026-03-09 21:38:02,USR00488,USR00353,219.23,Travel,P2M,Bengaluru,Tablet,BHIM,0,
TXN02381,2026-03-09 21:46:47,USR00152,USR00485,388.39,Food Delivery,P2M,Mumbai,Android_Phone,AmazonPay,0,
TXN04491,2026-03-09 22:02:44,USR00155,USR00062,52.98,Grocery,P2M,Chennai,Android_Phone,BHIM,0,
TXN08862,2026-03-09 22:04:39,USR00132,USR00154,7949.35,Entertainment,P2P,Delhi,Tablet,PhonePe,0,
TXN05762,2026-03-09 22:09:08,USR00140,USR00367,687.16,Grocery,P2M,Hyderabad,Web,BHIM,0,
TXN01284,2026-03-09 22:13:15,USR00068,USR00239,1299.63,Shopping,P2P,Ahmedabad,Web,Paytm,0,
TXN07180,2026-03-09 22:15:36,USR00383,USR00352,141.99,Grocery,P2P,Kolkata,Android_Phone,BHIM,0,
TXN02487,2026-03-09 22:26:20,USR00114,USR00040,381.52,Healthcare,P2P,Kolkata,iPhone,Paytm,0,
TXN04236,2026-03-09 22:40:16,USR00140,USR00353,125.76,Entertainment,P2P,Hyderabad,Web,BHIM,0,
TXN09955,2026-03-10 02:23:17,USR00196,USR00157,491.6,Travel,P2P,Hyderabad,Web,Paytm,1,odd_hour
TXN09630,2026-03-10 03:49:25,USR00338,USR00100,163.25,Utilities,P2P,Delhi,Tablet,BHIM,1,odd_hour
TXN04357,2026-03-10 06:00:41,USR00247,USR00044,2561.65,P2P Transfer,P2P,Lucknow,Tablet,PhonePe,0,
TXN03403,2026-03-10 06:07:28,USR00010,USR00080,11379.24,Rent,P2P,Surat,Web,BHIM,0,
TXN04537,2026-03-10 06:10:31,USR00191,USR00213,116.99,Rent,P2P,Jaipur,Tablet,Paytm,0,
TXN03519,2026-03-10 06:24:24,USR00448,USR00318,6722.86,Entertainment,P2M,Jaipur,Web,GPay,0,
TXN02820,2026-03-10 06:43:57,USR00371,USR00135,499.27,Rent,P2P,Pune,Tablet,PhonePe,0,
TXN06367,2026-03-10 06:43:59,USR00211,USR00067,9427.49,Education,P2M,Hyderabad,Web,PhonePe,0,
TXN01297,2026-03-10 06:58:39,USR00212,USR00197,397.9,Utilities,P2M,Lucknow,Android_Phone,BHIM,0,
TXN00607,2026-03-10 07:15:18,USR00114,USR00205,421.77,Rent,P2P,Kolkata,iPhone,Paytm,0,
TXN03135,2026-03-10 07:18:43,USR00165,USR00214,98.51,Shopping,P2P,Mumbai,iPhone,PhonePe,0,
TXN09565,2026-03-10 07:19:00,USR00273,USR00400,88622.34,P2P Transfer,P2M,Surat,iPhone,BHIM,1,high_amount
TXN06447,2026-03-10 07:19:04,USR00109,USR00212,141.58,Shopping,P2P,Ahmedabad,Web,PhonePe,0,
TXN05311,2026-03-10 07:34:00,USR00206,USR00350,6944.95,Shopping,P2P,Pune,iPhone,Paytm,0,
TXN09557,2026-03-10 07:36:47,USR00092,USR00484,108644.57,Utilities,P2P,Bengaluru,Android_Phone,Paytm,1,high_amount
TXN04515,2026-03-10 07:43:41,USR00270,USR00047,243.15,Education,P2M,Pune,Android_Phone,Paytm,0,
TXN01033,2026-03-10 07:47:25,USR00182,USR00414,1653.43,Utilities,P2P,Delhi,Tablet,BHIM,0,
TXN04405,2026-03-10 07:59:50,USR00143,USR00070,2510.16,Travel,P2P,Chennai,Web,Paytm,0,
TXN07301,2026-03-10 08:03:03,USR00476,USR00370,14709.98,Entertainment,P2M,Delhi,Android_Phone,AmazonPay,0,
TXN00068,2026-03-10 08:11:10,USR00379,USR00197,420.17,Education,P2P,Pune,Android_Phone,AmazonPay,0,
TXN09642,2026-03-10 08:12:43,USR00272,USR00255,9039.29,Healthcare,P2P,Lucknow,Tablet,AmazonPay,1,new_device
TXN04093,2026-03-10 08:16:26,USR00409,USR00449,179.79,Travel,P2M,Delhi,Android_Phone,BHIM,0,
TXN06241,2026-03-10 08:20:39,USR00446,USR00350,4411.85,Grocery,P2M,Pune,Android_Phone,GPay,0,
TXN08642,2026-03-10 08:45:51,USR00203,USR00317,555.43,Entertainment,P2M,Delhi,Android_Phone,Paytm,0,
TXN07930,2026-03-10 08:47:53,USR00319,USR00258,522.24,Rent,P2M,Nagpur,iPhone,PhonePe,0,
TXN03668,2026-03-10 08:49:57,USR00399,USR00352,7806.29,Education,P2P,Delhi,Tablet,PhonePe,0,
TXN02457,2026-03-10 08:53:39,USR00051,USR00055,11464.01,Grocery,P2P,Bengaluru,Android_Phone,Paytm,0,
TXN07959,2026-03-10 08:55:57,USR00004,USR00035,1459.38,Education,P2M,Lucknow,Web,PhonePe,0,
TXN01650,2026-03-10 08:56:14,USR00265,USR00121,308.96,Shopping,P2P,Surat,Tablet,Paytm,0,
TXN08897,2026-03-10 08:57:32,USR00099,USR00113,1538.78,Fuel,P2P,Ahmedabad,Android_Phone,AmazonPay,0,
TXN05984,2026-03-10 08:58:12,USR00466,USR00393,140.12,Food Delivery,P2P,Kolkata,Android_Phone,BHIM,0,
TXN08262,2026-03-10 09:08:28,USR00138,USR00188,15537.7,Entertainment,P2M,Surat,Android_Phone,BHIM,0,
TXN02558,2026-03-10 09:12:31,USR00396,USR00103,4718.58,Shopping,P2P,Hyderabad,iPhone,PhonePe,0,
TXN00338,2026-03-10 09:27:58,USR00400,USR00175,523.74,Grocery,P2P,Pune,Web,Paytm,0,
TXN06319,2026-03-10 10:02:04,USR00236,USR00143,315.51,Food Delivery,P2M,Lucknow,Android_Phone,PhonePe,0,
TXN00347,2026-03-10 10:05:50,USR00390,USR00207,92.63,Travel,P2P,Surat,Web,GPay,0,
TXN05686,2026-03-10 10:28:40,USR00390,USR00265,131.43,Entertainment,P2P,Surat,Web,GPay,0,
TXN09744,2026-03-10 11:07:13,USR00152,USR00485,339.48,Shopping,P2P,Mumbai,Tablet,AmazonPay,1,new_device
TXN01052,2026-03-10 11:08:24,USR00120,USR00469,102.24,Food Delivery,P2P,Jaipur,Tablet,BHIM,0,
TXN04489,2026-03-10 11:13:12,USR00191,USR00209,126.39,Healthcare,P2P,Jaipur,Tablet,Paytm,0,
TXN03368,2026-03-10 11:45:46,USR00152,USR00023,190.61,Shopping,P2M,Mumbai,Android_Phone,AmazonPay,0,
TXN06759,2026-03-10 11:59:45,USR00245,USR00045,2152.73,Rent,P2M,Delhi,Tablet,GPay,0,
TXN00609,2026-03-10 12:07:00,USR00421,USR00348,1972.66,Fuel,P2M,Jaipur,Android_Phone,Paytm,0,
TXN06206,2026-03-10 12:08:52,USR00188,USR00304,3141.9,Utilities,P2M,Pune,Android_Phone,GPay,0,
TXN05531,2026-03-10 12:54:30,USR00409,USR00449,150.32,Grocery,P2P,Delhi,Android_Phone,BHIM,0,
TXN03983,2026-03-10 12:57:51,USR00130,USR00191,453.1,P2P Transfer,P2M,Kolkata,iPhone,GPay,0,
TXN03006,2026-03-10 12:58:34,USR00072,USR00165,2198.06,P2P Transfer,P2P,Delhi,Tablet,BHIM,0,
TXN03318,2026-03-10 13:17:25,USR00305,USR00364,554.7,Utilities,P2P,Hyderabad,iPhone,Paytm,0,
TXN02695,2026-03-10 13:23:47,USR00447,USR00411,1050.65,Healthcare,P2P,Mumbai,Web,BHIM,0,
TXN01565,2026-03-10 13:42:35,USR00254,USR00006,1865.61,Food Delivery,P2P,Hyderabad,Android_Phone,PhonePe,0,
TXN08166,2026-03-10 13:46:59,USR00190,USR00485,2089.2,Healthcare,P2P,Kolkata,iPhone,AmazonPay,0,
TXN00746,2026-03-10 14:00:59,USR00097,USR00338,2368.74,Entertainment,P2P,Bengaluru,Web,GPay,0,
TXN01647,2026-03-10 14:29:59,USR00151,USR00314,320.88,P2P Transfer,P2P,Surat,iPhone,PhonePe,0,
TXN06423,2026-03-10 14:31:30,USR00286,USR00360,474.07,Grocery,P2M,Chennai,Android_Phone,PhonePe,0,
TXN10184,2026-03-10 14:48:00,USR00418,USR00190,3792.44,Entertainment,P2P,Kolkata,Web,BHIM,1,rapid_burst
TXN07040,2026-03-10 14:48:57,USR00004,USR00035,1310.41,Food Delivery,P2P,Lucknow,Web,PhonePe,0,
TXN10185,2026-03-10 14:49:00,USR00418,USR00409,3093.06,Travel,P2M,Kolkata,Web,BHIM,1,rapid_burst
TXN10186,2026-03-10 14:52:00,USR00418,USR00190,4067.64,Grocery,P2M,Kolkata,Web,BHIM,1,rapid_burst
TXN10187,2026-03-10 14:54:00,USR00418,USR00255,5487.87,Education,P2P,Kolkata,Web,BHIM,1,rapid_burst
TXN09543,2026-03-10 14:57:26,USR00426,USR00178,73.14,Food Delivery,P2P,Jaipur,Web,Paytm,1,rapid_burst
TXN10188,2026-03-10 15:00:00,USR00418,USR00190,3736.13,P2P Transfer,P2M,Kolkata,Web,BHIM,1,rapid_burst
TXN10189,2026-03-10 15:03:00,USR00418,USR00402,3731.43,Shopping,P2P,Kolkata,Web,BHIM,1,rapid_burst
TXN05696,2026-03-10 15:03:55,USR00216,USR00493,912.03,P2P Transfer,P2P,Chennai,Tablet,Paytm,0,
TXN03931,2026-03-10 15:09:56,USR00175,USR00169,2223.24,Healthcare,P2M,Bengaluru,Tablet,PhonePe,0,
TXN01353,2026-03-10 15:12:52,USR00160,USR00191,11769.08,Shopping,P2P,Lucknow,Web,Paytm,0,
TXN02312,2026-03-10 15:13:50,USR00313,USR00398,1317.79,Entertainment,P2M,Chennai,iPhone,Paytm,0,
TXN03449,2026-03-10 15:24:05,USR00119,USR00031,194.64,Entertainment,P2P,Chennai,iPhone,GPay,0,
TXN07130,2026-03-10 15:26:15,USR00310,USR00241,4164.56,P2P Transfer,P2M,Hyderabad,iPhone,Paytm,0,
TXN08061,2026-03-10 15:46:27,USR00233,USR00396,7177.83,P2P Transfer,P2M,Lucknow,Android_Phone,AmazonPay,0,
TXN00010,2026-03-10 15:49:00,USR00462,USR00313,2703.15,Education,P2M,Hyderabad,Web,GPay,0,
TXN01102,2026-03-10 15:52:11,USR00326,USR00378,464.15,Food Delivery,P2P,Chennai,Web,GPay,0,
TXN03707,2026-03-10 15:54:02,USR00277,USR00308,14131.15,Entertainment,P2M,Bengaluru,Web,PhonePe,0,
TXN01250,2026-03-10 16:03:52,USR00096,USR00119,1879.31,Healthcare,P2P,Delhi,iPhone,Paytm,0,
TXN06036,2026-03-10 16:15:12,USR00483,USR00198,11613.7,Healthcare,P2M,Nagpur,iPhone,AmazonPay,0,
TXN02089,2026-03-10 16:16:11,USR00054,USR00165,2235.89,Grocery,P2P,Ahmedabad,Tablet,PhonePe,0,
TXN01216,2026-03-10 16:37:08,USR00164,USR00087,150.75,Travel,P2M,Lucknow,Android_Phone,BHIM,0,
TXN06585,2026-03-10 16:49:54,USR00110,USR00112,239.44,Entertainment,P2P,Jaipur,Tablet,GPay,0,
TXN08352,2026-03-10 16:52:13,USR00104,USR00468,177.44,Utilities,P2P,Surat,Web,Paytm,0,
TXN09348,2026-03-10 17:09:21,USR00197,USR00160,6625.82,Entertainment,P2P,Chennai,Tablet,GPay,0,
TXN00021,2026-03-10 17:14:24,USR00154,USR00073,2949.24,Education,P2M,Ahmedabad,Tablet,Paytm,0,
TXN03259,2026-03-10 17:21:16,USR00158,USR00055,508.63,Utilities,P2M,Lucknow,Tablet,BHIM,0,
TXN09520,2026-03-10 17:42:44,USR00009,USR00195,3531.6,Rent,P2M,Lucknow,Tablet,AmazonPay,1,rapid_burst
TXN06641,2026-03-10 17:48:59,USR00464,USR00058,1608.67,Fuel,P2M,Nagpur,iPhone,BHIM,0,
TXN08852,2026-03-10 17:59:01,USR00263,USR00214,7189.58,P2P Transfer,P2P,Pune,Android_Phone,PhonePe,0,
TXN02915,2026-03-10 18:14:01,USR00276,USR00162,3070.74,Entertainment,P2P,Bengaluru,Web,Paytm,0,
TXN06611,2026-03-10 18:38:01,USR00067,USR00278,553.55,Rent,P2P,Kolkata,iPhone,PhonePe,0,
TXN09256,2026-03-10 18:39:43,USR00265,USR00121,320.87,Grocery,P2P,Surat,Tablet,Paytm,0,
TXN02586,2026-03-10 18:41:48,USR00386,USR00260,359.92,Education,P2P,Delhi,iPhone,Paytm,0,
TXN02437,2026-03-10 18:48:54,USR00088,USR00046,1525.55,P2P Transfer,P2M,Lucknow,Android_Phone,Paytm,0,
TXN09032,2026-03-10 19:13:59,USR00432,USR00375,95.96,P2P Transfer,P2P,Jaipur,Web,Paytm,0,
TXN02834,2026-03-10 19:27:02,USR00025,USR00477,2542.03,Education,P2M,Surat,Android_Phone,PhonePe,0,
TXN09248,2026-03-10 19:31:12,USR00347,USR00195,1782.05,Travel,P2P,Nagpur,Web,BHIM,0,
TXN08464,2026-03-10 19:45:38,USR00025,USR00480,1805.12,Education,P2M,Surat,Android_Phone,PhonePe,0,
TXN08951,2026-03-10 19:47:26,USR00322,USR00368,424.29,Food Delivery,P2P,Kolkata,iPhone,AmazonPay,0,
TXN04146,2026-03-10 19:54:04,USR00244,USR00303,13010.43,P2P Transfer,P2M,Ahmedabad,iPhone,PhonePe,0,
TXN01652,2026-03-10 20:05:16,USR00173,USR00471,790.12,Fuel,P2P,Jaipur,iPhone,PhonePe,0,
TXN01069,2026-03-10 20:07:45,USR00490,USR00073,297.25,Rent,P2P,Ahmedabad,Tablet,AmazonPay,0,
TXN04830,2026-03-10 20:09:25,USR00224,USR00011,247.13,Rent,P2M,Mumbai,Web,Paytm,0,
TXN04912,2026-03-10 20:13:26,USR00469,USR00044,568.16,P2P Transfer,P2P,Mumbai,iPhone,GPay,0,
TXN04897,2026-03-10 20:20:28,USR00288,USR00105,13967.01,P2P Transfer,P2P,Pune,Tablet,PhonePe,0,
TXN01125,2026-03-10 20:31:18,USR00016,USR00442,114.92,Fuel,P2P,Surat,Android_Phone,GPay,0,
TXN09793,2026-03-10 20:32:50,USR00062,USR00129,368.01,Education,P2M,Chennai,Android_Phone,BHIM,1,new_device
TXN09560,2026-03-10 20:35:52,USR00337,USR00324,2156.67,Grocery,P2M,Chennai,Web,Paytm,1,new_device
TXN06080,2026-03-10 20:46:31,USR00098,USR00026,12795.2,Fuel,P2M,Mumbai,Web,BHIM,0,
TXN01953,2026-03-10 20:48:49,USR00426,USR00178,135.91,Healthcare,P2P,Jaipur,Web,Paytm,0,
TXN09007,2026-03-10 20:55:51,USR00355,USR00489,2736.22,P2P Transfer,P2P,Delhi,Android_Phone,AmazonPay,0,
TXN01016,2026-03-10 21:04:22,USR00305,USR00364,629.75,Rent,P2P,Hyderabad,iPhone,Paytm,0,
TXN09919,2026-03-10 21:10:04,USR00075,USR00361,2315.72,Utilities,P2P,Ahmedabad,iPhone,BHIM,1,rapid_burst
TXN05486,2026-03-10 21:15:05,USR00122,USR00304,507.54,Education,P2M,Hyderabad,Web,Paytm,0,
TXN04055,2026-03-10 21:16:00,USR00253,USR00122,389.12,Grocery,P2M,Hyderabad,Android_Phone,PhonePe,0,
TXN08406,2026-03-10 21:27:50,USR00353,USR00342,370.87,Food Delivery,P2M,Jaipur,Tablet,Paytm,0,
TXN04841,2026-03-10 21:55:32,USR00197,USR00189,7228.02,Healthcare,P2M,Chennai,Tablet,GPay,0,
TXN02649,2026-03-10 21:57:17,USR00337,USR00493,3695.73,Utilities,P2M,Chennai,Android_Phone,Paytm,0,
TXN02166,2026-03-10 22:04:01,USR00416,USR00056,12104.8,Fuel,P2P,Bengaluru,Android_Phone,BHIM,0,
TXN09218,2026-03-10 22:04:10,USR00480,USR00016,471.81,Healthcare,P2M,Nagpur,Web,GPay,0,
TXN08657,2026-03-10 22:12:28,USR00442,USR00067,2164.53,Grocery,P2P,Pune,Android_Phone,Paytm,0,
TXN04129,2026-03-10 22:18:28,USR00354,USR00370,2768.71,Fuel,P2P,Hyderabad,Tablet,Paytm,0,
TXN01458,2026-03-10 22:21:09,USR00477,USR00408,202.2,P2P Transfer,P2P,Surat,Web,PhonePe,0,
TXN03822,2026-03-10 22:46:22,USR00208,USR00223,692.42,Travel,P2M,Mumbai,Web,GPay,0,
TXN10190,2026-03-11 01:32:00,USR00130,USR00191,717.33,Travel,P2P,Kolkata,iPhone,GPay,1,rapid_burst
TXN10191,2026-03-11 01:34:00,USR00130,USR00114,531.69,Rent,P2M,Kolkata,iPhone,GPay,1,rapid_burst
TXN10192,2026-03-11 01:34:00,USR00130,USR00114,834.97,Utilities,P2M,Kolkata,iPhone,GPay,1,rapid_burst
TXN07486,2026-03-11 06:45:42,USR00191,USR00076,123.01,Fuel,P2M,Jaipur,Tablet,Paytm,0,
TXN03126,2026-03-11 06:48:17,USR00357,USR00037,10816.04,P2P Transfer,P2P,Mumbai,Web,PhonePe,0,
TXN02628,2026-03-11 07:00:42,USR00086,USR00011,3398.52,Food Delivery,P2P,Kolkata,iPhone,BHIM,0,
TXN03950,2026-03-11 07:02:23,USR00015,USR00370,2877.43,Shopping,P2P,Hyderabad,iPhone,AmazonPay,0,
TXN00656,2026-03-11 07:06:04,USR00144,USR00287,212.57,P2P Transfer,P2P,Jaipur,Tablet,Paytm,0,
TXN02856,2026-03-11 07:16:15,USR00410,USR00158,1156.54,Rent,P2P,Delhi,iPhone,BHIM,0,
TXN08188,2026-03-11 07:24:21,USR00424,USR00476,1530.53,Education,P2M,Surat,Android_Phone,GPay,0,
TXN00302,2026-03-11 07:37:16,USR00011,USR00101,10475.1,Entertainment,P2M,Surat,Web,AmazonPay,0,
TXN01780,2026-03-11 07:49:42,USR00244,USR00067,13530.17,Grocery,P2M,Ahmedabad,iPhone,PhonePe,0,
TXN07355,2026-03-11 08:00:24,USR00380,USR00385,13586.88,Grocery,P2M,Jaipur,Android_Phone,AmazonPay,0,
TXN03202,2026-03-11 08:13:13,USR00418,USR00409,2965.5,Healthcare,P2M,Kolkata,Web,BHIM,0,
TXN07789,2026-03-11 08:22:07,USR00319,USR00258,1080.27,Education,P2M,Nagpur,iPhone,PhonePe,0,
TXN03913,2026-03-11 08:25:25,USR00243,USR00320,14174.69,P2P Transfer,P2P,Chennai,Android_Phone,Paytm,0,
TXN08421,2026-03-11 08:31:33,USR00466,USR00492,273.87,P2P Transfer,P2P,Kolkata,Android_Phone,BHIM,0,
TXN09247,2026-03-11 08:35:41,USR00045,USR00105,12841.75,Food Delivery,P2M,Kolkata,Tablet,BHIM,0,
TXN09782,2026-03-11 08:40:06,USR00024,USR00450,18436.21,Utilities,P2P,Chennai,iPhone,Paytm,1,high_amount
TXN06246,2026-03-11 08:41:01,USR00079,USR00269,368.38,Shopping,P2M,Ahmedabad,Android_Phone,BHIM,0,
TXN08409,2026-03-11 08:58:04,USR00123,USR00260,7422.22,Grocery,P2P,Surat,Android_Phone,PhonePe,0,
TXN03116,2026-03-11 09:01:54,USR00014,USR00283,2498.06,Grocery,P2M,Mumbai,Web,GPay,0,
TXN02059,2026-03-11 09:03:21,USR00207,USR00153,16747.5,Grocery,P2M,Nagpur,iPhone,PhonePe,0,
TXN04028,2026-03-11 09:41:15,USR00086,USR00011,2733.3,Rent,P2P,Kolkata,iPhone,BHIM,0,
TXN05016,2026-03-11 10:29:34,USR00101,USR00150,78.7,Rent,P2M,Kolkata,Web,GPay,0,
TXN05249,2026-03-11 10:34:54,USR00369,USR00203,363.69,Fuel,P2M,Bengaluru,Web,AmazonPay,0,
TXN02427,2026-03-11 10:38:26,USR00437,USR00482,515.88,Healthcare,P2P,Pune,iPhone,Paytm,0,
TXN08900,2026-03-11 11:19:06,USR00180,USR00348,1146.15,Utilities,P2M,Jaipur,Tablet,AmazonPay,0,
TXN01135,2026-03-11 11:22:04,USR00399,USR00352,10187.14,Fuel,P2P,Delhi,Tablet,PhonePe,0,
TXN09355,2026-03-11 11:36:29,USR00126,USR00383,445.39,Entertainment,P2M,Ahmedabad,iPhone,AmazonPay,0,
TXN01410,2026-03-11 11:40:06,USR00422,USR00184,1044.74,Grocery,P2P,Ahmedabad,Web,PhonePe,0,
TXN02798,2026-03-11 11:47:05,USR00176,USR00218,268.52,Food Delivery,P2M,Bengaluru,iPhone,AmazonPay,0,
TXN02721,2026-03-11 11:55:25,USR00391,USR00294,120.52,Education,P2P,Pune,Web,GPay,0,
TXN05815,2026-03-11 12:07:06,USR00454,USR00105,183.24,Shopping,P2M,Ahmedabad,Web,PhonePe,0,
TXN03674,2026-03-11 12:15:49,USR00222,USR00053,126.96,Healthcare,P2P,Chennai,iPhone,Paytm,0,
TXN02303,2026-03-11 12:26:34,USR00445,USR00012,1810.21,Healthcare,P2M,Pune,Web,Paytm,0,
TXN06028,2026-03-11 12:36:24,USR00450,USR00363,385.32,Grocery,P2M,Kolkata,iPhone,AmazonPay,0,
TXN03388,2026-03-11 12:54:54,USR00050,USR00058,467.37,Education,P2M,Pune,iPhone,AmazonPay,0,
TXN06981,2026-03-11 12:57:29,USR00189,USR00257,12985.43,Shopping,P2P,Mumbai,iPhone,AmazonPay,0,
TXN01791,2026-03-11 12:57:59,USR00443,USR00066,1415.73,Food Delivery,P2M,Delhi,Web,PhonePe,0,
TXN07964,2026-03-11 12:59:42,USR00111,USR00003,684.94,Entertainment,P2P,Hyderabad,iPhone,BHIM,0,
TXN08603,2026-03-11 13:13:05,USR00446,USR00079,3294.14,Rent,P2M,Pune,Android_Phone,GPay,0,
TXN05081,2026-03-11 13:43:05,USR00324,USR00120,7855.68,Travel,P2P,Nagpur,iPhone,GPay,0,
TXN00106,2026-03-11 14:10:34,USR00190,USR00285,2033.34,Food Delivery,P2P,Kolkata,iPhone,AmazonPay,0,
TXN07441,2026-03-11 14:20:54,USR00350,USR00363,325.67,Healthcare,P2M,Bengaluru,iPhone,PhonePe,0,
TXN06744,2026-03-11 14:24:07,USR00398,USR00384,17093.27,Fuel,P2P,Kolkata,Web,GPay,0,
TXN02453,2026-03-11 14:29:01,USR00073,USR00281,582.23,Travel,P2M,Surat,Tablet,PhonePe,0,
TXN06561,2026-03-11 14:34:07,USR00064,USR00397,726.32,Grocery,P2P,Lucknow,Tablet,BHIM,0,
TXN03598,2026-03-11 14:50:47,USR00064,USR00316,354.47,Entertainment,P2P,Lucknow,Tablet,BHIM,0,
TXN08959,2026-03-11 14:51:36,USR00159,USR00287,5704.0,Shopping,P2M,Kolkata,Android_Phone,PhonePe,0,
TXN03308,2026-03-11 14:57:31,USR00368,USR00393,987.73,Fuel,P2M,Lucknow,Android_Phone,AmazonPay,0,
TXN06560,2026-03-11 15:11:40,USR00310,USR00241,2161.13,Entertainment,P2M,Hyderabad,iPhone,Paytm,0,
TXN03690,2026-03-11 15:14:48,USR00395,USR00181,1451.24,Entertainment,P2P,Delhi,Web,AmazonPay,0,
TXN02056,2026-03-11 15:27:02,USR00207,USR00083,15710.67,Education,P2P,Nagpur,iPhone,PhonePe,0,
TXN06412,2026-03-11 15:33:27,USR00249,USR00459,15422.76,P2P Transfer,P2M,Nagpur,iPhone,PhonePe,0,
TXN01455,2026-03-11 15:35:20,USR00351,USR00183,225.78,Education,P2P,Ahmedabad,Web,AmazonPay,0,
TXN01812,2026-03-11 15:40:21,USR00379,USR00103,355.7,Healthcare,P2M,Pune,Android_Phone,AmazonPay,0,
TXN02479,2026-03-11 15:56:25,USR00087,USR00317,89.93,Entertainment,P2M,Pune,Web,Paytm,0,
TXN02612,2026-03-11 16:01:55,USR00031,USR00403,943.25,Education,P2M,Hyderabad,iPhone,BHIM,0,
TXN05169,2026-03-11 16:03:46,USR00241,USR00023,4421.46,Rent,P2P,Chennai,Tablet,BHIM,0,
TXN00853,2026-03-11 16:13:31,USR00039,USR00101,4363.91,Shopping,P2M,Surat,iPhone,GPay,0,
TXN00868,2026-03-11 16:18:21,USR00043,USR00248,1560.78,Grocery,P2M,Pune,Web,PhonePe,0,
TXN05679,2026-03-11 16:32:40,USR00188,USR00034,3516.57,Travel,P2M,Pune,Android_Phone,GPay,0,
TXN09243,2026-03-11 16:34:21,USR00220,USR00336,94.37,Healthcare,P2P,Delhi,Android_Phone,PhonePe,0,
TXN07948,2026-03-11 16:39:46,USR00178,USR00354,264.04,P2P Transfer,P2P,Surat,Web,GPay,0,
TXN09277,2026-03-11 16:50:35,USR00053,USR00250,10231.46,Grocery,P2M,Mumbai,Web,Paytm,0,
TXN08825,2026-03-11 16:51:33,USR00152,USR00023,178.81,Shopping,P2P,Mumbai,Android_Phone,AmazonPay,0,
TXN02249,2026-03-11 16:53:01,USR00400,USR00241,228.64,Travel,P2M,Pune,Web,Paytm,0,
TXN01651,2026-03-11 16:56:04,USR00260,USR00488,3922.8,Travel,P2P,Pune,iPhone,Paytm,0,
TXN08812,2026-03-11 16:56:24,USR00291,USR00283,8291.83,Rent,P2M,Lucknow,Tablet,BHIM,0,
TXN04723,2026-03-11 17:04:44,USR00319,USR00301,1120.21,Education,P2P,Nagpur,iPhone,PhonePe,0,
TXN08511,2026-03-11 17:31:38,USR00146,USR00185,260.84,Fuel,P2P,Nagpur,iPhone,PhonePe,0,
TXN00164,2026-03-11 17:34:01,USR00277,USR00019,9447.13,Healthcare,P2P,Bengaluru,Web,PhonePe,0,
TXN08201,2026-03-11 18:19:51,USR00152,USR00485,235.93,P2P Transfer,P2M,Mumbai,Android_Phone,AmazonPay,0,
TXN01872,2026-03-11 18:23:24,USR00281,USR00394,113.64,Utilities,P2P,Nagpur,Android_Phone,PhonePe,0,
TXN09212,2026-03-11 18:23:47,USR00466,USR00373,372.2,Education,P2P,Kolkata,Android_Phone,BHIM,0,
TXN09369,2026-03-11 18:26:32,USR00332,USR00434,15436.63,Fuel,P2P,Surat,Android_Phone,BHIM,0,
TXN03935,2026-03-11 18:27:32,USR00410,USR00158,2223.13,Food Delivery,P2P,Delhi,iPhone,BHIM,0,
TXN01912,2026-03-11 18:54:10,USR00263,USR00121,4346.08,Food Delivery,P2M,Pune,Android_Phone,PhonePe,0,
TXN09502,2026-03-11 19:07:15,USR00287,USR00136,4107.17,Shopping,P2M,Surat,Web,BHIM,1,new_receiver
TXN09700,2026-03-11 19:43:04,USR00460,USR00368,609.84,P2P Transfer,P2M,Lucknow,Web,AmazonPay,1,new_device
TXN05939,2026-03-11 19:46:02,USR00127,USR00393,1689.58,Education,P2P,Surat,Web,AmazonPay,0,
TXN04209,2026-03-11 19:53:44,USR00268,USR00346,4268.58,Rent,P2M,Kolkata,Web,GPay,0,
TXN05126,2026-03-11 20:26:50,USR00285,USR00487,5163.58,Rent,P2P,Mumbai,Web,Paytm,0,
TXN07013,2026-03-11 20:33:16,USR00344,USR00433,245.22,Rent,P2M,Surat,Tablet,AmazonPay,0,
TXN07890,2026-03-11 20:42:48,USR00108,USR00189,6880.73,Entertainment,P2P,Chennai,Tablet,Paytm,0,
TXN05281,2026-03-11 20:45:28,USR00126,USR00119,442.8,Healthcare,P2M,Ahmedabad,iPhone,AmazonPay,0,
TXN01655,2026-03-11 21:05:47,USR00369,USR00046,317.54,Education,P2P,Bengaluru,Web,AmazonPay,0,
TXN06421,2026-03-11 21:10:35,USR00122,USR00066,381.94,Shopping,P2M,Hyderabad,Web,Paytm,0,
TXN09202,2026-03-11 21:30:18,USR00499,USR00207,1013.12,Food Delivery,P2P,Surat,Tablet,BHIM,0,
TXN00108,2026-03-11 21:32:21,USR00496,USR00075,890.17,Education,P2M,Lucknow,iPhone,PhonePe,0,
TXN08893,2026-03-11 21:55:56,USR00318,USR00464,725.56,Entertainment,P2P,Pune,Web,BHIM,0,
TXN05972,2026-03-11 22:01:05,USR00302,USR00348,4857.37,Rent,P2P,Surat,Tablet,PhonePe,0,
TXN09333,2026-03-11 22:07:55,USR00427,USR00232,983.45,Food Delivery,P2M,Jaipur,Web,AmazonPay,0,
TXN09503,2026-03-11 22:15:56,USR00472,USR00313,4756.15,Fuel,P2P,Nagpur,iPhone,AmazonPay,1,rapid_burst
TXN08126,2026-03-11 22:17:30,USR00481,USR00401,1325.75,P2P Transfer,P2P,Bengaluru,Web,GPay,0,
TXN04133,2026-03-11 22:24:08,USR00475,USR00005,8142.3,Travel,P2M,Chennai,Web,Paytm,0,
TXN06333,2026-03-11 22:29:13,USR00474,USR00012,224.02,Shopping,P2P,Pune,Web,BHIM,0,
TXN02885,2026-03-11 22:45:17,USR00383,USR00161,152.94,Food Delivery,P2M,Kolkata,Android_Phone,BHIM,0,
TXN06100,2026-03-11 22:47:50,USR00477,USR00408,153.32,Fuel,P2P,Surat,Web,PhonePe,0,
TXN05698,2026-03-11 22:58:06,USR00288,USR00105,12931.25,Education,P2P,Pune,Tablet,PhonePe,0,
TXN00407,2026-03-11 22:58:16,USR00437,USR00011,663.32,Entertainment,P2M,Pune,iPhone,Paytm,0,
TXN09509,2026-03-12 00:02:29,USR00074,USR00007,47.86,Healthcare,P2P,Nagpur,Web,AmazonPay,1,"odd_hour,new_device"
TXN09697,2026-03-12 03:24:25,USR00172,USR00387,3440.23,Education,P2P,Surat,Tablet,Paytm,1,odd_hour
TXN08580,2026-03-12 06:03:27,USR00066,USR00118,12455.1,Education,P2P,Nagpur,Tablet,Paytm,0,
TXN01847,2026-03-12 06:12:11,USR00203,USR00076,248.74,Grocery,P2M,Delhi,Android_Phone,Paytm,0,
TXN00610,2026-03-12 06:16:46,USR00166,USR00287,218.3,Healthcare,P2M,Jaipur,iPhone,BHIM,0,
TXN00865,2026-03-12 06:24:46,USR00413,USR00240,329.39,Entertainment,P2M,Jaipur,Android_Phone,AmazonPay,0,
TXN08695,2026-03-12 06:29:50,USR00144,USR00134,94.6,Healthcare,P2M,Jaipur,Tablet,Paytm,0,
TXN06751,2026-03-12 06:33:27,USR00153,USR00247,2931.97,P2P Transfer,P2M,Surat,Web,BHIM,0,
TXN01464,2026-03-12 06:34:17,USR00142,USR00034,15077.96,Food Delivery,P2M,Mumbai,Tablet,Paytm,0,
TXN02027,2026-03-12 06:54:00,USR00154,USR00160,1957.82,Fuel,P2P,Ahmedabad,Tablet,Paytm,0,
TXN02354,2026-03-12 07:22:26,USR00426,USR00290,84.62,Grocery,P2P,Jaipur,Web,Paytm,0,
TXN07753,2026-03-12 07:41:35,USR00009,USR00197,3723.02,Utilities,P2P,Lucknow,Tablet,AmazonPay,0,
TXN03373,2026-03-12 07:47:12,USR00088,USR00374,2320.96,Rent,P2M,Lucknow,Android_Phone,Paytm,0,
TXN05982,2026-03-12 07:58:01,USR00184,USR00457,11992.92,P2P Transfer,P2M,Jaipur,Android_Phone,GPay,0,
TXN07720,2026-03-12 08:06:22,USR00090,USR00202,325.69,Fuel,P2M,Jaipur,Tablet,Paytm,0,
TXN04667,2026-03-12 08:08:46,USR00277,USR00019,14151.36,Education,P2M,Bengaluru,Web,PhonePe,0,
TXN02853,2026-03-12 08:15:12,USR00453,USR00373,63.76,P2P Transfer,P2M,Surat,Tablet,AmazonPay,0,
TXN07306,2026-03-12 08:17:54,USR00329,USR00347,3468.83,Rent,P2P,Kolkata,Android_Phone,AmazonPay,0,
TXN07828,2026-03-12 08:23:33,USR00429,USR00056,5260.21,Food Delivery,P2P,Kolkata,Web,GPay,0,
TXN00846,2026-03-12 08:30:03,USR00349,USR00263,12648.21,Healthcare,P2P,Bengaluru,Android_Phone,BHIM,0,
TXN05274,2026-03-12 08:38:17,USR00419,USR00397,1701.78,Shopping,P2P,Mumbai,iPhone,BHIM,0,
TXN05042,2026-03-12 08:38:58,USR00125,USR00354,111.24,Education,P2P,Bengaluru,iPhone,AmazonPay,0,
TXN06598,2026-03-12 08:58:49,USR00215,USR00440,992.78,Healthcare,P2M,Chennai,Tablet,AmazonPay,0,
TXN09976,2026-03-12 09:07:59,USR00404,USR00286,1775.19,P2P Transfer,P2P,Ahmedabad,Web,AmazonPay,1,new_device
TXN07919,2026-03-12 09:29:30,USR00055,USR00253,46.88,Healthcare,P2P,Lucknow,Tablet,Paytm,0,
TXN03408,2026-03-12 09:39:34,USR00182,USR00262,1112.59,Food Delivery,P2P,Delhi,Tablet,BHIM,0,
TXN03285,2026-03-12 09:58:41,USR00086,USR00151,2908.95,Rent,P2P,Kolkata,iPhone,BHIM,0,
TXN04048,2026-03-12 09:59:09,USR00404,USR00133,2030.0,Healthcare,P2P,Ahmedabad,Android_Phone,AmazonPay,0,
TXN05884,2026-03-12 10:17:22,USR00486,USR00163,230.37,Fuel,P2M,Pune,Android_Phone,Paytm,0,
TXN06473,2026-03-12 10:28:33,USR00390,USR00300,101.2,Travel,P2P,Surat,Web,GPay,0,
TXN09452,2026-03-12 10:40:13,USR00195,USR00492,2768.54,Education,P2P,Jaipur,Android_Phone,BHIM,1,"high_amount,new_location"
TXN03556,2026-03-12 10:40:29,USR00389,USR00261,107.76,Shopping,P2P,Mumbai,iPhone,GPay,0,
TXN07030,2026-03-12 10:43:39,USR00135,USR00336,113.65,Travel,P2M,Chennai,Android_Phone,GPay,0,
TXN08471,2026-03-12 10:46:32,USR00377,USR00092,474.78,Entertainment,P2M,Bengaluru,Android_Phone,BHIM,0,
TXN06928,2026-03-12 10:50:35,USR00026,USR00175,2114.6,P2P Transfer,P2M,Lucknow,Web,Paytm,0,
TXN09836,2026-03-12 11:12:59,USR00428,USR00337,127.55,Rent,P2M,Hyderabad,Web,AmazonPay,1,new_location
TXN08596,2026-03-12 11:19:23,USR00327,USR00375,11334.92,Fuel,P2P,Lucknow,Tablet,Paytm,0,
TXN09814,2026-03-12 11:19:52,USR00487,USR00462,237.03,Grocery,P2P,Mumbai,Android_Phone,GPay,1,new_location
TXN02574,2026-03-12 11:24:44,USR00243,USR00202,10711.98,Healthcare,P2P,Chennai,Android_Phone,Paytm,0,
TXN02932,2026-03-12 11:24:45,USR00015,USR00478,2765.08,Entertainment,P2P,Hyderabad,iPhone,AmazonPay,0,
TXN03463,2026-03-12 11:32:29,USR00140,USR00367,342.79,Entertainment,P2M,Hyderabad,Web,BHIM,0,
TXN07644,2026-03-12 11:33:14,USR00453,USR00373,81.35,Shopping,P2M,Surat,Tablet,AmazonPay,0,
TXN08765,2026-03-12 12:20:39,USR00180,USR00390,1189.12,Entertainment,P2M,Jaipur,Tablet,AmazonPay,0,
TXN07391,2026-03-12 12:35:11,USR00460,USR00160,693.15,Utilities,P2P,Lucknow,Android_Phone,AmazonPay,0,
TXN02350,2026-03-12 12:38:57,USR00204,USR00153,3950.01,Grocery,P2P,Nagpur,iPhone,GPay,0,
TXN09078,2026-03-12 13:07:47,USR00120,USR00190,114.81,Healthcare,P2P,Jaipur,Tablet,BHIM,0,
TXN05623,2026-03-12 13:28:50,USR00198,USR00168,600.47,Utilities,P2M,Bengaluru,Web,AmazonPay,0,
TXN06863,2026-03-12 14:29:12,USR00179,USR00112,1025.27,Travel,P2P,Surat,Android_Phone,PhonePe,0,
TXN08137,2026-03-12 14:59:30,USR00132,USR00154,12044.73,Entertainment,P2M,Delhi,Tablet,PhonePe,0,
TXN07915,2026-03-12 15:23:25,USR00346,USR00444,216.41,Fuel,P2P,Chennai,Android_Phone,AmazonPay,0,
TXN01592,2026-03-12 15:48:34,USR00141,USR00038,15105.96,Travel,P2M,Hyderabad,Tablet,BHIM,0,
TXN03860,2026-03-12 15:51:51,USR00313,USR00041,1898.95,Entertainment,P2M,Chennai,iPhone,Paytm,0,
TXN04554,2026-03-12 15:53:19,USR00307,USR00456,6783.89,Education,P2M,Hyderabad,Web,Paytm,0,
TXN07111,2026-03-12 15:59:56,USR00455,USR00272,2046.85,Fuel,P2M,Chennai,iPhone,GPay,0,
TXN03132,2026-03-12 16:03:08,USR00153,USR00412,2146.9,Shopping,P2P,Surat,Web,BHIM,0,
TXN01398,2026-03-12 16:34:09,USR00191,USR00209,64.14,Rent,P2M,Jaipur,Tablet,Paytm,0,
TXN09280,2026-03-12 16:43:44,USR00143,USR00293,3523.02,Healthcare,P2M,Chennai,Web,Paytm,0,
TXN02767,2026-03-12 16:47:30,USR00110,USR00306,89.77,Travel,P2M,Jaipur,Tablet,GPay,0,
TXN05477,2026-03-12 16:58:31,USR00138,USR00188,13350.87,Entertainment,P2P,Surat,Android_Phone,BHIM,0,
TXN06288,2026-03-12 17:17:35,USR00179,USR00314,1428.99,Travel,P2P,Surat,Android_Phone,PhonePe,0,
TXN04713,2026-03-12 18:07:28,USR00356,USR00396,8957.4,P2P Transfer,P2P,Pune,Android_Phone,BHIM,0,
TXN05556,2026-03-12 18:11:52,USR00166,USR00166,248.39,Grocery,P2P,Jaipur,iPhone,BHIM,0,
TXN03176,2026-03-12 18:12:51,USR00251,USR00030,12122.73,Healthcare,P2M,Mumbai,Android_Phone,BHIM,0,
TXN03905,2026-03-12 18:29:42,USR00337,USR00424,3806.89,Entertainment,P2P,Chennai,Android_Phone,Paytm,0,
TXN03310,2026-03-12 18:34:42,USR00194,USR00389,3947.15,Fuel,P2P,Delhi,Android_Phone,AmazonPay,0,
TXN03869,2026-03-12 18:42:49,USR00209,USR00481,1066.14,Entertainment,P2P,Pune,Tablet,PhonePe,0,
TXN08575,2026-03-12 18:44:07,USR00098,USR00135,11144.25,Food Delivery,P2M,Mumbai,Web,BHIM,0,
TXN00464,2026-03-12 18:53:50,USR00088,USR00067,2090.77,Shopping,P2P,Lucknow,Android_Phone,Paytm,0,
TXN02082,2026-03-12 19:03:04,USR00292,USR00346,232.72,Healthcare,P2M,Jaipur,Android_Phone,PhonePe,0,
TXN08968,2026-03-12 19:07:48,USR00423,USR00404,205.48,Entertainment,P2P,Hyderabad,iPhone,GPay,0,
TXN02741,2026-03-12 19:11:41,USR00307,USR00487,7832.27,Entertainment,P2M,Hyderabad,Web,Paytm,0,
TXN01832,2026-03-12 19:15:46,USR00460,USR00368,690.8,Healthcare,P2P,Lucknow,Android_Phone,AmazonPay,0,
TXN00873,2026-03-12 19:20:04,USR00141,USR00343,10695.65,Utilities,P2M,Hyderabad,Tablet,BHIM,0,
TXN07629,2026-03-12 19:25:26,USR00163,USR00407,886.83,Rent,P2M,Lucknow,Tablet,GPay,0,
TXN02948,2026-03-12 19:32:28,USR00258,USR00186,589.43,Shopping,P2P,Pune,Android_Phone,BHIM,0,
TXN05518,2026-03-12 19:40:40,USR00362,USR00092,362.94,Utilities,P2P,Pune,Web,AmazonPay,0,
TXN07098,2026-03-12 19:44:02,USR00174,USR00152,248.52,Travel,P2M,Mumbai,Web,AmazonPay,0,
TXN04454,2026-03-12 19:51:40,USR00473,USR00314,7076.43,Fuel,P2M,Hyderabad,Web,AmazonPay,0,
TXN07256,2026-03-12 20:23:18,USR00315,USR00102,595.15,Utilities,P2P,Mumbai,Tablet,Paytm,0,
TXN00700,2026-03-12 20:24:07,USR00397,USR00434,1339.47,Education,P2P,Jaipur,Android_Phone,Paytm,0,
TXN05097,2026-03-12 20:26:42,USR00283,USR00000,10268.26,Healthcare,P2P,Chennai,Android_Phone,GPay,0,
TXN09334,2026-03-12 20:31:11,USR00459,USR00104,9299.82,Food Delivery,P2P,Pune,Tablet,PhonePe,0,
TXN01584,2026-03-12 20:35:46,USR00242,USR00465,15007.6,Food Delivery,P2P,Kolkata,Android_Phone,Paytm,0,
TXN03291,2026-03-12 20:37:12,USR00168,USR00407,528.02,Food Delivery,P2P,Chennai,Tablet,Paytm,0,
TXN05651,2026-03-12 20:55:48,USR00139,USR00217,1573.77,Education,P2P,Jaipur,Web,GPay,0,
TXN08651,2026-03-12 20:58:48,USR00257,USR00130,196.1,Education,P2M,Ahmedabad,Android_Phone,AmazonPay,0,
TXN02942,2026-03-12 21:17:51,USR00028,USR00452,23496.77,Education,P2M,Delhi,Android_Phone,PhonePe,0,
TXN09711,2026-03-12 21:18:54,USR00031,USR00081,1167.09,Grocery,P2M,Hyderabad,iPhone,BHIM,1,new_receiver
TXN08886,2026-03-12 21:43:21,USR00241,USR00050,4570.8,Food Delivery,P2P,Chennai,Tablet,BHIM,0,
TXN01491,2026-03-12 21:48:23,USR00398,USR00065,13156.48,Utilities,P2P,Kolkata,Web,GPay,0,
TXN02101,2026-03-12 22:00:11,USR00365,USR00413,4370.3,Healthcare,P2P,Lucknow,iPhone,GPay,0,
TXN06375,2026-03-12 22:00:32,USR00312,USR00437,497.72,Fuel,P2M,Jaipur,Tablet,PhonePe,0,
TXN05284,2026-03-12 22:13:34,USR00288,USR00105,11605.3,Entertainment,P2M,Pune,Tablet,PhonePe,0,
TXN02353,2026-03-12 22:15:39,USR00156,USR00478,5927.76,Education,P2M,Pune,Tablet,AmazonPay,0,
TXN09163,2026-03-12 22:15:58,USR00484,USR00052,486.28,Grocery,P2M,Chennai,Android_Phone,Paytm,0,
TXN02158,2026-03-12 22:28:05,USR00188,USR00304,2300.92,Entertainment,P2M,Pune,Android_Phone,GPay,0,
TXN06104,2026-03-12 22:32:37,USR00134,USR00259,1207.14,Education,P2M,Delhi,Web,BHIM,0,
TXN09892,2026-03-13 01:12:13,USR00471,USR00149,6020.71,Entertainment,P2P,Hyderabad,Tablet,PhonePe,1,"odd_hour,new_location"
TXN09566,2026-03-13 02:54:20,USR00142,USR00034,4737.89,Fuel,P2P,Mumbai,Tablet,Paytm,1,odd_hour
TXN09590,2026-03-13 04:27:32,USR00341,USR00203,9571.93,Education,P2M,Lucknow,Tablet,Paytm,1,odd_hour
TXN02725,2026-03-13 06:09:26,USR00251,USR00472,13706.36,Shopping,P2P,Mumbai,Android_Phone,BHIM,0,
TXN08255,2026-03-13 06:10:09,USR00278,USR00090,566.2,Shopping,P2M,Bengaluru,iPhone,Paytm,0,
TXN05226,2026-03-13 06:32:44,USR00041,USR00411,7685.96,Grocery,P2P,Pune,Tablet,AmazonPay,0,
TXN04565,2026-03-13 06:52:50,USR00260,USR00449,5850.3,Fuel,P2P,Pune,iPhone,Paytm,0,
TXN01263,2026-03-13 06:54:31,USR00486,USR00281,206.47,Utilities,P2P,Pune,Android_Phone,Paytm,0,
TXN09417,2026-03-13 06:56:24,USR00413,USR00240,144.08,Grocery,P2M,Mumbai,Android_Phone,AmazonPay,1,new_location
TXN05378,2026-03-13 07:06:34,USR00075,USR00260,1726.33,Shopping,P2M,Ahmedabad,iPhone,BHIM,0,
TXN06235,2026-03-13 07:07:35,USR00090,USR00046,583.09,Food Delivery,P2M,Jaipur,Tablet,Paytm,0,
TXN04045,2026-03-13 07:08:56,USR00443,USR00222,1560.12,Travel,P2P,Delhi,Web,PhonePe,0,
TXN08436,2026-03-13 07:18:52,USR00288,USR00105,11975.42,Food Delivery,P2P,Pune,Tablet,PhonePe,0,
TXN09432,2026-03-13 07:27:00,USR00471,USR00281,8729.17,Food Delivery,P2P,Delhi,Tablet,PhonePe,1,rapid_burst
TXN05974,2026-03-13 07:34:02,USR00380,USR00060,11621.46,Fuel,P2M,Jaipur,Android_Phone,AmazonPay,0,
TXN04185,2026-03-13 07:34:41,USR00083,USR00210,13393.91,Food Delivery,P2M,Kolkata,Web,AmazonPay,0,
TXN09467,2026-03-13 07:44:55,USR00244,USR00067,19393.95,Education,P2P,Ahmedabad,Web,PhonePe,1,new_device
TXN06382,2026-03-13 08:04:00,USR00324,USR00006,8965.76,Rent,P2P,Nagpur,iPhone,GPay,0,
TXN01931,2026-03-13 08:21:06,USR00005,USR00107,8624.72,Utilities,P2P,Surat,Tablet,Paytm,0,
TXN08731,2026-03-13 08:46:51,USR00051,USR00296,16868.01,Food Delivery,P2M,Bengaluru,Android_Phone,Paytm,0,
TXN01672,2026-03-13 08:58:33,USR00129,USR00466,9054.16,Grocery,P2M,Ahmedabad,Web,PhonePe,0,
TXN05420,2026-03-13 09:20:12,USR00235,USR00323,2198.22,Healthcare,P2P,Pune,iPhone,BHIM,0,
TXN00216,2026-03-13 09:41:39,USR00485,USR00163,1147.74,Food Delivery,P2M,Hyderabad,iPhone,GPay,0,
TXN03656,2026-03-13 09:52:09,USR00431,USR00040,14132.16,Grocery,P2P,Pune,Android_Phone,GPay,0,
TXN02860,2026-03-13 09:58:08,USR00020,USR00160,443.63,Shopping,P2P,Lucknow,Android_Phone,BHIM,0,
TXN09649,2026-03-13 09:58:20,USR00401,USR00003,1383.1,Rent,P2M,Chennai,Web,AmazonPay,1,new_receiver
TXN07606,2026-03-13 09:59:12,USR00196,USR00238,397.72,P2P Transfer,P2P,Hyderabad,Web,Paytm,0,
TXN07188,2026-03-13 10:11:40,USR00186,USR00427,7107.23,Fuel,P2M,Jaipur,Tablet,GPay,0,
TXN08320,2026-03-13 10:21:52,USR00390,USR00265,121.38,Shopping,P2M,Surat,Web,GPay,0,
TXN08554,2026-03-13 10:33:25,USR00412,USR00276,2418.54,Healthcare,P2P,Jaipur,Tablet,GPay,0,
TXN08555,2026-03-13 10:33:38,USR00044,USR00041,14220.06,Food Delivery,P2M,Chennai,Web,PhonePe,0,
TXN03684,2026-03-13 10:36:06,USR00377,USR00092,899.64,Healthcare,P2P,Bengaluru,Android_Phone,BHIM,0,
TXN00919,2026-03-13 10:39:13,USR00034,USR00305,980.51,Grocery,P2M,Mumbai,Web,Paytm,0,
TXN00105,2026-03-13 10:45:02,USR00094,USR00120,3030.64,Fuel,P2P,Pune,Web,GPay,0,
TXN05710,2026-03-13 10:59:51,USR00390,USR00300,123.92,Food Delivery,P2M,Surat,Web,GPay,0,
TXN04353,2026-03-13 11:03:24,USR00466,USR00158,280.26,P2P Transfer,P2M,Kolkata,Android_Phone,BHIM,0,
TXN03277,2026-03-13 11:37:07,USR00071,USR00082,182.85,Utilities,P2M,Surat,Web,Paytm,0,
TXN04311,2026-03-13 11:37:22,USR00126,USR00119,468.35,P2P Transfer,P2P,Ahmedabad,iPhone,AmazonPay,0,
TXN09072,2026-03-13 11:41:32,USR00089,USR00425,4266.1,Fuel,P2P,Jaipur,Web,BHIM,0,
TXN09244,2026-03-13 11:59:53,USR00011,USR00078,8548.96,Utilities,P2M,Surat,Web,AmazonPay,0,
TXN03108,2026-03-13 12:09:18,USR00092,USR00484,5929.1,Travel,P2M,Bengaluru,Android_Phone,Paytm,0,
TXN03949,2026-03-13 12:18:46,USR00082,USR00355,1186.19,Shopping,P2P,Ahmedabad,Android_Phone,GPay,0,
TXN00471,2026-03-13 12:38:30,USR00145,USR00460,16562.06,Fuel,P2P,Ahmedabad,Android_Phone,GPay,0,
TXN00166,2026-03-13 12:42:55,USR00016,USR00210,117.21,Utilities,P2M,Surat,Android_Phone,GPay,0,
TXN05383,2026-03-13 12:59:03,USR00287,USR00121,3229.96,Rent,P2P,Surat,Web,BHIM,0,
TXN04250,2026-03-13 13:18:05,USR00447,USR00056,749.94,Utilities,P2P,Mumbai,Web,BHIM,0,
TXN09916,2026-03-13 13:33:33,USR00060,USR00151,16057.75,Rent,P2P,Delhi,Web,PhonePe,1,high_amount
TXN02049,2026-03-13 13:36:13,USR00211,USR00044,3627.51,Fuel,P2P,Hyderabad,Web,PhonePe,0,
TXN07857,2026-03-13 13:36:13,USR00357,USR00027,10625.99,Travel,P2M,Mumbai,Web,PhonePe,0,
TXN09766,2026-03-13 13:39:35,USR00247,USR00440,5527.38,Travel,P2M,Lucknow,Tablet,PhonePe,1,rapid_burst
TXN07978,2026-03-13 13:43:22,USR00438,USR00153,11194.6,Education,P2P,Chennai,Web,AmazonPay,0,
TXN05809,2026-03-13 13:56:28,USR00006,USR00393,1119.61,Shopping,P2M,Hyderabad,Tablet,GPay,0,
TXN05087,2026-03-13 14:00:16,USR00340,USR00088,496.03,Fuel,P2P,Jaipur,Tablet,PhonePe,0,
TXN06277,2026-03-13 14:03:03,USR00181,USR00031,1513.71,Rent,P2P,Delhi,Web,PhonePe,0,
TXN09871,2026-03-13 14:23:35,USR00255,USR00064,59807.4,Utilities,P2P,Mumbai,Web,Paytm,1,"high_amount,new_location"
TXN08267,2026-03-13 14:25:10,USR00130,USR00191,528.68,Education,P2M,Kolkata,iPhone,GPay,0,
TXN02480,2026-03-13 14:27:50,USR00130,USR00114,460.07,Utilities,P2P,Kolkata,iPhone,GPay,0,
TXN03824,2026-03-13 14:34:48,USR00171,USR00211,2246.14,Healthcare,P2M,Mumbai,iPhone,BHIM,0,
TXN03574,2026-03-13 15:10:45,USR00373,USR00128,371.47,Entertainment,P2P,Lucknow,Web,BHIM,0,
TXN02280,2026-03-13 15:29:11,USR00127,USR00236,918.13,Grocery,P2M,Surat,Web,AmazonPay,0,
TXN07571,2026-03-13 15:44:30,USR00077,USR00282,1267.16,Shopping,P2M,Ahmedabad,iPhone,BHIM,0,
TXN01396,2026-03-13 15:44:31,USR00447,USR00411,1212.9,Grocery,P2M,Mumbai,Web,BHIM,0,
TXN05497,2026-03-13 16:11:25,USR00126,USR00145,289.9,Food Delivery,P2M,Ahmedabad,iPhone,AmazonPay,0,
TXN09252,2026-03-13 16:12:39,USR00351,USR00162,420.89,Rent,P2M,Ahmedabad,Web,AmazonPay,0,
TXN07228,2026-03-13 16:13:24,USR00403,USR00439,429.84,Fuel,P2M,Ahmedabad,Web,GPay,0,
TXN04363,2026-03-13 16:22:24,USR00185,USR00445,10100.19,Education,P2M,Chennai,Tablet,BHIM,0,
TXN03289,2026-03-13 16:23:47,USR00281,USR00290,174.6,Grocery,P2M,Nagpur,Android_Phone,PhonePe,0,
TXN00191,2026-03-13 16:27:27,USR00237,USR00470,228.24,Shopping,P2P,Bengaluru,Android_Phone,PhonePe,0,
TXN04422,2026-03-13 17:23:38,USR00366,USR00347,16422.48,Food Delivery,P2M,Chennai,Web,BHIM,0,
TXN03364,2026-03-13 17:39:02,USR00286,USR00457,277.25,Entertainment,P2M,Chennai,Android_Phone,PhonePe,0,
TXN07847,2026-03-13 17:46:17,USR00198,USR00117,573.94,Entertainment,P2P,Bengaluru,Web,AmazonPay,0,
TXN09349,2026-03-13 17:47:58,USR00259,USR00368,3057.56,Food Delivery,P2P,Pune,Tablet,Paytm,0,
TXN02003,2026-03-13 17:59:13,USR00364,USR00460,7069.79,Utilities,P2P,Lucknow,Web,Paytm,0,
TXN05655,2026-03-13 18:06:14,USR00491,USR00015,116.89,Shopping,P2M,Ahmedabad,Web,BHIM,0,
TXN01346,2026-03-13 18:21:36,USR00402,USR00409,1553.58,Shopping,P2P,Kolkata,Tablet,PhonePe,0,
TXN03119,2026-03-13 18:26:51,USR00147,USR00239,128.78,Entertainment,P2P,Mumbai,Tablet,AmazonPay,0,
TXN03252,2026-03-13 18:36:45,USR00205,USR00359,1145.99,Rent,P2M,Mumbai,Tablet,GPay,0,
TXN07358,2026-03-13 18:53:13,USR00359,USR00310,11781.4,Fuel,P2P,Hyderabad,Android_Phone,BHIM,0,
TXN00872,2026-03-13 19:13:26,USR00326,USR00218,552.7,P2P Transfer,P2P,Chennai,Web,GPay,0,
TXN00943,2026-03-13 19:17:30,USR00113,USR00010,102.43,Travel,P2P,Hyderabad,Tablet,Paytm,0,
TXN09482,2026-03-13 19:23:55,USR00283,USR00000,72348.18,Grocery,P2P,Chennai,Android_Phone,GPay,1,high_amount
TXN04592,2026-03-13 19:31:08,USR00136,USR00093,626.88,Grocery,P2P,Nagpur,Tablet,BHIM,0,
TXN01177,2026-03-13 19:42:19,USR00038,USR00461,386.62,P2P Transfer,P2P,Jaipur,iPhone,PhonePe,0,
TXN07518,2026-03-13 19:52:53,USR00350,USR00363,345.89,P2P Transfer,P2M,Bengaluru,iPhone,PhonePe,0,
TXN01970,2026-03-13 20:08:12,USR00246,USR00328,2552.26,Utilities,P2M,Kolkata,iPhone,GPay,0,
TXN06321,2026-03-13 20:09:26,USR00412,USR00158,2040.08,Food Delivery,P2P,Jaipur,Tablet,GPay,0,
TXN04675,2026-03-13 20:13:02,USR00125,USR00354,94.19,Rent,P2M,Bengaluru,iPhone,AmazonPay,0,
TXN05079,2026-03-13 20:25:12,USR00467,USR00254,6488.31,Utilities,P2M,Mumbai,Web,GPay,0,
TXN06126,2026-03-13 20:29:40,USR00087,USR00097,117.46,Rent,P2P,Pune,Web,Paytm,0,
TXN01099,2026-03-13 20:32:19,USR00140,USR00085,591.93,Food Delivery,P2P,Hyderabad,Web,BHIM,0,
TXN05918,2026-03-13 20:45:29,USR00073,USR00136,479.3,P2P Transfer,P2P,Surat,Tablet,PhonePe,0,
TXN01566,2026-03-13 20:46:21,USR00473,USR00319,6414.91,Travel,P2P,Hyderabad,Web,AmazonPay,0,
TXN02127,2026-03-13 20:56:23,USR00187,USR00235,2726.3,Healthcare,P2M,Jaipur,Tablet,PhonePe,0,
TXN01352,2026-03-13 21:09:50,USR00182,USR00028,1291.21,Fuel,P2M,Delhi,Tablet,BHIM,0,
TXN03795,2026-03-13 21:44:14,USR00262,USR00177,1979.8,Education,P2P,Mumbai,Tablet,GPay,0,
TXN05366,2026-03-13 21:48:22,USR00079,USR00269,588.58,Shopping,P2P,Ahmedabad,Android_Phone,BHIM,0,
TXN04265,2026-03-13 21:53:01,USR00384,USR00348,202.09,Utilities,P2P,Jaipur,Web,BHIM,0,
TXN02559,2026-03-13 21:55:06,USR00229,USR00261,14874.27,Utilities,P2M,Nagpur,Web,AmazonPay,0,
TXN03115,2026-03-13 22:02:38,USR00489,USR00410,1820.96,Travel,P2P,Ahmedabad,Android_Phone,BHIM,0,
TXN09946,2026-03-13 22:10:03,USR00150,USR00481,169.15,Food Delivery,P2P,Chennai,Android_Phone,AmazonPay,1,new_device
TXN06091,2026-03-13 22:18:18,USR00305,USR00482,609.25,P2P Transfer,P2P,Hyderabad,iPhone,Paytm,0,
TXN07721,2026-03-13 22:46:30,USR00070,USR00223,1326.75,Rent,P2P,Hyderabad,Tablet,BHIM,0,
TXN05983,2026-03-13 22:51:59,USR00009,USR00195,2440.88,Shopping,P2M,Lucknow,Tablet,AmazonPay,0,
TXN09906,2026-03-14 01:15:59,USR00269,USR00066,352.73,Education,P2M,Mumbai,Android_Phone,BHIM,1,odd_hour
TXN03595,2026-03-14 06:13:22,USR00467,USR00413,6811.74,Utilities,P2P,Mumbai,Web,GPay,0,
TXN01329,2026-03-14 06:16:46,USR00357,USR00027,10452.66,Education,P2M,Mumbai,Web,PhonePe,0,
TXN05269,2026-03-14 06:20:33,USR00351,USR00281,373.43,Entertainment,P2P,Ahmedabad,Web,AmazonPay,0,
TXN02204,2026-03-14 06:33:30,USR00207,USR00039,10729.96,Food Delivery,P2P,Nagpur,iPhone,PhonePe,0,
TXN03071,2026-03-14 06:34:51,USR00144,USR00060,174.46,Food Delivery,P2P,Jaipur,Tablet,Paytm,0,
TXN06066,2026-03-14 06:58:54,USR00309,USR00351,11437.12,Grocery,P2P,Chennai,iPhone,BHIM,0,
TXN08212,2026-03-14 07:08:09,USR00447,USR00156,920.09,Food Delivery,P2M,Mumbai,Web,BHIM,0,
TXN05522,2026-03-14 07:44:25,USR00443,USR00357,1005.36,Food Delivery,P2P,Delhi,Web,PhonePe,0,
TXN06798,2026-03-14 08:01:31,USR00204,USR00350,3174.41,Entertainment,P2M,Nagpur,iPhone,GPay,0,
TXN08268,2026-03-14 08:07:52,USR00495,USR00306,18535.26,Rent,P2P,Kolkata,Web,AmazonPay,0,
TXN02002,2026-03-14 08:13:11,USR00471,USR00241,7208.21,Travel,P2P,Delhi,Tablet,PhonePe,0,
TXN08697,2026-03-14 08:26:08,USR00359,USR00310,6215.96,Entertainment,P2P,Hyderabad,Android_Phone,BHIM,0,
TXN08569,2026-03-14 08:34:31,USR00333,USR00206,3396.92,Shopping,P2M,Mumbai,Web,PhonePe,0,
TXN04090,2026-03-14 08:39:36,USR00169,USR00177,16186.11,Shopping,P2P,Mumbai,Web,BHIM,0,
TXN06162,2026-03-14 08:45:28,USR00446,USR00350,4195.88,Fuel,P2M,Pune,Android_Phone,GPay,0,
TXN00658,2026-03-14 08:50:30,USR00043,USR00392,2267.24,Grocery,P2M,Pune,Web,PhonePe,0,
TXN01126,2026-03-14 09:05:35,USR00376,USR00011,18482.85,Travel,P2P,Surat,iPhone,AmazonPay,0,
TXN07143,2026-03-14 09:09:08,USR00262,USR00277,2632.31,P2P Transfer,P2P,Mumbai,Tablet,GPay,0,
TXN09794,2026-03-14 09:22:14,USR00384,USR00289,239.41,Entertainment,P2P,Lucknow,Web,BHIM,1,new_location
TXN09233,2026-03-14 09:25:45,USR00102,USR00373,1403.25,Food Delivery,P2M,Chennai,Tablet,BHIM,0,
TXN00670,2026-03-14 09:31:02,USR00481,USR00401,582.43,Entertainment,P2M,Bengaluru,Web,GPay,0,
TXN04006,2026-03-14 10:06:44,USR00425,USR00352,1643.34,Grocery,P2M,Ahmedabad,Web,Paytm,0,
TXN04509,2026-03-14 10:07:08,USR00441,USR00076,121.06,Education,P2M,Chennai,Android_Phone,PhonePe,0,
TXN03555,2026-03-14 10:14:08,USR00005,USR00181,8371.42,Education,P2P,Surat,Tablet,Paytm,0,
TXN03186,2026-03-14 10:26:20,USR00296,USR00292,297.72,Travel,P2M,Kolkata,Web,AmazonPay,0,
TXN07296,2026-03-14 10:32:53,USR00155,USR00136,217.59,Utilities,P2M,Chennai,Android_Phone,BHIM,0,
TXN06761,2026-03-14 10:40:46,USR00035,USR00266,5036.38,Education,P2P,Nagpur,Android_Phone,PhonePe,0,
TXN06867,2026-03-14 10:44:53,USR00463,USR00069,1556.42,Healthcare,P2M,Lucknow,iPhone,PhonePe,0,
TXN08506,2026-03-14 10:46:31,USR00186,USR00372,4496.26,Fuel,P2M,Jaipur,Tablet,GPay,0,
TXN09548,2026-03-14 10:47:59,USR00351,USR00252,254.1,Travel,P2P,Bengaluru,Web,AmazonPay,1,"new_location,new_receiver"
TXN02250,2026-03-14 10:55:17,USR00363,USR00371,2588.15,P2P Transfer,P2P,Hyderabad,Android_Phone,AmazonPay,0,
TXN05084,2026-03-14 11:25:47,USR00066,USR00240,9591.63,Food Delivery,P2M,Nagpur,Tablet,Paytm,0,
TXN09960,2026-03-14 11:33:21,USR00408,USR00094,3298.59,Entertainment,P2M,Kolkata,Tablet,PhonePe,1,high_amount
TXN06736,2026-03-14 11:38:13,USR00015,USR00109,3289.47,Healthcare,P2M,Hyderabad,iPhone,AmazonPay,0,
TXN06300,2026-03-14 11:50:54,USR00274,USR00305,16656.95,Fuel,P2P,Mumbai,iPhone,Paytm,0,
TXN05908,2026-03-14 11:52:57,USR00423,USR00496,677.85,Grocery,P2M,Hyderabad,iPhone,GPay,0,
TXN04943,2026-03-14 11:52:57,USR00278,USR00090,533.5,Shopping,P2P,Bengaluru,iPhone,Paytm,0,
TXN00100,2026-03-14 12:08:57,USR00234,USR00134,235.88,Utilities,P2M,Hyderabad,iPhone,Paytm,0,
TXN09352,2026-03-14 12:16:43,USR00443,USR00066,1073.96,Fuel,P2M,Delhi,Web,PhonePe,0,
TXN01221,2026-03-14 12:16:57,USR00033,USR00328,1050.4,P2P Transfer,P2M,Hyderabad,Android_Phone,AmazonPay,0,
TXN01076,2026-03-14 12:17:38,USR00358,USR00221,3165.94,Utilities,P2P,Surat,Tablet,GPay,0,
TXN03068,2026-03-14 12:38:17,USR00205,USR00359,1215.67,Food Delivery,P2P,Mumbai,Tablet,GPay,0,
TXN07726,2026-03-14 12:41:07,USR00341,USR00493,12495.27,P2P Transfer,P2M,Lucknow,Tablet,Paytm,0,
TXN05153,2026-03-14 12:43:48,USR00318,USR00464,718.94,Fuel,P2P,Pune,Web,BHIM,0,
TXN03173,2026-03-14 12:48:34,USR00395,USR00181,1028.23,Utilities,P2P,Delhi,Web,AmazonPay,0,
TXN04990,2026-03-14 12:51:50,USR00421,USR00199,2504.21,P2P Transfer,P2P,Jaipur,Android_Phone,Paytm,0,
TXN07984,2026-03-14 12:52:25,USR00372,USR00165,2503.47,Shopping,P2P,Mumbai,Tablet,GPay,0,
TXN04664,2026-03-14 12:59:47,USR00205,USR00087,1798.81,Entertainment,P2P,Mumbai,Tablet,GPay,0,
TXN02759,2026-03-14 13:28:31,USR00060,USR00151,666.64,Travel,P2M,Delhi,Web,PhonePe,0,
TXN09104,2026-03-14 13:34:46,USR00058,USR00242,5311.79,Grocery,P2P,Hyderabad,iPhone,AmazonPay,0,
TXN00831,2026-03-14 13:34:55,USR00396,USR00117,6388.2,Fuel,P2P,Hyderabad,iPhone,PhonePe,0,
TXN03220,2026-03-14 13:36:30,USR00057,USR00229,345.24,Education,P2M,Nagpur,iPhone,GPay,0,
TXN07809,2026-03-14 13:39:40,USR00158,USR00146,437.28,P2P Transfer,P2M,Lucknow,Tablet,BHIM,0,
TXN02517,2026-03-14 13:47:59,USR00462,USR00313,2709.98,Food Delivery,P2M,Hyderabad,Web,GPay,0,
TXN00121,2026-03-14 13:48:58,USR00284,USR00442,16122.29,Shopping,P2P,Delhi,Tablet,PhonePe,0,
TXN03553,2026-03-14 13:49:24,USR00427,USR00000,1210.83,Grocery,P2P,Jaipur,Web,AmazonPay,0,
TXN00427,2026-03-14 13:56:31,USR00269,USR00101,393.65,Education,P2P,Mumbai,Android_Phone,BHIM,0,
TXN07069,2026-03-14 13:59:58,USR00397,USR00246,1649.07,Entertainment,P2M,Jaipur,Android_Phone,Paytm,0,
TXN00997,2026-03-14 14:13:44,USR00079,USR00466,591.83,Fuel,P2M,Ahmedabad,Android_Phone,BHIM,0,
TXN07472,2026-03-14 14:15:07,USR00461,USR00285,1050.87,Fuel,P2P,Nagpur,Tablet,AmazonPay,0,
TXN02849,2026-03-14 14:16:03,USR00157,USR00483,1387.36,Entertainment,P2M,Ahmedabad,Web,BHIM,0,
TXN04839,2026-03-14 14:24:16,USR00146,USR00260,517.19,Shopping,P2P,Nagpur,iPhone,PhonePe,0,
TXN00803,2026-03-14 14:30:44,USR00420,USR00394,2412.15,Grocery,P2P,Nagpur,Android_Phone,BHIM,0,
TXN01717,2026-03-14 14:37:45,USR00259,USR00127,1456.56,Entertainment,P2M,Pune,Tablet,Paytm,0,
TXN03713,2026-03-14 14:50:29,USR00076,USR00404,5379.53,Utilities,P2M,Delhi,iPhone,Paytm,0,
TXN06968,2026-03-14 15:29:25,USR00379,USR00103,296.73,Rent,P2M,Pune,Android_Phone,AmazonPay,0,
TXN03738,2026-03-14 15:33:49,USR00276,USR00303,2935.87,Utilities,P2M,Bengaluru,Web,Paytm,0,
TXN04872,2026-03-14 15:35:12,USR00002,USR00079,2472.33,Travel,P2M,Chennai,Tablet,Paytm,0,
TXN06219,2026-03-14 15:37:51,USR00022,USR00160,4187.55,Shopping,P2M,Hyderabad,Web,PhonePe,0,
TXN00416,2026-03-14 15:40:51,USR00487,USR00462,282.44,Healthcare,P2P,Bengaluru,Android_Phone,GPay,0,
TXN05052,2026-03-14 16:41:07,USR00144,USR00287,156.57,Shopping,P2P,Jaipur,Tablet,Paytm,0,
TXN05246,2026-03-14 16:42:52,USR00336,USR00286,16792.03,Utilities,P2M,Ahmedabad,iPhone,BHIM,0,
TXN08641,2026-03-14 16:54:32,USR00113,USR00010,124.64,Travel,P2M,Hyderabad,Tablet,Paytm,0,
TXN06081,2026-03-14 16:59:47,USR00472,USR00313,4999.25,Grocery,P2M,Nagpur,iPhone,AmazonPay,0,
TXN00451,2026-03-14 17:10:16,USR00364,USR00460,15816.6,P2P Transfer,P2M,Lucknow,Web,Paytm,0,
TXN01262,2026-03-14 17:16:06,USR00145,USR00460,17231.91,Healthcare,P2P,Ahmedabad,Android_Phone,GPay,0,
TXN00819,2026-03-14 17:21:29,USR00180,USR00348,1398.03,Utilities,P2M,Jaipur,Tablet,AmazonPay,0,
TXN01051,2026-03-14 17:27:26,USR00319,USR00301,866.01,Entertainment,P2M,Nagpur,iPhone,PhonePe,0,
TXN07863,2026-03-14 17:27:31,USR00391,USR00294,99.95,P2P Transfer,P2P,Pune,Web,GPay,0,
TXN07841,2026-03-14 17:29:34,USR00158,USR00055,427.34,Entertainment,P2P,Lucknow,Tablet,BHIM,0,
TXN06431,2026-03-14 17:31:28,USR00187,USR00421,1284.08,Fuel,P2P,Jaipur,Tablet,PhonePe,0,
TXN00186,2026-03-14 17:46:40,USR00479,USR00173,677.37,Travel,P2P,Hyderabad,iPhone,AmazonPay,0,
TXN09505,2026-03-14 18:03:17,USR00256,USR00364,9283.15,Entertainment,P2M,Bengaluru,Web,AmazonPay,1,"high_amount,new_location"
TXN02358,2026-03-14 18:12:52,USR00285,USR00037,4538.29,Travel,P2M,Mumbai,Web,Paytm,0,
TXN05465,2026-03-14 18:19:26,USR00210,USR00364,2410.79,Utilities,P2P,Bengaluru,Web,BHIM,0,
TXN07842,2026-03-14 18:26:14,USR00407,USR00149,1824.29,P2P Transfer,P2P,Pune,Web,Paytm,0,
TXN04880,2026-03-14 18:26:49,USR00125,USR00425,86.92,Utilities,P2P,Bengaluru,iPhone,AmazonPay,0,
TXN06234,2026-03-14 18:31:21,USR00394,USR00274,10236.12,Travel,P2M,Chennai,iPhone,Paytm,0,
TXN02580,2026-03-14 18:31:32,USR00119,USR00243,203.24,Fuel,P2M,Chennai,iPhone,GPay,0,
TXN02081,2026-03-14 18:36:00,USR00493,USR00196,113.83,Grocery,P2M,Jaipur,iPhone,GPay,0,
TXN05474,2026-03-14 18:43:48,USR00474,USR00012,96.15,Entertainment,P2P,Pune,Web,BHIM,0,
TXN07133,2026-03-14 18:45:07,USR00043,USR00266,1654.74,Utilities,P2P,Pune,Web,PhonePe,0,
TXN04213,2026-03-14 18:53:40,USR00100,USR00460,1278.16,Utilities,P2P,Ahmedabad,Android_Phone,PhonePe,0,
TXN06368,2026-03-14 18:57:10,USR00159,USR00291,6480.27,P2P Transfer,P2M,Kolkata,Android_Phone,PhonePe,0,
TXN02696,2026-03-14 19:02:17,USR00214,USR00320,1377.37,Utilities,P2P,Chennai,Android_Phone,BHIM,0,
TXN04983,2026-03-14 19:04:53,USR00360,USR00324,1951.05,P2P Transfer,P2P,Jaipur,Tablet,Paytm,0,
TXN04446,2026-03-14 19:10:42,USR00329,USR00247,3114.32,Healthcare,P2M,Kolkata,Android_Phone,AmazonPay,0,
TXN01213,2026-03-14 19:12:26,USR00284,USR00442,15169.3,Travel,P2M,Delhi,Tablet,PhonePe,0,
TXN03933,2026-03-14 19:20:54,USR00309,USR00351,10938.49,Utilities,P2M,Chennai,iPhone,BHIM,0,
TXN00175,2026-03-14 19:32:57,USR00336,USR00307,15338.74,Entertainment,P2P,Ahmedabad,iPhone,BHIM,0,
TXN08665,2026-03-14 19:45:47,USR00329,USR00410,3390.28,Education,P2P,Kolkata,Android_Phone,AmazonPay,0,
TXN00866,2026-03-14 19:49:33,USR00217,USR00279,8182.33,Utilities,P2M,Delhi,Web,AmazonPay,0,
TXN06073,2026-03-14 19:56:06,USR00420,USR00197,2814.91,Education,P2P,Nagpur,Android_Phone,BHIM,0,
TXN08114,2026-03-14 20:07:15,USR00484,USR00023,430.56,Fuel,P2P,Chennai,Android_Phone,Paytm,0,
TXN09708,2026-03-14 20:10:35,USR00265,USR00121,211.81,Shopping,P2M,Surat,Tablet,Paytm,1,rapid_burst
TXN05183,2026-03-14 20:20:52,USR00027,USR00394,322.52,Utilities,P2M,Mumbai,Web,PhonePe,0,
TXN00556,2026-03-14 20:47:17,USR00073,USR00389,458.37,Rent,P2M,Surat,Tablet,PhonePe,0,
TXN01363,2026-03-14 21:02:56,USR00165,USR00353,261.94,Grocery,P2P,Mumbai,iPhone,PhonePe,0,
TXN00243,2026-03-14 21:08:13,USR00166,USR00287,295.69,Rent,P2M,Jaipur,iPhone,BHIM,0,
TXN07788,2026-03-14 21:24:04,USR00061,USR00444,11098.43,P2P Transfer,P2M,Nagpur,Web,BHIM,0,
TXN09719,2026-03-14 21:27:51,USR00418,USR00409,2867.67,Utilities,P2P,Kolkata,Android_Phone,BHIM,1,"new_device,rapid_burst"
TXN07129,2026-03-14 21:33:39,USR00217,USR00279,14837.32,Travel,P2P,Delhi,Web,AmazonPay,0,
TXN03614,2026-03-14 21:44:36,USR00042,USR00286,4550.76,P2P Transfer,P2P,Surat,Tablet,BHIM,0,
TXN02359,2026-03-14 22:03:32,USR00221,USR00382,519.08,Grocery,P2P,Hyderabad,Android_Phone,AmazonPay,0,
TXN07360,2026-03-14 22:12:50,USR00375,USR00418,1461.28,P2P Transfer,P2P,Bengaluru,iPhone,PhonePe,0,
TXN05511,2026-03-14 22:33:50,USR00266,USR00054,13402.77,Shopping,P2M,Lucknow,iPhone,PhonePe,0,
TXN10216,2026-03-14 22:47:00,USR00137,USR00203,255.97,Fuel,P2P,Mumbai,iPhone,AmazonPay,1,rapid_burst
TXN10218,2026-03-14 22:49:00,USR00137,USR00263,249.14,Healthcare,P2P,Mumbai,iPhone,AmazonPay,1,rapid_burst
TXN10217,2026-03-14 22:49:00,USR00137,USR00263,254.41,Education,P2P,Mumbai,iPhone,AmazonPay,1,rapid_burst
TXN02313,2026-03-14 22:49:55,USR00480,USR00363,370.67,Food Delivery,P2M,Nagpur,Web,GPay,0,
TXN10220,2026-03-14 22:51:00,USR00137,USR00477,256.78,Travel,P2P,Mumbai,iPhone,AmazonPay,1,rapid_burst
TXN00256,2026-03-14 22:52:16,USR00237,USR00141,204.02,Entertainment,P2P,Bengaluru,Android_Phone,PhonePe,0,
TXN10219,2026-03-14 22:56:00,USR00137,USR00263,271.89,Entertainment,P2P,Mumbai,iPhone,AmazonPay,1,rapid_burst
TXN08035,2026-03-14 22:57:48,USR00213,USR00137,2078.78,Fuel,P2M,Bengaluru,iPhone,GPay,0,
TXN09270,2026-03-14 22:58:55,USR00109,USR00212,87.1,Grocery,P2M,Ahmedabad,Web,PhonePe,0,
TXN04961,2026-03-15 06:02:40,USR00326,USR00059,416.38,Fuel,P2M,Chennai,Web,GPay,0,
TXN09508,2026-03-15 06:02:58,USR00351,USR00183,524.69,Fuel,P2M,Jaipur,Web,AmazonPay,1,new_location
TXN04355,2026-03-15 06:06:42,USR00172,USR00493,3385.81,Shopping,P2M,Surat,Tablet,Paytm,0,
TXN05330,2026-03-15 06:10:54,USR00107,USR00324,166.7,Travel,P2M,Delhi,Tablet,GPay,0,
TXN09060,2026-03-15 06:15:34,USR00326,USR00059,594.86,Food Delivery,P2M,Chennai,Web,GPay,0,
TXN02921,2026-03-15 06:20:31,USR00260,USR00238,4798.69,Rent,P2P,Pune,iPhone,Paytm,0,
TXN01841,2026-03-15 06:21:16,USR00482,USR00174,99.98,P2P Transfer,P2M,Jaipur,Tablet,BHIM,0,
TXN02833,2026-03-15 06:41:52,USR00118,USR00330,633.8,Healthcare,P2P,Chennai,Android_Phone,GPay,0,
TXN05866,2026-03-15 06:42:19,USR00010,USR00080,8840.65,Fuel,P2M,Surat,Web,BHIM,0,
TXN07401,2026-03-15 06:49:04,USR00172,USR00387,2951.05,Shopping,P2M,Surat,Tablet,Paytm,0,
TXN03458,2026-03-15 06:55:22,USR00420,USR00197,1354.95,Travel,P2M,Nagpur,Android_Phone,BHIM,0,
TXN01405,2026-03-15 07:00:16,USR00266,USR00079,19305.78,Shopping,P2M,Lucknow,iPhone,PhonePe,0,
TXN04633,2026-03-15 07:01:09,USR00378,USR00307,454.53,Entertainment,P2P,Pune,iPhone,PhonePe,0,
TXN00945,2026-03-15 07:01:25,USR00231,USR00287,1208.12,Education,P2M,Pune,iPhone,BHIM,0,
TXN02483,2026-03-15 07:02:31,USR00289,USR00278,8619.61,P2P Transfer,P2P,Ahmedabad,Tablet,PhonePe,0,
TXN01843,2026-03-15 07:11:28,USR00001,USR00308,5689.08,Utilities,P2P,Pune,iPhone,AmazonPay,0,
TXN02681,2026-03-15 07:20:14,USR00005,USR00107,8036.8,Utilities,P2P,Surat,Tablet,Paytm,0,
TXN00706,2026-03-15 07:27:08,USR00424,USR00030,1147.51,Healthcare,P2P,Surat,Android_Phone,GPay,0,
TXN02723,2026-03-15 07:59:43,USR00390,USR00207,115.67,Education,P2P,Surat,Web,GPay,0,
TXN01606,2026-03-15 08:00:41,USR00491,USR00033,65.8,Food Delivery,P2P,Ahmedabad,Web,BHIM,0,
TXN03695,2026-03-15 08:21:23,USR00096,USR00445,2500.43,Rent,P2M,Delhi,iPhone,Paytm,0,
TXN04706,2026-03-15 08:33:54,USR00407,USR00162,2073.85,Grocery,P2M,Pune,Web,Paytm,0,
TXN09297,2026-03-15 08:39:04,USR00243,USR00320,2883.49,Healthcare,P2M,Chennai,Android_Phone,Paytm,0,
TXN04628,2026-03-15 08:51:14,USR00186,USR00427,4708.12,Shopping,P2P,Jaipur,Tablet,GPay,0,
TXN02036,2026-03-15 09:01:46,USR00254,USR00061,1831.17,Food Delivery,P2M,Hyderabad,Android_Phone,PhonePe,0,
TXN02408,2026-03-15 09:15:39,USR00396,USR00103,3234.9,Travel,P2P,Hyderabad,iPhone,PhonePe,0,
TXN07667,2026-03-15 09:23:30,USR00249,USR00151,18421.62,Rent,P2M,Nagpur,iPhone,PhonePe,0,
TXN00705,2026-03-15 09:27:15,USR00171,USR00169,2867.85,Shopping,P2M,Mumbai,iPhone,BHIM,0,
TXN04574,2026-03-15 09:27:15,USR00362,USR00343,289.52,P2P Transfer,P2P,Pune,Web,AmazonPay,0,
TXN01488,2026-03-15 09:41:50,USR00317,USR00152,357.68,Entertainment,P2M,Delhi,iPhone,Paytm,0,
TXN07945,2026-03-15 09:50:29,USR00105,USR00188,321.01,Travel,P2M,Delhi,iPhone,Paytm,0,
TXN03951,2026-03-15 10:10:40,USR00380,USR00047,13227.05,Rent,P2P,Jaipur,Android_Phone,AmazonPay,0,
TXN04218,2026-03-15 10:28:30,USR00455,USR00272,727.5,Grocery,P2P,Chennai,iPhone,GPay,0,
TXN06565,2026-03-15 10:32:52,USR00322,USR00261,301.46,Fuel,P2M,Kolkata,iPhone,AmazonPay,0,
TXN03783,2026-03-15 10:34:40,USR00083,USR00125,12814.28,Rent,P2M,Kolkata,Web,AmazonPay,0,
TXN03759,2026-03-15 10:41:54,USR00425,USR00010,2842.53,Education,P2M,Ahmedabad,Web,Paytm,0,
TXN04591,2026-03-15 10:50:50,USR00429,USR00049,7604.65,Shopping,P2P,Kolkata,Web,GPay,0,
TXN02708,2026-03-15 10:53:07,USR00243,USR00026,10999.0,Travel,P2M,Chennai,Android_Phone,Paytm,0,
TXN00930,2026-03-15 10:56:10,USR00209,USR00481,941.07,Rent,P2P,Pune,Tablet,PhonePe,0,
TXN04931,2026-03-15 11:05:57,USR00280,USR00355,525.88,Healthcare,P2M,Bengaluru,Web,PhonePe,0,
TXN05557,2026-03-15 11:15:13,USR00336,USR00286,18176.05,Shopping,P2P,Ahmedabad,iPhone,BHIM,0,
TXN07976,2026-03-15 11:17:27,USR00453,USR00195,72.63,Entertainment,P2M,Surat,Tablet,AmazonPay,0,
TXN00510,2026-03-15 11:23:08,USR00381,USR00411,7553.13,Healthcare,P2P,Ahmedabad,iPhone,AmazonPay,0,
TXN02717,2026-03-15 11:26:13,USR00241,USR00050,6599.81,Rent,P2P,Chennai,Tablet,BHIM,0,
TXN08856,2026-03-15 11:28:41,USR00491,USR00015,156.07,Shopping,P2M,Ahmedabad,Web,BHIM,0,
TXN09886,2026-03-15 11:45:09,USR00374,USR00479,12770.64,Entertainment,P2P,Ahmedabad,Tablet,PhonePe,1,new_receiver
TXN01218,2026-03-15 11:53:03,USR00238,USR00323,857.52,P2P Transfer,P2M,Ahmedabad,Tablet,BHIM,0,
TXN05599,2026-03-15 12:14:17,USR00373,USR00128,462.11,Utilities,P2M,Lucknow,Web,BHIM,0,
TXN08251,2026-03-15 12:22:38,USR00159,USR00291,7980.41,Travel,P2P,Kolkata,Android_Phone,PhonePe,0,
TXN09572,2026-03-15 12:23:03,USR00114,USR00158,397.68,Food Delivery,P2P,Kolkata,iPhone,Paytm,1,rapid_burst
TXN01007,2026-03-15 12:25:37,USR00396,USR00117,5381.89,Utilities,P2P,Hyderabad,iPhone,PhonePe,0,
TXN04155,2026-03-15 12:32:01,USR00440,USR00434,6804.71,Food Delivery,P2P,Delhi,Tablet,AmazonPay,0,
TXN02300,2026-03-15 12:34:54,USR00022,USR00342,3538.49,Utilities,P2P,Hyderabad,Web,PhonePe,0,
TXN01193,2026-03-15 13:06:07,USR00302,USR00348,1778.95,Fuel,P2M,Surat,Tablet,PhonePe,0,
TXN07260,2026-03-15 13:08:07,USR00199,USR00180,1978.04,Shopping,P2M,Ahmedabad,Tablet,PhonePe,0,
TXN01039,2026-03-15 13:16:19,USR00406,USR00323,438.66,Grocery,P2M,Lucknow,Tablet,PhonePe,0,
TXN05175,2026-03-15 13:20:23,USR00319,USR00301,964.56,Shopping,P2P,Nagpur,iPhone,PhonePe,0,
TXN05341,2026-03-15 13:22:04,USR00077,USR00247,2304.66,Rent,P2P,Ahmedabad,iPhone,BHIM,0,
TXN03991,2026-03-15 13:29:58,USR00495,USR00306,19017.85,Food Delivery,P2M,Kolkata,Web,AmazonPay,0,
TXN00893,2026-03-15 13:31:40,USR00258,USR00241,213.77,Utilities,P2M,Pune,Android_Phone,BHIM,0,
TXN03046,2026-03-15 13:35:56,USR00390,USR00102,122.4,Shopping,P2P,Surat,Web,GPay,0,
TXN00507,2026-03-15 13:49:59,USR00446,USR00079,5342.77,Food Delivery,P2M,Pune,Android_Phone,GPay,0,
TXN01290,2026-03-15 13:50:51,USR00328,USR00215,11588.98,Utilities,P2M,Nagpur,Tablet,PhonePe,0,
TXN01127,2026-03-15 13:59:29,USR00408,USR00011,915.88,Rent,P2P,Kolkata,Tablet,PhonePe,0,
TXN05865,2026-03-15 14:05:45,USR00383,USR00411,245.69,Entertainment,P2M,Kolkata,Android_Phone,BHIM,0,
TXN00523,2026-03-15 14:08:28,USR00335,USR00260,572.17,Education,P2M,Delhi,Android_Phone,AmazonPay,0,
TXN04813,2026-03-15 14:10:18,USR00133,USR00073,1061.09,Grocery,P2M,Surat,Android_Phone,GPay,0,
TXN07604,2026-03-15 14:15:00,USR00069,USR00046,2955.9,Travel,P2M,Lucknow,Web,AmazonPay,0,
TXN08505,2026-03-15 14:23:15,USR00097,USR00338,2193.48,Food Delivery,P2M,Bengaluru,Web,GPay,0,
TXN08385,2026-03-15 14:23:50,USR00055,USR00435,52.5,Grocery,P2M,Lucknow,Tablet,Paytm,0,
TXN02395,2026-03-15 14:37:50,USR00312,USR00211,192.51,Grocery,P2P,Jaipur,Tablet,PhonePe,0,
TXN07001,2026-03-15 14:40:35,USR00055,USR00172,52.85,Healthcare,P2M,Lucknow,Tablet,Paytm,0,
TXN07763,2026-03-15 14:58:51,USR00172,USR00387,2495.54,Entertainment,P2M,Surat,Tablet,Paytm,0,
TXN02409,2026-03-15 15:00:56,USR00140,USR00308,467.47,P2P Transfer,P2P,Hyderabad,Web,BHIM,0,
TXN09904,2026-03-15 15:10:36,USR00160,USR00060,8812.65,Fuel,P2P,Surat,Web,Paytm,1,new_location
TXN02822,2026-03-15 15:17:26,USR00373,USR00128,288.83,Healthcare,P2M,Lucknow,Web,BHIM,0,
TXN00306,2026-03-15 15:43:08,USR00145,USR00227,13539.7,Healthcare,P2P,Ahmedabad,Android_Phone,GPay,0,
TXN01765,2026-03-15 15:48:28,USR00173,USR00467,535.04,Education,P2M,Jaipur,iPhone,PhonePe,0,
TXN07313,2026-03-15 16:10:20,USR00081,USR00035,13152.82,Healthcare,P2M,Jaipur,Tablet,PhonePe,0,
TXN01235,2026-03-15 16:11:57,USR00307,USR00456,9808.7,Utilities,P2P,Hyderabad,Web,Paytm,0,
TXN07602,2026-03-15 16:50:38,USR00012,USR00040,1116.74,Travel,P2P,Pune,Android_Phone,GPay,0,
TXN05350,2026-03-15 17:12:22,USR00396,USR00103,5064.75,Entertainment,P2P,Hyderabad,iPhone,PhonePe,0,
TXN09326,2026-03-15 17:22:36,USR00184,USR00457,7380.73,P2P Transfer,P2P,Jaipur,Android_Phone,GPay,0,
TXN05578,2026-03-15 17:26:14,USR00226,USR00199,9533.87,Education,P2P,Ahmedabad,iPhone,Paytm,0,
TXN00532,2026-03-15 17:30:17,USR00300,USR00450,1956.88,Food Delivery,P2P,Nagpur,Web,AmazonPay,0,
TXN08847,2026-03-15 17:39:18,USR00481,USR00401,1281.57,Grocery,P2P,Bengaluru,Web,GPay,0,
TXN07618,2026-03-15 17:44:15,USR00422,USR00101,1288.73,P2P Transfer,P2M,Ahmedabad,Web,PhonePe,0,
TXN07751,2026-03-15 17:44:44,USR00344,USR00006,344.16,Healthcare,P2M,Surat,Tablet,AmazonPay,0,
TXN04828,2026-03-15 17:45:39,USR00342,USR00364,946.3,Entertainment,P2P,Nagpur,Web,PhonePe,0,
TXN08517,2026-03-15 17:53:02,USR00357,USR00027,12347.3,Grocery,P2M,Mumbai,Web,PhonePe,0,
TXN00525,2026-03-15 18:06:43,USR00185,USR00445,17789.51,Healthcare,P2M,Chennai,Tablet,BHIM,0,
TXN01908,2026-03-15 18:17:15,USR00248,USR00043,5913.71,Utilities,P2M,Pune,iPhone,AmazonPay,0,
TXN07693,2026-03-15 18:19:23,USR00275,USR00126,12333.51,Utilities,P2M,Bengaluru,iPhone,PhonePe,0,
TXN09731,2026-03-15 18:23:05,USR00029,USR00244,469.41,Fuel,P2M,Chennai,Web,PhonePe,1,new_receiver
TXN03255,2026-03-15 18:25:30,USR00055,USR00253,52.77,Food Delivery,P2M,Lucknow,Tablet,Paytm,0,
TXN05959,2026-03-15 18:30:09,USR00218,USR00419,480.1,P2P Transfer,P2M,Nagpur,Web,BHIM,0,
TXN04253,2026-03-15 18:35:07,USR00337,USR00324,3669.7,Grocery,P2P,Chennai,Android_Phone,Paytm,0,
TXN09950,2026-03-15 18:35:56,USR00068,USR00352,1653.28,Grocery,P2P,Pune,Web,Paytm,1,new_location
TXN00039,2026-03-15 19:00:32,USR00463,USR00012,1995.9,Education,P2M,Lucknow,iPhone,PhonePe,0,
TXN02352,2026-03-15 19:35:12,USR00284,USR00403,12790.77,Fuel,P2M,Delhi,Tablet,PhonePe,0,
TXN02026,2026-03-15 19:35:53,USR00434,USR00340,325.91,Healthcare,P2P,Surat,Web,PhonePe,0,
TXN02503,2026-03-15 19:38:38,USR00164,USR00322,145.73,Entertainment,P2M,Lucknow,Android_Phone,BHIM,0,
TXN05425,2026-03-15 19:45:47,USR00451,USR00381,4124.54,Food Delivery,P2M,Jaipur,iPhone,PhonePe,0,
TXN08848,2026-03-15 19:46:47,USR00212,USR00006,515.54,Food Delivery,P2P,Lucknow,Android_Phone,BHIM,0,
TXN08418,2026-03-15 19:47:16,USR00230,USR00250,12606.86,Grocery,P2M,Jaipur,iPhone,PhonePe,0,
TXN03766,2026-03-15 19:50:58,USR00153,USR00413,2460.69,Education,P2P,Surat,Web,BHIM,0,
TXN04742,2026-03-15 20:12:58,USR00407,USR00363,1856.75,Rent,P2P,Pune,Web,Paytm,0,
TXN04050,2026-03-15 20:35:03,USR00085,USR00300,456.93,Entertainment,P2M,Delhi,iPhone,BHIM,0,
TXN03038,2026-03-15 20:35:40,USR00141,USR00343,13059.98,Utilities,P2M,Hyderabad,Tablet,BHIM,0,
TXN07583,2026-03-15 20:38:40,USR00249,USR00401,12803.9,Education,P2P,Nagpur,iPhone,PhonePe,0,
TXN01720,2026-03-15 20:51:24,USR00392,USR00262,286.81,Travel,P2M,Chennai,Web,Paytm,0,
TXN05415,2026-03-15 20:52:47,USR00301,USR00025,1684.49,Utilities,P2M,Mumbai,iPhone,Paytm,0,
TXN05558,2026-03-15 21:12:30,USR00200,USR00433,920.74,Healthcare,P2P,Jaipur,Android_Phone,GPay,0,
TXN09153,2026-03-15 21:21:07,USR00165,USR00077,113.48,Entertainment,P2P,Mumbai,iPhone,PhonePe,0,
TXN00942,2026-03-15 21:30:24,USR00496,USR00075,1095.07,Healthcare,P2P,Lucknow,iPhone,PhonePe,0,
TXN04266,2026-03-15 21:37:03,USR00207,USR00288,8123.06,Healthcare,P2M,Nagpur,iPhone,PhonePe,0,
TXN02342,2026-03-15 21:39:25,USR00032,USR00116,409.6,Grocery,P2P,Chennai,Tablet,PhonePe,0,
TXN06442,2026-03-15 21:47:54,USR00245,USR00196,2647.64,Shopping,P2P,Delhi,Tablet,GPay,0,
TXN06633,2026-03-15 21:49:17,USR00350,USR00169,247.03,Entertainment,P2P,Bengaluru,iPhone,PhonePe,0,
TXN09813,2026-03-15 21:54:36,USR00337,USR00029,3128.0,Grocery,P2M,Pune,Android_Phone,Paytm,1,"new_receiver,new_location"
TXN05808,2026-03-15 22:19:13,USR00481,USR00191,873.17,Shopping,P2M,Bengaluru,Web,GPay,0,
TXN04176,2026-03-15 22:20:37,USR00181,USR00462,1449.08,Grocery,P2P,Delhi,Web,PhonePe,0,
TXN04238,2026-03-15 22:21:45,USR00414,USR00096,8330.41,P2P Transfer,P2M,Hyderabad,Tablet,BHIM,0,
TXN09551,2026-03-15 22:32:15,USR00416,USR00326,119402.46,Shopping,P2P,Bengaluru,Android_Phone,BHIM,1,high_amount
TXN00109,2026-03-15 22:42:09,USR00496,USR00075,910.52,Fuel,P2P,Lucknow,iPhone,PhonePe,0,
TXN03688,2026-03-15 22:47:59,USR00057,USR00330,407.26,Travel,P2M,Nagpur,iPhone,GPay,0,
TXN04949,2026-03-15 22:56:34,USR00479,USR00173,383.86,Rent,P2M,Hyderabad,iPhone,AmazonPay,0,
TXN04073,2026-03-15 22:59:00,USR00474,USR00060,168.47,Rent,P2M,Pune,Web,BHIM,0,
TXN09972,2026-03-16 00:41:45,USR00212,USR00401,316.11,Healthcare,P2P,Lucknow,Android_Phone,BHIM,1,odd_hour
TXN09756,2026-03-16 01:06:22,USR00305,USR00412,729.32,Travel,P2M,Hyderabad,iPhone,Paytm,1,odd_hour
TXN09445,2026-03-16 01:14:21,USR00353,USR00342,350.73,Travel,P2M,Jaipur,Tablet,Paytm,1,odd_hour
TXN09657,2026-03-16 01:27:56,USR00210,USR00378,3454.31,Food Delivery,P2M,Bengaluru,Web,BHIM,1,odd_hour
TXN06317,2026-03-16 06:06:30,USR00414,USR00118,6346.18,Utilities,P2M,Hyderabad,Tablet,BHIM,0,
TXN04233,2026-03-16 06:20:53,USR00336,USR00307,19508.84,Grocery,P2P,Ahmedabad,iPhone,BHIM,0,
TXN06753,2026-03-16 06:47:41,USR00050,USR00058,405.93,P2P Transfer,P2P,Pune,iPhone,AmazonPay,0,
TXN08919,2026-03-16 06:57:37,USR00097,USR00338,1618.66,Travel,P2M,Bengaluru,Web,GPay,0,
TXN08795,2026-03-16 07:05:26,USR00220,USR00340,63.7,Education,P2P,Delhi,Android_Phone,PhonePe,0,
TXN09690,2026-03-16 07:06:34,USR00189,USR00146,7805.98,Grocery,P2M,Mumbai,iPhone,AmazonPay,1,new_receiver
TXN08898,2026-03-16 07:14:13,USR00010,USR00150,13703.2,Healthcare,P2M,Surat,Web,BHIM,0,
TXN02967,2026-03-16 07:40:28,USR00380,USR00246,6719.37,P2P Transfer,P2M,Jaipur,Android_Phone,AmazonPay,0,
TXN04372,2026-03-16 07:45:24,USR00433,USR00097,10642.95,P2P Transfer,P2M,Jaipur,iPhone,AmazonPay,0,
TXN08308,2026-03-16 08:06:22,USR00260,USR00449,8106.0,Grocery,P2M,Pune,iPhone,Paytm,0,
TXN08680,2026-03-16 08:11:10,USR00338,USR00100,49.63,Food Delivery,P2M,Delhi,Tablet,BHIM,0,
TXN01925,2026-03-16 08:27:07,USR00132,USR00062,6632.19,Healthcare,P2P,Delhi,Tablet,PhonePe,0,
TXN04204,2026-03-16 08:31:55,USR00400,USR00241,438.81,Entertainment,P2P,Pune,Web,Paytm,0,
TXN06890,2026-03-16 08:32:56,USR00368,USR00207,1196.0,Grocery,P2M,Lucknow,Android_Phone,AmazonPay,0,
TXN07145,2026-03-16 08:44:22,USR00002,USR00079,1670.88,Food Delivery,P2P,Chennai,Tablet,Paytm,0,
TXN07812,2026-03-16 08:45:35,USR00148,USR00393,732.82,Food Delivery,P2M,Jaipur,Tablet,PhonePe,0,
TXN03867,2026-03-16 08:51:51,USR00425,USR00193,2137.8,Utilities,P2M,Ahmedabad,Web,Paytm,0,
TXN06305,2026-03-16 08:55:41,USR00356,USR00424,10313.33,Grocery,P2M,Pune,Android_Phone,BHIM,0,
TXN07853,2026-03-16 09:04:26,USR00078,USR00381,1140.2,Rent,P2M,Mumbai,Tablet,BHIM,0,
TXN06338,2026-03-16 09:11:46,USR00211,USR00044,5972.23,Shopping,P2M,Hyderabad,Web,PhonePe,0,
TXN05660,2026-03-16 09:22:59,USR00088,USR00465,1750.25,Rent,P2M,Lucknow,Android_Phone,Paytm,0,
TXN01483,2026-03-16 09:41:33,USR00086,USR00151,2483.26,Travel,P2P,Kolkata,iPhone,BHIM,0,
TXN05250,2026-03-16 09:54:05,USR00008,USR00112,5407.6,Fuel,P2M,Nagpur,Web,PhonePe,0,
TXN06546,2026-03-16 09:54:21,USR00012,USR00484,424.06,Healthcare,P2P,Pune,Android_Phone,GPay,0,
TXN09051,2026-03-16 10:11:20,USR00186,USR00114,5968.85,Grocery,P2M,Jaipur,Tablet,GPay,0,
TXN09367,2026-03-16 10:18:30,USR00306,USR00261,1700.58,Entertainment,P2M,Lucknow,Tablet,Paytm,0,
TXN09267,2026-03-16 10:19:08,USR00249,USR00401,8987.27,P2P Transfer,P2P,Nagpur,iPhone,PhonePe,0,
TXN06592,2026-03-16 10:38:42,USR00044,USR00041,18775.03,Rent,P2M,Chennai,Web,PhonePe,0,
TXN00238,2026-03-16 11:00:33,USR00288,USR00013,11451.41,Healthcare,P2P,Pune,Tablet,PhonePe,0,
TXN00057,2026-03-16 11:02:08,USR00224,USR00011,265.76,Rent,P2M,Mumbai,Web,Paytm,0,
TXN04754,2026-03-16 11:21:21,USR00083,USR00125,7247.64,Shopping,P2P,Kolkata,Web,AmazonPay,0,
TXN07194,2026-03-16 11:22:57,USR00223,USR00178,568.53,Fuel,P2M,Ahmedabad,Web,BHIM,0,
TXN03764,2026-03-16 11:26:10,USR00423,USR00124,348.87,Utilities,P2M,Hyderabad,iPhone,GPay,0,
TXN04109,2026-03-16 11:44:13,USR00470,USR00090,14100.96,Grocery,P2M,Lucknow,Web,AmazonPay,0,
TXN03381,2026-03-16 11:48:05,USR00391,USR00206,98.98,Entertainment,P2M,Pune,Web,GPay,0,
TXN00749,2026-03-16 11:56:54,USR00163,USR00446,907.94,Rent,P2M,Lucknow,Tablet,GPay,0,
TXN03715,2026-03-16 12:00:38,USR00388,USR00089,614.03,Entertainment,P2M,Nagpur,Web,BHIM,0,
TXN05742,2026-03-16 12:10:12,USR00086,USR00151,1818.97,Education,P2M,Kolkata,iPhone,BHIM,0,
TXN08536,2026-03-16 12:11:31,USR00159,USR00287,5394.77,Fuel,P2P,Kolkata,Android_Phone,PhonePe,0,
TXN01399,2026-03-16 12:25:23,USR00208,USR00118,489.43,Fuel,P2M,Mumbai,Web,GPay,0,
TXN09867,2026-03-16 12:48:48,USR00185,USR00331,17058.03,Entertainment,P2P,Chennai,Tablet,BHIM,1,"new_receiver,rapid_burst"
TXN05247,2026-03-16 12:49:18,USR00287,USR00121,3467.28,Rent,P2M,Surat,Web,BHIM,0,
TXN08156,2026-03-16 12:57:03,USR00056,USR00450,12370.57,Healthcare,P2M,Hyderabad,Web,PhonePe,0,
TXN07592,2026-03-16 12:57:42,USR00475,USR00326,5784.18,Utilities,P2M,Chennai,Web,Paytm,0,
TXN03139,2026-03-16 12:59:01,USR00234,USR00134,252.64,Utilities,P2M,Hyderabad,iPhone,Paytm,0,
TXN02414,2026-03-16 13:05:00,USR00062,USR00494,328.28,Travel,P2P,Chennai,Tablet,BHIM,0,
TXN02382,2026-03-16 13:19:44,USR00060,USR00184,706.52,Education,P2P,Delhi,Web,PhonePe,0,
TXN06290,2026-03-16 13:27:41,USR00013,USR00159,184.9,Fuel,P2M,Pune,Tablet,BHIM,0,
TXN00522,2026-03-16 13:55:51,USR00067,USR00278,590.69,Entertainment,P2M,Kolkata,iPhone,PhonePe,0,
TXN01901,2026-03-16 14:15:34,USR00383,USR00161,198.81,Food Delivery,P2M,Kolkata,Android_Phone,BHIM,0,
TXN05768,2026-03-16 14:50:20,USR00385,USR00295,7334.15,Healthcare,P2P,Hyderabad,Tablet,BHIM,0,
TXN07943,2026-03-16 14:51:46,USR00212,USR00442,368.03,P2P Transfer,P2P,Lucknow,Android_Phone,BHIM,0,
TXN03646,2026-03-16 14:51:49,USR00383,USR00352,179.25,Rent,P2M,Kolkata,Android_Phone,BHIM,0,
TXN05325,2026-03-16 14:52:48,USR00157,USR00483,2869.93,Fuel,P2M,Ahmedabad,Web,BHIM,0,
TXN08715,2026-03-16 14:58:07,USR00112,USR00009,369.62,P2P Transfer,P2P,Delhi,Web,BHIM,0,
TXN10113,2026-03-16 15:02:00,USR00339,USR00230,7421.25,Shopping,P2P,Mumbai,Tablet,AmazonPay,1,rapid_burst
TXN10114,2026-03-16 15:03:00,USR00339,USR00395,17930.42,Education,P2P,Mumbai,Tablet,AmazonPay,1,rapid_burst
TXN10116,2026-03-16 15:08:00,USR00339,USR00063,17461.45,P2P Transfer,P2M,Mumbai,Tablet,AmazonPay,1,rapid_burst
TXN10115,2026-03-16 15:08:00,USR00339,USR00337,12238.68,Utilities,P2P,Mumbai,Tablet,AmazonPay,1,rapid_burst
TXN10117,2026-03-16 15:14:00,USR00339,USR00063,14847.54,P2P Transfer,P2M,Mumbai,Tablet,AmazonPay,1,rapid_burst
TXN01800,2026-03-16 15:15:17,USR00101,USR00271,35.03,Food Delivery,P2M,Kolkata,Web,GPay,0,
TXN08673,2026-03-16 15:27:47,USR00447,USR00056,880.38,P2P Transfer,P2P,Mumbai,Web,BHIM,0,
TXN05233,2026-03-16 15:32:17,USR00487,USR00462,440.12,Grocery,P2P,Bengaluru,Android_Phone,GPay,0,
TXN03286,2026-03-16 15:37:15,USR00237,USR00141,268.78,P2P Transfer,P2P,Bengaluru,Android_Phone,PhonePe,0,
TXN09862,2026-03-16 15:43:42,USR00462,USR00216,25045.24,Fuel,P2M,Hyderabad,Web,GPay,1,high_amount
TXN03000,2026-03-16 15:50:48,USR00034,USR00222,1764.2,Rent,P2M,Mumbai,Web,Paytm,0,
TXN05971,2026-03-16 15:51:17,USR00176,USR00459,206.06,Education,P2M,Bengaluru,iPhone,AmazonPay,0,
TXN08982,2026-03-16 15:58:44,USR00160,USR00201,14034.38,Travel,P2M,Lucknow,Web,Paytm,0,
TXN02635,2026-03-16 16:32:52,USR00115,USR00179,3214.21,Travel,P2M,Jaipur,Android_Phone,PhonePe,0,
TXN08819,2026-03-16 16:42:32,USR00436,USR00371,6521.77,Rent,P2M,Chennai,Web,GPay,0,
TXN00196,2026-03-16 16:49:59,USR00267,USR00080,263.75,Entertainment,P2M,Hyderabad,Tablet,Paytm,0,
TXN06296,2026-03-16 16:56:10,USR00450,USR00248,326.44,Healthcare,P2P,Kolkata,iPhone,AmazonPay,0,
TXN02285,2026-03-16 16:59:21,USR00260,USR00023,5611.92,Entertainment,P2M,Pune,iPhone,Paytm,0,
TXN00084,2026-03-16 17:01:29,USR00439,USR00304,13376.94,Utilities,P2M,Nagpur,Tablet,GPay,0,
TXN07154,2026-03-16 17:02:12,USR00338,USR00096,170.3,Rent,P2P,Delhi,Tablet,BHIM,0,
TXN01512,2026-03-16 17:07:56,USR00026,USR00175,1741.57,Education,P2M,Lucknow,Web,Paytm,0,
TXN02978,2026-03-16 17:27:51,USR00275,USR00336,16053.45,Grocery,P2M,Bengaluru,iPhone,PhonePe,0,
TXN06979,2026-03-16 17:31:02,USR00466,USR00492,305.55,Food Delivery,P2P,Kolkata,Android_Phone,BHIM,0,
TXN01810,2026-03-16 17:32:26,USR00489,USR00410,1667.84,Travel,P2M,Ahmedabad,Android_Phone,BHIM,0,
TXN02346,2026-03-16 17:34:51,USR00105,USR00432,387.38,Healthcare,P2M,Delhi,iPhone,Paytm,0,
TXN05553,2026-03-16 17:47:34,USR00391,USR00476,120.39,Education,P2M,Pune,Web,GPay,0,
TXN00794,2026-03-16 18:08:43,USR00347,USR00474,1510.08,Entertainment,P2P,Nagpur,Web,BHIM,0,
TXN08742,2026-03-16 18:08:55,USR00325,USR00131,981.22,Food Delivery,P2M,Nagpur,Android_Phone,PhonePe,0,
TXN00079,2026-03-16 18:14:57,USR00167,USR00285,10674.8,Utilities,P2P,Lucknow,Web,Paytm,0,
TXN08367,2026-03-16 18:33:28,USR00488,USR00428,108.64,Food Delivery,P2M,Bengaluru,Tablet,BHIM,0,
TXN04306,2026-03-16 18:52:43,USR00048,USR00172,827.21,Fuel,P2M,Kolkata,Web,BHIM,0,
TXN03062,2026-03-16 18:55:51,USR00235,USR00312,1956.5,Rent,P2M,Pune,iPhone,BHIM,0,
TXN00171,2026-03-16 19:01:48,USR00178,USR00031,315.64,Healthcare,P2P,Surat,Web,GPay,0,
TXN01897,2026-03-16 19:04:33,USR00040,USR00322,2409.45,Utilities,P2M,Ahmedabad,Android_Phone,BHIM,0,
TXN05513,2026-03-16 19:08:45,USR00399,USR00235,11840.97,Food Delivery,P2M,Delhi,Tablet,PhonePe,0,
TXN09674,2026-03-16 19:10:04,USR00321,USR00359,1747.64,Food Delivery,P2M,Jaipur,Android_Phone,GPay,1,high_amount
TXN01634,2026-03-16 19:14:59,USR00045,USR00426,5746.73,Grocery,P2M,Kolkata,Tablet,BHIM,0,
TXN04746,2026-03-16 19:15:04,USR00040,USR00453,1445.51,Healthcare,P2P,Ahmedabad,Android_Phone,BHIM,0,
TXN06980,2026-03-16 19:21:57,USR00309,USR00351,9005.88,Food Delivery,P2P,Chennai,iPhone,BHIM,0,
TXN00133,2026-03-16 19:22:52,USR00049,USR00332,2460.32,Grocery,P2P,Chennai,Android_Phone,GPay,0,
TXN08058,2026-03-16 19:24:34,USR00273,USR00406,10632.32,Utilities,P2M,Surat,iPhone,BHIM,0,
TXN05182,2026-03-16 19:29:15,USR00232,USR00140,108.26,Utilities,P2M,Hyderabad,iPhone,AmazonPay,0,
TXN00822,2026-03-16 19:39:53,USR00301,USR00233,1483.29,Food Delivery,P2P,Mumbai,iPhone,Paytm,0,
TXN04007,2026-03-16 19:41:58,USR00127,USR00398,1582.94,Shopping,P2M,Surat,Web,AmazonPay,0,
TXN01932,2026-03-16 19:48:15,USR00477,USR00018,223.95,Entertainment,P2P,Surat,Web,PhonePe,0,
TXN00181,2026-03-16 20:06:37,USR00367,USR00143,1426.06,Entertainment,P2P,Surat,iPhone,AmazonPay,0,
TXN03355,2026-03-16 20:07:43,USR00075,USR00212,2162.51,P2P Transfer,P2P,Ahmedabad,iPhone,BHIM,0,
TXN07542,2026-03-16 20:09:10,USR00107,USR00324,150.25,Travel,P2M,Delhi,Tablet,GPay,0,
TXN08402,2026-03-16 20:28:08,USR00224,USR00434,189.95,Education,P2M,Mumbai,Web,Paytm,0,
TXN06295,2026-03-16 20:36:09,USR00126,USR00383,451.52,Education,P2P,Ahmedabad,iPhone,AmazonPay,0,
TXN04612,2026-03-16 20:53:49,USR00235,USR00363,2680.01,Fuel,P2P,Pune,iPhone,BHIM,0,
TXN05901,2026-03-16 21:01:09,USR00422,USR00184,564.38,Education,P2M,Ahmedabad,Web,PhonePe,0,
TXN04566,2026-03-16 21:05:01,USR00154,USR00160,2561.69,Healthcare,P2P,Ahmedabad,Tablet,Paytm,0,
TXN06408,2026-03-16 21:07:51,USR00399,USR00161,11482.67,Grocery,P2M,Delhi,Tablet,PhonePe,0,
TXN00876,2026-03-16 21:20:02,USR00094,USR00185,4991.35,Shopping,P2P,Pune,Web,GPay,0,
TXN03945,2026-03-16 21:20:48,USR00250,USR00440,1099.76,Food Delivery,P2P,Chennai,Android_Phone,AmazonPay,0,
TXN08628,2026-03-16 21:37:19,USR00298,USR00444,528.39,Rent,P2P,Ahmedabad,Web,PhonePe,0,
TXN03157,2026-03-16 21:39:51,USR00001,USR00013,4284.89,Shopping,P2P,Pune,iPhone,AmazonPay,0,
TXN03241,2026-03-16 22:40:30,USR00347,USR00474,1796.64,Healthcare,P2M,Nagpur,Web,BHIM,0,
TXN09740,2026-03-17 03:32:08,USR00223,USR00266,173.81,Travel,P2P,Ahmedabad,Web,BHIM,1,odd_hour
TXN00849,2026-03-17 06:00:14,USR00118,USR00437,576.89,Travel,P2P,Chennai,Android_Phone,GPay,0,
TXN02830,2026-03-17 06:07:10,USR00300,USR00206,1744.92,Shopping,P2P,Nagpur,Web,AmazonPay,0,
TXN05186,2026-03-17 06:42:56,USR00271,USR00218,239.46,Entertainment,P2M,Nagpur,Tablet,PhonePe,0,
TXN06132,2026-03-17 06:45:36,USR00414,USR00280,11255.42,Rent,P2M,Hyderabad,Tablet,BHIM,0,
TXN07063,2026-03-17 06:51:32,USR00340,USR00354,532.88,P2P Transfer,P2P,Jaipur,Tablet,PhonePe,0,
TXN00363,2026-03-17 06:51:40,USR00221,USR00382,298.43,Entertainment,P2P,Hyderabad,Android_Phone,AmazonPay,0,
TXN06754,2026-03-17 08:06:49,USR00400,USR00313,671.24,Grocery,P2P,Pune,Web,Paytm,0,
TXN00813,2026-03-17 08:31:23,USR00148,USR00421,636.26,Healthcare,P2M,Jaipur,Tablet,PhonePe,0,
TXN04297,2026-03-17 08:33:51,USR00225,USR00207,50.94,Rent,P2M,Chennai,iPhone,PhonePe,0,
TXN08231,2026-03-17 08:57:19,USR00240,USR00495,531.07,Fuel,P2M,Delhi,Web,BHIM,0,
TXN01595,2026-03-17 09:00:06,USR00035,USR00412,6622.29,Grocery,P2M,Nagpur,Android_Phone,PhonePe,0,
TXN01373,2026-03-17 09:02:13,USR00020,USR00382,420.27,P2P Transfer,P2M,Lucknow,Android_Phone,BHIM,0,
TXN09341,2026-03-17 09:17:55,USR00171,USR00169,4241.31,Grocery,P2M,Mumbai,iPhone,BHIM,0,
TXN02442,2026-03-17 09:32:48,USR00156,USR00478,6589.55,Food Delivery,P2M,Pune,Tablet,AmazonPay,0,
TXN05404,2026-03-17 09:53:07,USR00283,USR00055,10928.27,Education,P2M,Chennai,Android_Phone,GPay,0,
TXN08582,2026-03-17 10:02:25,USR00179,USR00112,1053.68,Education,P2M,Surat,Android_Phone,PhonePe,0,
TXN05137,2026-03-17 10:13:38,USR00020,USR00160,662.66,Rent,P2P,Lucknow,Android_Phone,BHIM,0,
TXN02548,2026-03-17 10:52:29,USR00382,USR00209,1128.71,Grocery,P2P,Delhi,iPhone,Paytm,0,
TXN02105,2026-03-17 10:56:20,USR00281,USR00290,165.74,Education,P2M,Nagpur,Android_Phone,PhonePe,0,
TXN03570,2026-03-17 11:01:56,USR00453,USR00044,90.39,Food Delivery,P2P,Surat,Tablet,AmazonPay,0,
TXN00055,2026-03-17 11:11:21,USR00391,USR00493,81.51,Food Delivery,P2M,Pune,Web,GPay,0,
TXN07247,2026-03-17 11:22:30,USR00212,USR00401,361.56,Grocery,P2M,Lucknow,Android_Phone,BHIM,0,
TXN05527,2026-03-17 11:29:09,USR00233,USR00396,7157.05,Food Delivery,P2P,Lucknow,Android_Phone,AmazonPay,0,
TXN00511,2026-03-17 11:34:12,USR00159,USR00287,8603.41,Healthcare,P2M,Kolkata,Android_Phone,PhonePe,0,
TXN08071,2026-03-17 11:42:52,USR00084,USR00236,2203.63,Fuel,P2M,Ahmedabad,iPhone,Paytm,0,
TXN02073,2026-03-17 11:43:23,USR00476,USR00174,8126.75,Shopping,P2P,Delhi,Android_Phone,AmazonPay,0,
TXN04535,2026-03-17 11:51:33,USR00453,USR00195,101.29,Utilities,P2M,Surat,Tablet,AmazonPay,0,
TXN05291,2026-03-17 12:08:45,USR00252,USR00158,2218.18,Grocery,P2P,Hyderabad,iPhone,AmazonPay,0,
TXN04833,2026-03-17 12:14:52,USR00284,USR00295,14143.98,Travel,P2P,Delhi,Tablet,PhonePe,0,
TXN09604,2026-03-17 12:23:17,USR00443,USR00256,1074.55,Fuel,P2M,Delhi,Web,PhonePe,1,rapid_burst
TXN07529,2026-03-17 12:24:52,USR00339,USR00063,10232.09,P2P Transfer,P2M,Mumbai,Tablet,AmazonPay,0,
TXN09207,2026-03-17 12:42:54,USR00268,USR00419,5063.41,Rent,P2P,Kolkata,Web,GPay,0,
TXN01755,2026-03-17 13:03:46,USR00157,USR00046,2333.79,P2P Transfer,P2M,Ahmedabad,Web,BHIM,0,
TXN03807,2026-03-17 13:05:54,USR00394,USR00180,11378.12,Fuel,P2P,Chennai,iPhone,Paytm,0,
TXN04696,2026-03-17 13:15:23,USR00390,USR00265,108.03,Fuel,P2P,Surat,Web,GPay,0,
TXN02199,2026-03-17 13:20:28,USR00303,USR00132,108.3,Education,P2M,Chennai,Web,GPay,0,
TXN05822,2026-03-17 13:35:48,USR00251,USR00020,15493.76,Fuel,P2M,Mumbai,Android_Phone,BHIM,0,
TXN09995,2026-03-17 13:42:34,USR00319,USR00301,459.83,Fuel,P2P,Nagpur,Android_Phone,PhonePe,1,new_device
TXN04042,2026-03-17 13:47:40,USR00386,USR00260,476.67,P2P Transfer,P2P,Delhi,iPhone,Paytm,0,
TXN08531,2026-03-17 13:57:51,USR00418,USR00409,4031.78,Entertainment,P2P,Kolkata,Web,BHIM,0,
TXN03760,2026-03-17 13:58:06,USR00258,USR00186,495.27,Travel,P2M,Pune,Android_Phone,BHIM,0,
TXN05344,2026-03-17 14:01:40,USR00151,USR00314,172.72,Education,P2M,Surat,iPhone,PhonePe,0,
TXN04935,2026-03-17 14:27:19,USR00435,USR00432,3931.64,Fuel,P2P,Chennai,Tablet,BHIM,0,
TXN09967,2026-03-17 14:48:15,USR00011,USR00078,149973.99,Food Delivery,P2M,Surat,Web,AmazonPay,1,high_amount
TXN04343,2026-03-17 14:51:03,USR00000,USR00346,275.33,Education,P2M,Nagpur,iPhone,AmazonPay,0,
TXN01096,2026-03-17 14:51:40,USR00398,USR00065,12466.09,Education,P2P,Kolkata,Web,GPay,0,
TXN05151,2026-03-17 14:54:40,USR00214,USR00483,736.29,Food Delivery,P2M,Chennai,Android_Phone,BHIM,0,
TXN06373,2026-03-17 15:18:00,USR00106,USR00092,2231.71,Travel,P2P,Lucknow,Android_Phone,Paytm,0,
TXN07295,2026-03-17 15:27:59,USR00317,USR00152,341.54,Grocery,P2P,Delhi,iPhone,Paytm,0,
TXN10130,2026-03-17 15:46:00,USR00367,USR00423,2568.31,Shopping,P2M,Surat,iPhone,AmazonPay,1,rapid_burst
TXN10132,2026-03-17 15:48:00,USR00367,USR00143,2226.33,Food Delivery,P2P,Surat,iPhone,AmazonPay,1,rapid_burst
TXN10131,2026-03-17 15:49:00,USR00367,USR00439,2615.72,Entertainment,P2P,Surat,iPhone,AmazonPay,1,rapid_burst
TXN05280,2026-03-17 16:02:46,USR00318,USR00470,562.45,Shopping,P2P,Pune,Web,BHIM,0,
TXN01560,2026-03-17 16:14:28,USR00472,USR00029,7181.16,Entertainment,P2P,Nagpur,iPhone,AmazonPay,0,
TXN07263,2026-03-17 16:16:22,USR00260,USR00205,1685.64,Rent,P2M,Pune,iPhone,Paytm,0,
TXN06163,2026-03-17 16:22:01,USR00249,USR00151,14993.16,Shopping,P2P,Nagpur,iPhone,PhonePe,0,
TXN04693,2026-03-17 16:30:16,USR00074,USR00007,86.79,Shopping,P2M,Nagpur,iPhone,AmazonPay,0,
TXN00595,2026-03-17 16:33:38,USR00379,USR00055,333.04,Shopping,P2M,Pune,Android_Phone,AmazonPay,0,
TXN00605,2026-03-17 16:44:00,USR00081,USR00035,8978.63,Travel,P2M,Jaipur,Tablet,PhonePe,0,
TXN04552,2026-03-17 16:51:51,USR00435,USR00166,5407.77,Education,P2M,Chennai,Tablet,BHIM,0,
TXN02938,2026-03-17 16:53:01,USR00318,USR00464,740.59,Utilities,P2P,Pune,Web,BHIM,0,
TXN04541,2026-03-17 17:02:15,USR00463,USR00069,1575.19,Travel,P2P,Lucknow,iPhone,PhonePe,0,
TXN06461,2026-03-17 17:29:13,USR00319,USR00258,1143.26,Utilities,P2M,Nagpur,iPhone,PhonePe,0,
TXN03376,2026-03-17 17:45:19,USR00238,USR00137,443.1,Education,P2M,Ahmedabad,Tablet,BHIM,0,
TXN03500,2026-03-17 18:03:50,USR00030,USR00499,1533.59,Rent,P2P,Pune,iPhone,PhonePe,0,
TXN09735,2026-03-17 18:05:09,USR00480,USR00016,5187.62,Education,P2M,Nagpur,Android_Phone,GPay,1,"high_amount,new_device"
TXN06812,2026-03-17 18:10:41,USR00081,USR00035,9701.77,Travel,P2M,Jaipur,Tablet,PhonePe,0,
TXN09856,2026-03-17 18:18:18,USR00096,USR00445,2147.35,P2P Transfer,P2P,Surat,iPhone,Paytm,1,new_location
TXN00482,2026-03-17 18:19:46,USR00256,USR00364,791.27,Food Delivery,P2P,Jaipur,Web,AmazonPay,0,
TXN02557,2026-03-17 18:40:24,USR00346,USR00444,221.81,Education,P2M,Chennai,Android_Phone,AmazonPay,0,
TXN01630,2026-03-17 18:56:28,USR00143,USR00039,3444.28,Food Delivery,P2M,Chennai,Web,Paytm,0,
TXN07319,2026-03-17 19:00:17,USR00329,USR00291,2692.71,Fuel,P2P,Kolkata,Android_Phone,AmazonPay,0,
TXN08055,2026-03-17 19:06:18,USR00476,USR00291,7458.37,Food Delivery,P2P,Delhi,Android_Phone,AmazonPay,0,
TXN06970,2026-03-17 19:27:41,USR00206,USR00023,6705.39,Food Delivery,P2P,Pune,iPhone,Paytm,0,
TXN08802,2026-03-17 19:33:11,USR00019,USR00199,6426.04,Shopping,P2P,Bengaluru,Android_Phone,BHIM,0,
TXN06184,2026-03-17 19:35:38,USR00229,USR00198,11161.5,Utilities,P2P,Nagpur,Web,AmazonPay,0,
TXN04799,2026-03-17 19:43:26,USR00230,USR00147,15324.75,Education,P2P,Jaipur,iPhone,PhonePe,0,
TXN00176,2026-03-17 20:01:20,USR00356,USR00499,16417.76,P2P Transfer,P2M,Pune,Android_Phone,BHIM,0,
TXN06841,2026-03-17 21:09:20,USR00031,USR00359,1303.87,Rent,P2P,Hyderabad,iPhone,BHIM,0,
TXN00727,2026-03-17 21:19:10,USR00298,USR00497,524.04,Education,P2M,Ahmedabad,Web,PhonePe,0,
TXN05148,2026-03-17 21:21:02,USR00240,USR00219,639.9,Healthcare,P2M,Delhi,Web,BHIM,0,
TXN06393,2026-03-17 21:25:24,USR00311,USR00133,424.07,Travel,P2P,Chennai,Tablet,GPay,0,
TXN07349,2026-03-17 22:03:35,USR00210,USR00078,2569.65,Education,P2P,Bengaluru,Web,BHIM,0,
TXN08132,2026-03-17 22:23:20,USR00060,USR00151,1228.42,Travel,P2M,Delhi,Web,PhonePe,0,
TXN01305,2026-03-17 22:26:10,USR00008,USR00298,6928.58,Entertainment,P2P,Nagpur,Web,PhonePe,0,
TXN09239,2026-03-17 22:27:21,USR00302,USR00348,4580.87,Shopping,P2P,Surat,Tablet,PhonePe,0,
TXN01004,2026-03-17 22:36:44,USR00224,USR00434,194.53,Healthcare,P2M,Mumbai,Web,Paytm,0,
TXN08729,2026-03-17 22:57:32,USR00373,USR00264,328.36,Entertainment,P2P,Lucknow,Web,BHIM,0,
TXN09792,2026-03-18 00:05:23,USR00145,USR00141,9616.08,Food Delivery,P2M,Ahmedabad,Android_Phone,GPay,1,"new_receiver,odd_hour"
TXN02812,2026-03-18 06:10:02,USR00496,USR00387,905.81,P2P Transfer,P2P,Lucknow,iPhone,PhonePe,0,
TXN03683,2026-03-18 06:28:43,USR00172,USR00244,1538.3,Food Delivery,P2P,Surat,Tablet,Paytm,0,
TXN01689,2026-03-18 06:29:33,USR00046,USR00112,14020.46,Food Delivery,P2P,Jaipur,Tablet,Paytm,0,
TXN07278,2026-03-18 06:30:22,USR00467,USR00437,6122.1,Education,P2P,Mumbai,Web,GPay,0,
TXN00126,2026-03-18 06:47:23,USR00496,USR00075,875.39,P2P Transfer,P2M,Lucknow,iPhone,PhonePe,0,
TXN00680,2026-03-18 06:49:24,USR00163,USR00407,1153.87,Fuel,P2M,Lucknow,Tablet,GPay,0,
TXN08668,2026-03-18 07:08:37,USR00041,USR00356,9670.04,P2P Transfer,P2P,Pune,Tablet,AmazonPay,0,
TXN01397,2026-03-18 07:23:29,USR00186,USR00114,3943.3,Travel,P2P,Jaipur,Tablet,GPay,0,
TXN07288,2026-03-18 07:28:08,USR00364,USR00460,16951.83,Entertainment,P2P,Lucknow,Web,Paytm,0,
TXN05060,2026-03-18 08:00:11,USR00377,USR00264,949.84,Food Delivery,P2M,Bengaluru,Android_Phone,BHIM,0,
TXN09671,2026-03-18 08:02:21,USR00020,USR00101,375.93,Grocery,P2P,Lucknow,Android_Phone,BHIM,1,new_receiver
TXN02738,2026-03-18 08:09:26,USR00243,USR00320,11973.57,Entertainment,P2P,Chennai,Android_Phone,Paytm,0,
TXN06438,2026-03-18 08:10:56,USR00474,USR00060,161.68,Shopping,P2P,Pune,Web,BHIM,0,
TXN04508,2026-03-18 08:11:15,USR00482,USR00472,88.48,Healthcare,P2P,Jaipur,Tablet,BHIM,0,
TXN00365,2026-03-18 08:39:28,USR00483,USR00235,8723.43,Rent,P2M,Nagpur,iPhone,AmazonPay,0,
TXN07609,2026-03-18 08:55:15,USR00139,USR00217,122.12,Fuel,P2M,Jaipur,Web,GPay,0,
TXN02122,2026-03-18 09:05:26,USR00333,USR00418,1849.46,Rent,P2P,Mumbai,Web,PhonePe,0,
TXN03820,2026-03-18 09:09:31,USR00375,USR00308,2790.36,Travel,P2P,Bengaluru,iPhone,PhonePe,0,
TXN04445,2026-03-18 09:13:12,USR00362,USR00092,290.91,Entertainment,P2M,Pune,Web,AmazonPay,0,
TXN09182,2026-03-18 09:14:17,USR00156,USR00167,6884.87,P2P Transfer,P2M,Pune,Tablet,AmazonPay,0,
TXN07235,2026-03-18 09:16:56,USR00360,USR00324,3076.29,Travel,P2M,Jaipur,Tablet,Paytm,0,
TXN07765,2026-03-18 09:26:32,USR00182,USR00414,1766.45,P2P Transfer,P2M,Delhi,Tablet,BHIM,0,
TXN07773,2026-03-18 09:28:48,USR00371,USR00135,319.42,Entertainment,P2M,Pune,Tablet,PhonePe,0,
TXN08121,2026-03-18 09:31:00,USR00192,USR00495,1815.08,Travel,P2M,Mumbai,Tablet,BHIM,0,
TXN04526,2026-03-18 09:52:57,USR00112,USR00379,286.94,Shopping,P2M,Delhi,Web,BHIM,0,
TXN09034,2026-03-18 09:55:05,USR00428,USR00337,161.45,Grocery,P2M,Nagpur,Web,AmazonPay,0,
TXN09622,2026-03-18 09:58:32,USR00116,USR00487,2373.19,Fuel,P2P,Surat,Android_Phone,BHIM,1,"new_device,rapid_burst"
TXN02497,2026-03-18 10:52:53,USR00025,USR00480,1971.35,Travel,P2M,Surat,Android_Phone,PhonePe,0,
TXN03785,2026-03-18 11:01:50,USR00180,USR00390,864.43,Utilities,P2M,Jaipur,Tablet,AmazonPay,0,
TXN01403,2026-03-18 11:21:34,USR00259,USR00213,2976.22,P2P Transfer,P2P,Pune,Tablet,Paytm,0,
TXN07310,2026-03-18 11:42:33,USR00047,USR00318,1991.68,Shopping,P2P,Ahmedabad,iPhone,BHIM,0,
TXN06463,2026-03-18 11:50:16,USR00158,USR00004,423.91,Utilities,P2P,Lucknow,Tablet,BHIM,0,
TXN09576,2026-03-18 11:52:54,USR00200,USR00429,12494.32,P2P Transfer,P2M,Jaipur,Android_Phone,GPay,1,high_amount
TXN08345,2026-03-18 12:03:16,USR00413,USR00146,263.05,Education,P2M,Jaipur,Android_Phone,AmazonPay,0,
TXN02379,2026-03-18 12:05:16,USR00185,USR00464,16363.27,Education,P2M,Chennai,Tablet,BHIM,0,
TXN09310,2026-03-18 12:29:20,USR00317,USR00485,500.99,Education,P2M,Delhi,iPhone,Paytm,0,
TXN00029,2026-03-18 12:40:07,USR00029,USR00460,340.84,Food Delivery,P2P,Chennai,Web,PhonePe,0,
TXN06594,2026-03-18 12:49:58,USR00095,USR00305,63.79,P2P Transfer,P2P,Delhi,Tablet,GPay,0,
TXN05596,2026-03-18 13:02:40,USR00064,USR00404,495.82,Grocery,P2M,Lucknow,Tablet,BHIM,0,
TXN08827,2026-03-18 13:04:29,USR00396,USR00103,4600.81,Entertainment,P2M,Hyderabad,iPhone,PhonePe,0,
TXN09877,2026-03-18 13:07:09,USR00338,USR00465,159.73,Shopping,P2P,Delhi,Tablet,BHIM,1,new_receiver
TXN03399,2026-03-18 13:07:42,USR00382,USR00448,823.74,Education,P2P,Delhi,iPhone,Paytm,0,
TXN03762,2026-03-18 13:10:01,USR00042,USR00486,6102.68,Fuel,P2M,Surat,Tablet,BHIM,0,
TXN01894,2026-03-18 13:16:31,USR00360,USR00491,3264.5,Shopping,P2P,Jaipur,Tablet,Paytm,0,
TXN03728,2026-03-18 13:19:05,USR00398,USR00384,14435.45,Travel,P2M,Kolkata,Web,GPay,0,
TXN05278,2026-03-18 13:19:55,USR00100,USR00037,885.59,P2P Transfer,P2M,Ahmedabad,Android_Phone,PhonePe,0,
TXN06830,2026-03-18 13:22:52,USR00023,USR00234,947.93,Rent,P2P,Delhi,Web,AmazonPay,0,
TXN04481,2026-03-18 13:25:51,USR00453,USR00373,80.59,Fuel,P2M,Surat,Tablet,AmazonPay,0,
TXN09599,2026-03-18 13:29:32,USR00313,USR00041,2014.65,Travel,P2P,Chennai,iPhone,Paytm,1,rapid_burst
TXN06422,2026-03-18 13:38:44,USR00211,USR00067,11555.6,Rent,P2P,Hyderabad,Web,PhonePe,0,
TXN00242,2026-03-18 13:42:00,USR00321,USR00078,116.26,Grocery,P2M,Jaipur,Android_Phone,GPay,0,
TXN07746,2026-03-18 13:44:25,USR00366,USR00347,17287.15,Healthcare,P2M,Chennai,Web,BHIM,0,
TXN09692,2026-03-18 13:46:51,USR00266,USR00054,13609.33,Healthcare,P2P,Hyderabad,iPhone,PhonePe,1,new_location
TXN05389,2026-03-18 13:51:35,USR00096,USR00416,2306.5,Shopping,P2M,Delhi,iPhone,Paytm,0,
TXN07231,2026-03-18 14:01:27,USR00198,USR00168,546.97,Travel,P2P,Bengaluru,Web,AmazonPay,0,
TXN09390,2026-03-18 14:04:50,USR00420,USR00499,989.3,Rent,P2M,Nagpur,Android_Phone,BHIM,0,
TXN05919,2026-03-18 14:05:51,USR00375,USR00367,1592.43,Travel,P2M,Bengaluru,iPhone,PhonePe,0,
TXN08453,2026-03-18 14:05:58,USR00347,USR00195,1529.09,Healthcare,P2M,Nagpur,Web,BHIM,0,
TXN03400,2026-03-18 14:14:17,USR00196,USR00238,491.93,Grocery,P2M,Hyderabad,Web,Paytm,0,
TXN08025,2026-03-18 14:38:45,USR00160,USR00201,10305.99,Grocery,P2M,Lucknow,Web,Paytm,0,
TXN01661,2026-03-18 14:42:36,USR00043,USR00248,1233.73,Entertainment,P2M,Pune,Web,PhonePe,0,
TXN02887,2026-03-18 14:44:51,USR00443,USR00222,592.2,Utilities,P2M,Delhi,Web,PhonePe,0,
TXN05027,2026-03-18 14:46:47,USR00051,USR00475,11492.95,Food Delivery,P2P,Bengaluru,Android_Phone,Paytm,0,
TXN06032,2026-03-18 15:08:10,USR00346,USR00444,153.46,Food Delivery,P2M,Chennai,Android_Phone,AmazonPay,0,
TXN06682,2026-03-18 15:09:10,USR00074,USR00282,107.5,Shopping,P2P,Nagpur,iPhone,AmazonPay,0,
TXN02277,2026-03-18 15:09:22,USR00408,USR00094,412.26,P2P Transfer,P2M,Kolkata,Tablet,PhonePe,0,
TXN07410,2026-03-18 15:32:55,USR00173,USR00471,806.49,Food Delivery,P2M,Jaipur,iPhone,PhonePe,0,
TXN07575,2026-03-18 15:35:22,USR00434,USR00452,326.15,Utilities,P2M,Surat,Web,PhonePe,0,
TXN09716,2026-03-18 15:40:19,USR00429,USR00056,38757.96,Entertainment,P2M,Kolkata,Web,GPay,1,high_amount
TXN01030,2026-03-18 15:43:23,USR00187,USR00126,2858.08,Healthcare,P2M,Jaipur,Tablet,PhonePe,0,
TXN03295,2026-03-18 15:45:40,USR00134,USR00259,2142.99,Travel,P2M,Delhi,Web,BHIM,0,
TXN05075,2026-03-18 16:02:23,USR00037,USR00154,712.07,Utilities,P2M,Lucknow,iPhone,Paytm,0,
TXN07337,2026-03-18 16:16:23,USR00267,USR00135,295.85,Food Delivery,P2P,Hyderabad,Tablet,Paytm,0,
TXN03487,2026-03-18 16:24:47,USR00206,USR00350,9305.24,Shopping,P2P,Pune,iPhone,Paytm,0,
TXN09343,2026-03-18 16:35:18,USR00175,USR00098,2173.91,Education,P2M,Bengaluru,Tablet,PhonePe,0,
TXN01008,2026-03-18 16:44:33,USR00472,USR00313,5576.07,P2P Transfer,P2P,Nagpur,iPhone,AmazonPay,0,
TXN04547,2026-03-18 16:44:51,USR00177,USR00003,10233.73,Fuel,P2M,Chennai,Tablet,PhonePe,0,
TXN07196,2026-03-18 16:46:49,USR00202,USR00369,13906.71,Entertainment,P2M,Mumbai,Tablet,Paytm,0,
TXN00842,2026-03-18 16:47:39,USR00036,USR00259,196.55,Travel,P2M,Nagpur,Android_Phone,Paytm,0,
TXN05331,2026-03-18 16:50:41,USR00090,USR00202,484.45,Healthcare,P2M,Jaipur,Tablet,Paytm,0,
TXN09370,2026-03-18 16:56:19,USR00243,USR00320,9143.02,Food Delivery,P2P,Chennai,Android_Phone,Paytm,0,
TXN06172,2026-03-18 17:03:19,USR00141,USR00343,14840.6,Entertainment,P2M,Hyderabad,Tablet,BHIM,0,
TXN01955,2026-03-18 17:03:24,USR00167,USR00142,8021.98,Grocery,P2P,Lucknow,Web,Paytm,0,
TXN06842,2026-03-18 17:41:58,USR00463,USR00165,2757.03,Utilities,P2M,Lucknow,iPhone,PhonePe,0,
TXN02006,2026-03-18 17:42:55,USR00260,USR00449,7197.67,Rent,P2M,Pune,iPhone,Paytm,0,
TXN05906,2026-03-18 17:57:06,USR00283,USR00368,13629.62,Healthcare,P2M,Chennai,Android_Phone,GPay,0,
TXN08062,2026-03-18 17:58:58,USR00226,USR00360,9603.35,Education,P2M,Ahmedabad,iPhone,Paytm,0,
TXN05469,2026-03-18 18:04:54,USR00299,USR00330,315.8,Healthcare,P2P,Nagpur,Web,PhonePe,0,
TXN08009,2026-03-18 18:05:54,USR00009,USR00197,2038.04,Travel,P2M,Lucknow,Tablet,AmazonPay,0,
TXN03138,2026-03-18 18:06:20,USR00482,USR00472,104.04,Fuel,P2M,Jaipur,Tablet,BHIM,0,
TXN04662,2026-03-18 18:23:24,USR00325,USR00463,727.01,P2P Transfer,P2P,Nagpur,Android_Phone,PhonePe,0,
TXN03428,2026-03-18 18:25:33,USR00004,USR00023,1166.13,Fuel,P2P,Lucknow,Web,PhonePe,0,
TXN01738,2026-03-18 18:25:58,USR00003,USR00235,3020.06,Food Delivery,P2P,Lucknow,Web,AmazonPay,0,
TXN04510,2026-03-18 18:41:37,USR00129,USR00484,10286.07,Entertainment,P2P,Ahmedabad,Web,PhonePe,0,
TXN08370,2026-03-18 18:46:18,USR00167,USR00142,5259.31,Healthcare,P2P,Lucknow,Web,Paytm,0,
TXN04287,2026-03-18 18:59:13,USR00370,USR00091,1649.83,Utilities,P2M,Ahmedabad,iPhone,AmazonPay,0,
TXN07422,2026-03-18 19:11:54,USR00499,USR00195,551.72,Shopping,P2M,Surat,Tablet,BHIM,0,
TXN01097,2026-03-18 19:17:31,USR00128,USR00190,180.96,Fuel,P2M,Surat,Android_Phone,AmazonPay,0,
TXN06224,2026-03-18 19:21:41,USR00184,USR00457,13872.15,Utilities,P2M,Jaipur,Android_Phone,GPay,0,
TXN02640,2026-03-18 19:25:20,USR00399,USR00006,10381.25,P2P Transfer,P2P,Delhi,Tablet,PhonePe,0,
TXN05864,2026-03-18 19:52:45,USR00392,USR00411,249.06,P2P Transfer,P2M,Chennai,Web,Paytm,0,
TXN04071,2026-03-18 20:24:28,USR00374,USR00084,13690.71,Utilities,P2M,Ahmedabad,Tablet,PhonePe,0,
TXN06917,2026-03-18 20:31:02,USR00442,USR00201,1470.68,Healthcare,P2M,Pune,Android_Phone,Paytm,0,
TXN04431,2026-03-18 20:31:23,USR00154,USR00160,2946.58,Fuel,P2M,Ahmedabad,Tablet,Paytm,0,
TXN00270,2026-03-18 20:46:35,USR00377,USR00264,590.56,Grocery,P2M,Bengaluru,Android_Phone,BHIM,0,
TXN06907,2026-03-18 20:47:06,USR00388,USR00089,1024.78,Healthcare,P2P,Nagpur,Web,BHIM,0,
TXN00012,2026-03-18 20:47:19,USR00018,USR00385,3662.36,P2P Transfer,P2M,Mumbai,Android_Phone,PhonePe,0,
TXN06689,2026-03-18 20:55:29,USR00028,USR00452,15472.67,P2P Transfer,P2M,Delhi,Android_Phone,PhonePe,0,
TXN04026,2026-03-18 21:05:40,USR00474,USR00060,105.75,Education,P2P,Pune,Web,BHIM,0,
TXN02731,2026-03-18 21:11:04,USR00013,USR00365,232.41,Fuel,P2M,Pune,Tablet,BHIM,0,
TXN07209,2026-03-18 21:15:46,USR00385,USR00396,9352.47,Shopping,P2P,Hyderabad,Tablet,BHIM,0,
TXN06584,2026-03-18 21:19:54,USR00425,USR00010,2031.85,Rent,P2M,Ahmedabad,Web,Paytm,0,
TXN03722,2026-03-18 21:26:11,USR00066,USR00149,10197.55,Rent,P2P,Nagpur,Tablet,Paytm,0,
TXN00458,2026-03-18 21:28:47,USR00121,USR00145,326.22,Utilities,P2M,Delhi,Web,AmazonPay,0,
TXN10000,2026-03-18 21:48:00,USR00475,USR00326,11061.29,Travel,P2M,Chennai,Web,Paytm,1,rapid_burst
TXN10002,2026-03-18 21:50:00,USR00475,USR00412,11165.5,Grocery,P2M,Chennai,Web,Paytm,1,rapid_burst
TXN10001,2026-03-18 21:51:00,USR00475,USR00327,13656.79,Travel,P2M,Chennai,Web,Paytm,1,rapid_burst
TXN10003,2026-03-18 21:54:00,USR00475,USR00327,12612.24,Food Delivery,P2M,Chennai,Web,Paytm,1,rapid_burst
TXN06898,2026-03-18 21:56:53,USR00300,USR00206,2108.55,Food Delivery,P2M,Nagpur,Web,AmazonPay,0,
TXN03823,2026-03-18 22:02:22,USR00477,USR00469,303.5,Rent,P2M,Surat,Web,PhonePe,0,
TXN04724,2026-03-18 22:07:15,USR00481,USR00401,542.57,Education,P2M,Bengaluru,Web,GPay,0,
TXN03546,2026-03-18 22:17:21,USR00480,USR00016,261.06,Grocery,P2M,Nagpur,Web,GPay,0,
TXN03878,2026-03-18 22:17:50,USR00167,USR00098,7813.02,Education,P2M,Lucknow,Web,Paytm,0,
TXN03267,2026-03-18 22:37:15,USR00269,USR00066,488.43,Travel,P2M,Mumbai,Android_Phone,BHIM,0,
TXN01719,2026-03-18 22:45:36,USR00206,USR00038,6862.48,Rent,P2M,Pune,iPhone,Paytm,0,
TXN00227,2026-03-18 22:45:47,USR00310,USR00241,3200.88,Grocery,P2M,Hyderabad,iPhone,Paytm,0,
TXN09907,2026-03-19 04:18:47,USR00097,USR00443,2228.47,Healthcare,P2P,Bengaluru,Web,GPay,1,odd_hour
TXN00260,2026-03-19 06:16:55,USR00094,USR00227,4302.96,Healthcare,P2P,Pune,Web,GPay,0,
TXN07123,2026-03-19 06:29:56,USR00316,USR00355,15856.73,Healthcare,P2P,Surat,Android_Phone,Paytm,0,
TXN04234,2026-03-19 06:36:05,USR00132,USR00024,7144.7,Rent,P2M,Delhi,Tablet,PhonePe,0,
TXN02671,2026-03-19 06:44:41,USR00403,USR00290,334.94,Healthcare,P2P,Ahmedabad,Web,GPay,0,
TXN01807,2026-03-19 06:46:53,USR00287,USR00121,2812.53,Education,P2P,Surat,Web,BHIM,0,
TXN02208,2026-03-19 07:05:40,USR00103,USR00049,420.05,Fuel,P2M,Delhi,Android_Phone,Paytm,0,
TXN00016,2026-03-19 07:11:58,USR00007,USR00335,79.16,Rent,P2M,Lucknow,iPhone,BHIM,0,
TXN00564,2026-03-19 07:28:10,USR00125,USR00394,78.58,Travel,P2P,Bengaluru,iPhone,AmazonPay,0,
TXN02031,2026-03-19 07:45:37,USR00143,USR00070,4686.98,Utilities,P2M,Chennai,Web,Paytm,0,
TXN06301,2026-03-19 07:49:56,USR00271,USR00254,333.89,Fuel,P2P,Nagpur,Tablet,PhonePe,0,
TXN01985,2026-03-19 07:50:24,USR00410,USR00117,2438.5,Grocery,P2M,Delhi,iPhone,BHIM,0,
TXN00454,2026-03-19 07:58:37,USR00171,USR00169,3865.93,Healthcare,P2P,Mumbai,iPhone,BHIM,0,
TXN03612,2026-03-19 08:23:25,USR00133,USR00073,1084.24,Rent,P2M,Surat,Android_Phone,GPay,0,
TXN03243,2026-03-19 08:39:46,USR00151,USR00257,213.45,Travel,P2P,Surat,iPhone,PhonePe,0,
TXN00112,2026-03-19 08:41:12,USR00167,USR00285,8995.27,Travel,P2P,Lucknow,Web,Paytm,0,
TXN09354,2026-03-19 08:47:25,USR00467,USR00437,7188.81,Travel,P2M,Mumbai,Web,GPay,0,
TXN09075,2026-03-19 08:53:40,USR00041,USR00356,12766.6,P2P Transfer,P2M,Pune,Tablet,AmazonPay,0,
TXN09889,2026-03-19 09:11:14,USR00393,USR00246,9580.45,Healthcare,P2M,Lucknow,Web,Paytm,1,new_device
TXN06418,2026-03-19 09:21:16,USR00032,USR00116,612.56,Rent,P2P,Chennai,Tablet,PhonePe,0,
TXN04867,2026-03-19 09:26:49,USR00266,USR00079,18386.8,Food Delivery,P2M,Lucknow,iPhone,PhonePe,0,
TXN06821,2026-03-19 09:33:25,USR00131,USR00388,9791.85,Utilities,P2M,Ahmedabad,Web,BHIM,0,
TXN03535,2026-03-19 09:52:11,USR00132,USR00062,5704.09,Utilities,P2P,Delhi,Tablet,PhonePe,0,
TXN00807,2026-03-19 09:56:07,USR00000,USR00346,247.99,Shopping,P2P,Nagpur,iPhone,AmazonPay,0,
TXN02620,2026-03-19 10:14:08,USR00357,USR00027,9321.33,Utilities,P2M,Mumbai,Web,PhonePe,0,
TXN02688,2026-03-19 10:18:11,USR00404,USR00133,4313.65,Entertainment,P2M,Ahmedabad,Android_Phone,AmazonPay,0,
TXN10030,2026-03-19 10:21:00,USR00456,USR00226,12642.18,P2P Transfer,P2P,Kolkata,Web,Paytm,1,rapid_burst
TXN10031,2026-03-19 10:22:00,USR00456,USR00381,19415.83,Food Delivery,P2P,Kolkata,Web,Paytm,1,rapid_burst
TXN10032,2026-03-19 10:27:00,USR00456,USR00478,12916.89,Fuel,P2P,Kolkata,Web,Paytm,1,rapid_burst
TXN03144,2026-03-19 10:27:25,USR00466,USR00373,288.78,P2P Transfer,P2P,Kolkata,Android_Phone,BHIM,0,
TXN01271,2026-03-19 10:33:18,USR00035,USR00275,6514.0,Utilities,P2P,Nagpur,Android_Phone,PhonePe,0,
TXN03350,2026-03-19 10:39:04,USR00238,USR00295,852.86,Fuel,P2M,Ahmedabad,Tablet,BHIM,0,
TXN08179,2026-03-19 10:45:16,USR00138,USR00063,15199.67,Grocery,P2M,Surat,Android_Phone,BHIM,0,
TXN04766,2026-03-19 10:53:13,USR00044,USR00070,11265.64,Food Delivery,P2P,Chennai,Web,PhonePe,0,
TXN06115,2026-03-19 11:01:06,USR00204,USR00350,3047.29,Fuel,P2P,Nagpur,iPhone,GPay,0,
TXN00852,2026-03-19 11:25:30,USR00149,USR00257,531.09,Food Delivery,P2P,Jaipur,iPhone,GPay,0,
TXN03127,2026-03-19 11:27:36,USR00427,USR00232,1532.71,Entertainment,P2M,Jaipur,Web,AmazonPay,0,
TXN06926,2026-03-19 11:45:52,USR00247,USR00051,2665.91,Grocery,P2P,Lucknow,Tablet,PhonePe,0,
TXN00620,2026-03-19 12:06:24,USR00372,USR00165,793.48,Grocery,P2P,Mumbai,Tablet,GPay,0,
TXN02328,2026-03-19 12:09:06,USR00102,USR00160,1548.77,Travel,P2P,Chennai,Tablet,BHIM,0,
TXN05013,2026-03-19 12:09:10,USR00159,USR00287,9536.81,Grocery,P2P,Kolkata,Android_Phone,PhonePe,0,
TXN00987,2026-03-19 12:12:44,USR00022,USR00160,4818.43,Healthcare,P2P,Hyderabad,Web,PhonePe,0,
TXN02930,2026-03-19 12:20:50,USR00256,USR00364,612.67,Travel,P2M,Jaipur,Web,AmazonPay,0,
TXN02810,2026-03-19 12:29:19,USR00028,USR00452,14672.35,Grocery,P2P,Delhi,Android_Phone,PhonePe,0,
TXN01428,2026-03-19 12:36:01,USR00071,USR00082,169.77,Education,P2M,Surat,Web,Paytm,0,
TXN06400,2026-03-19 12:39:38,USR00169,USR00489,14753.29,Grocery,P2M,Mumbai,Web,BHIM,0,
TXN07380,2026-03-19 12:54:27,USR00016,USR00210,66.51,P2P Transfer,P2P,Surat,Android_Phone,GPay,0,
TXN05230,2026-03-19 13:01:51,USR00238,USR00295,807.43,Rent,P2M,Ahmedabad,Tablet,BHIM,0,
TXN07739,2026-03-19 13:12:21,USR00312,USR00445,385.21,Shopping,P2M,Jaipur,Tablet,PhonePe,0,
TXN02383,2026-03-19 13:13:02,USR00133,USR00367,1297.36,Shopping,P2M,Surat,Android_Phone,GPay,0,
TXN02707,2026-03-19 13:36:02,USR00418,USR00402,2772.87,Utilities,P2M,Kolkata,Web,BHIM,0,
TXN07106,2026-03-19 13:48:58,USR00002,USR00490,2340.17,Shopping,P2P,Chennai,Tablet,Paytm,0,
TXN04646,2026-03-19 13:49:35,USR00396,USR00117,4601.24,Shopping,P2P,Hyderabad,iPhone,PhonePe,0,
TXN02794,2026-03-19 14:04:50,USR00164,USR00369,189.01,Rent,P2P,Lucknow,Android_Phone,BHIM,0,
TXN06632,2026-03-19 14:09:28,USR00443,USR00256,1515.09,Entertainment,P2P,Delhi,Web,PhonePe,0,
TXN04774,2026-03-19 14:36:30,USR00144,USR00467,141.63,Shopping,P2P,Jaipur,Tablet,Paytm,0,
TXN04670,2026-03-19 14:37:37,USR00190,USR00485,2833.83,Food Delivery,P2P,Kolkata,iPhone,AmazonPay,0,
TXN05784,2026-03-19 14:38:40,USR00203,USR00123,314.97,Entertainment,P2P,Delhi,Android_Phone,Paytm,0,
TXN04201,2026-03-19 15:17:25,USR00176,USR00423,252.84,Healthcare,P2M,Bengaluru,iPhone,AmazonPay,0,
TXN04338,2026-03-19 15:40:10,USR00143,USR00293,5171.0,Shopping,P2M,Chennai,Web,Paytm,0,
TXN03347,2026-03-19 15:52:15,USR00074,USR00282,66.57,Entertainment,P2M,Nagpur,iPhone,AmazonPay,0,
TXN07555,2026-03-19 16:15:42,USR00313,USR00249,2679.49,Shopping,P2P,Chennai,iPhone,Paytm,0,
TXN06310,2026-03-19 16:20:38,USR00253,USR00122,343.04,P2P Transfer,P2P,Hyderabad,Android_Phone,PhonePe,0,
TXN08966,2026-03-19 16:42:44,USR00082,USR00355,769.36,Travel,P2P,Ahmedabad,Android_Phone,GPay,0,
TXN07541,2026-03-19 16:45:12,USR00356,USR00396,9081.66,Utilities,P2P,Pune,Android_Phone,BHIM,0,
TXN00655,2026-03-19 16:49:54,USR00039,USR00101,7386.07,Grocery,P2P,Surat,iPhone,GPay,0,
TXN09357,2026-03-19 16:52:51,USR00434,USR00340,235.1,P2P Transfer,P2P,Surat,Web,PhonePe,0,
TXN03288,2026-03-19 16:53:31,USR00222,USR00053,126.45,Entertainment,P2P,Chennai,iPhone,Paytm,0,
TXN02803,2026-03-19 16:59:50,USR00009,USR00197,2331.01,Utilities,P2P,Lucknow,Tablet,AmazonPay,0,
TXN00735,2026-03-19 17:13:33,USR00197,USR00189,6064.82,Food Delivery,P2M,Chennai,Tablet,GPay,0,
TXN06989,2026-03-19 17:16:10,USR00396,USR00103,4658.98,Entertainment,P2P,Hyderabad,iPhone,PhonePe,0,
TXN03829,2026-03-19 17:28:56,USR00025,USR00480,2628.91,P2P Transfer,P2M,Surat,Android_Phone,PhonePe,0,
TXN09017,2026-03-19 17:38:34,USR00412,USR00158,1383.19,Rent,P2P,Jaipur,Tablet,GPay,0,
TXN00826,2026-03-19 17:40:53,USR00226,USR00219,9379.57,Utilities,P2M,Ahmedabad,iPhone,Paytm,0,
TXN06895,2026-03-19 17:42:30,USR00025,USR00480,2032.44,Utilities,P2P,Surat,Android_Phone,PhonePe,0,
TXN08644,2026-03-19 17:57:41,USR00017,USR00097,233.09,Education,P2P,Pune,Android_Phone,PhonePe,0,
TXN02227,2026-03-19 18:37:15,USR00202,USR00271,10752.73,Entertainment,P2M,Mumbai,Tablet,Paytm,0,
TXN01496,2026-03-19 18:48:02,USR00082,USR00355,1025.42,Healthcare,P2P,Ahmedabad,Android_Phone,GPay,0,
TXN09603,2026-03-19 18:49:16,USR00298,USR00497,457.56,Entertainment,P2M,Mumbai,iPhone,PhonePe,1,"new_location,new_device"
TXN05898,2026-03-19 19:04:22,USR00050,USR00342,607.84,P2P Transfer,P2M,Pune,iPhone,AmazonPay,0,
TXN09988,2026-03-19 19:17:01,USR00107,USR00379,195.72,Rent,P2M,Lucknow,Tablet,GPay,1,new_location
TXN06022,2026-03-19 19:26:27,USR00244,USR00067,11834.76,Healthcare,P2P,Ahmedabad,iPhone,PhonePe,0,
TXN08989,2026-03-19 19:31:13,USR00201,USR00258,209.99,Education,P2M,Delhi,iPhone,BHIM,0,
TXN01192,2026-03-19 19:33:55,USR00287,USR00025,1480.84,Grocery,P2P,Surat,Web,BHIM,0,
TXN01961,2026-03-19 20:01:27,USR00098,USR00135,7639.39,Shopping,P2M,Mumbai,Web,BHIM,0,
TXN06507,2026-03-19 20:05:53,USR00393,USR00246,6210.78,P2P Transfer,P2P,Lucknow,Tablet,Paytm,0,
TXN04386,2026-03-19 20:05:56,USR00207,USR00288,19800.48,Fuel,P2P,Nagpur,iPhone,PhonePe,0,
TXN05788,2026-03-19 20:08:56,USR00235,USR00312,2511.33,Utilities,P2P,Pune,iPhone,BHIM,0,
TXN07804,2026-03-19 20:10:28,USR00277,USR00308,17002.98,Education,P2M,Bengaluru,Web,PhonePe,0,
TXN04600,2026-03-19 20:16:13,USR00327,USR00190,10553.03,Shopping,P2P,Lucknow,Tablet,Paytm,0,
TXN05019,2026-03-19 20:19:44,USR00200,USR00429,943.88,Healthcare,P2P,Jaipur,Android_Phone,GPay,0,
TXN04101,2026-03-19 20:46:34,USR00240,USR00495,326.2,Education,P2M,Delhi,Web,BHIM,0,
TXN00202,2026-03-19 21:02:53,USR00010,USR00057,10458.36,Rent,P2P,Surat,Web,BHIM,0,
TXN02946,2026-03-19 21:03:35,USR00164,USR00317,239.32,Entertainment,P2M,Lucknow,Android_Phone,BHIM,0,
TXN04490,2026-03-19 21:07:15,USR00095,USR00327,49.29,P2P Transfer,P2M,Delhi,Tablet,GPay,0,
TXN07465,2026-03-19 21:08:06,USR00488,USR00428,82.0,Fuel,P2P,Bengaluru,Tablet,BHIM,0,
TXN07973,2026-03-19 21:28:04,USR00166,USR00287,213.51,Shopping,P2P,Jaipur,iPhone,BHIM,0,
TXN06109,2026-03-19 21:33:03,USR00001,USR00287,2063.21,Education,P2P,Pune,iPhone,AmazonPay,0,
TXN06271,2026-03-19 21:43:27,USR00100,USR00041,1518.38,Healthcare,P2M,Ahmedabad,Android_Phone,PhonePe,0,
TXN00262,2026-03-19 21:46:31,USR00444,USR00397,282.42,P2P Transfer,P2M,Pune,iPhone,BHIM,0,
TXN05094,2026-03-19 21:51:33,USR00100,USR00041,1465.14,Healthcare,P2M,Ahmedabad,Android_Phone,PhonePe,0,
TXN06854,2026-03-19 22:10:53,USR00197,USR00160,3404.55,Grocery,P2M,Chennai,Tablet,GPay,0,
TXN07432,2026-03-19 22:13:22,USR00486,USR00482,201.5,Rent,P2P,Pune,Android_Phone,Paytm,0,
TXN03996,2026-03-19 22:48:40,USR00374,USR00071,10941.9,P2P Transfer,P2P,Ahmedabad,Tablet,PhonePe,0,
TXN09433,2026-03-20 00:04:32,USR00259,USR00368,2681.22,Food Delivery,P2P,Pune,Tablet,Paytm,1,odd_hour
TXN09608,2026-03-20 02:54:52,USR00379,USR00055,297.58,Rent,P2M,Pune,Android_Phone,AmazonPay,1,odd_hour
TXN06186,2026-03-20 06:17:37,USR00330,USR00032,17702.25,Travel,P2P,Delhi,Tablet,Paytm,0,
TXN05725,2026-03-20 06:37:03,USR00496,USR00387,463.37,Food Delivery,P2M,Lucknow,iPhone,PhonePe,0,
TXN00351,2026-03-20 06:40:19,USR00098,USR00064,7853.1,Shopping,P2P,Mumbai,Web,BHIM,0,
TXN08240,2026-03-20 06:59:43,USR00226,USR00109,7848.79,Shopping,P2P,Ahmedabad,iPhone,Paytm,0,
TXN01224,2026-03-20 07:03:45,USR00441,USR00167,72.31,P2P Transfer,P2P,Chennai,Android_Phone,PhonePe,0,
TXN07290,2026-03-20 07:41:05,USR00443,USR00357,1442.44,Shopping,P2P,Delhi,Web,PhonePe,0,
TXN08243,2026-03-20 07:55:07,USR00039,USR00115,5630.11,Rent,P2M,Surat,iPhone,GPay,0,
TXN05707,2026-03-20 07:56:33,USR00202,USR00271,10291.62,Grocery,P2M,Mumbai,Tablet,Paytm,0,
TXN07960,2026-03-20 08:03:48,USR00190,USR00140,2900.49,Shopping,P2P,Kolkata,iPhone,AmazonPay,0,
TXN05317,2026-03-20 08:09:11,USR00470,USR00233,14543.24,P2P Transfer,P2M,Lucknow,Web,AmazonPay,0,
TXN06938,2026-03-20 08:12:42,USR00466,USR00373,284.36,Food Delivery,P2M,Kolkata,Android_Phone,BHIM,0,
TXN03161,2026-03-20 08:18:48,USR00006,USR00166,1028.77,Shopping,P2P,Hyderabad,Tablet,GPay,0,
TXN08405,2026-03-20 08:24:50,USR00146,USR00260,402.65,Shopping,P2M,Nagpur,iPhone,PhonePe,0,
TXN02556,2026-03-20 08:30:53,USR00282,USR00085,3163.2,Utilities,P2P,Pune,Android_Phone,GPay,0,
TXN05352,2026-03-20 08:33:23,USR00387,USR00134,2002.26,Utilities,P2P,Delhi,Tablet,Paytm,0,
TXN08386,2026-03-20 08:34:31,USR00282,USR00325,3144.43,P2P Transfer,P2M,Pune,Android_Phone,GPay,0,
TXN04002,2026-03-20 08:37:39,USR00300,USR00450,2406.8,Rent,P2M,Nagpur,Web,AmazonPay,0,
TXN03809,2026-03-20 08:45:55,USR00476,USR00291,14159.05,Food Delivery,P2M,Delhi,Android_Phone,AmazonPay,0,
TXN06146,2026-03-20 08:50:19,USR00124,USR00259,2198.83,Utilities,P2P,Delhi,iPhone,AmazonPay,0,
TXN00232,2026-03-20 08:53:48,USR00144,USR00060,216.44,Travel,P2M,Jaipur,Tablet,Paytm,0,
TXN03771,2026-03-20 08:58:36,USR00427,USR00232,977.31,Shopping,P2M,Jaipur,Web,AmazonPay,0,
TXN09083,2026-03-20 09:01:31,USR00147,USR00283,169.84,Rent,P2M,Mumbai,Tablet,AmazonPay,0,
TXN07875,2026-03-20 09:03:09,USR00312,USR00437,506.32,P2P Transfer,P2P,Jaipur,Tablet,PhonePe,0,
TXN01225,2026-03-20 09:04:33,USR00396,USR00103,7407.47,Utilities,P2P,Hyderabad,iPhone,PhonePe,0,
TXN01554,2026-03-20 09:23:21,USR00364,USR00460,10299.65,Food Delivery,P2M,Lucknow,Web,Paytm,0,
TXN02715,2026-03-20 10:01:49,USR00397,USR00246,1778.43,Travel,P2M,Jaipur,Android_Phone,Paytm,0,
TXN01950,2026-03-20 10:08:46,USR00056,USR00005,12229.6,Rent,P2P,Hyderabad,Web,PhonePe,0,
TXN05159,2026-03-20 10:18:26,USR00170,USR00315,10878.96,Entertainment,P2P,Bengaluru,Web,AmazonPay,0,
TXN08383,2026-03-20 10:40:12,USR00414,USR00118,7647.74,Shopping,P2P,Hyderabad,Tablet,BHIM,0,
TXN08620,2026-03-20 11:03:33,USR00327,USR00375,7272.97,Food Delivery,P2P,Lucknow,Tablet,Paytm,0,
TXN04128,2026-03-20 11:17:24,USR00466,USR00393,201.64,Utilities,P2P,Kolkata,Android_Phone,BHIM,0,
TXN09553,2026-03-20 11:21:50,USR00259,USR00127,2623.2,Rent,P2P,Pune,Tablet,Paytm,1,rapid_burst
TXN03585,2026-03-20 11:25:17,USR00257,USR00080,124.53,Travel,P2P,Ahmedabad,Android_Phone,AmazonPay,0,
TXN03594,2026-03-20 11:25:28,USR00159,USR00287,7127.92,Shopping,P2P,Kolkata,Android_Phone,PhonePe,0,
TXN05068,2026-03-20 11:31:03,USR00223,USR00178,475.79,Grocery,P2P,Ahmedabad,Web,BHIM,0,
TXN08654,2026-03-20 11:36:36,USR00477,USR00242,297.57,Utilities,P2M,Surat,Web,PhonePe,0,
TXN00957,2026-03-20 11:56:23,USR00267,USR00080,299.97,Rent,P2P,Hyderabad,Tablet,Paytm,0,
TXN07580,2026-03-20 12:01:19,USR00033,USR00347,483.04,Shopping,P2M,Hyderabad,Android_Phone,AmazonPay,0,
TXN04689,2026-03-20 12:16:12,USR00213,USR00137,1557.13,P2P Transfer,P2P,Bengaluru,iPhone,GPay,0,
TXN06174,2026-03-20 12:16:58,USR00309,USR00351,9610.12,Education,P2P,Chennai,iPhone,BHIM,0,
TXN07378,2026-03-20 12:27:14,USR00022,USR00342,3656.02,P2P Transfer,P2M,Hyderabad,Web,PhonePe,0,
TXN09387,2026-03-20 12:40:42,USR00399,USR00004,3743.72,P2P Transfer,P2M,Delhi,Tablet,PhonePe,0,
TXN04240,2026-03-20 12:47:24,USR00130,USR00114,509.14,P2P Transfer,P2M,Kolkata,iPhone,GPay,0,
TXN05765,2026-03-20 13:09:15,USR00321,USR00078,122.79,Healthcare,P2M,Jaipur,Android_Phone,GPay,0,
TXN02727,2026-03-20 13:16:10,USR00421,USR00199,2037.2,P2P Transfer,P2M,Jaipur,Android_Phone,Paytm,0,
TXN02223,2026-03-20 13:18:58,USR00436,USR00371,7908.36,P2P Transfer,P2M,Chennai,Web,GPay,0,
TXN07170,2026-03-20 13:21:15,USR00315,USR00273,322.86,Grocery,P2M,Mumbai,Tablet,Paytm,0,
TXN04066,2026-03-20 13:35:43,USR00043,USR00266,1306.38,Travel,P2P,Pune,Web,PhonePe,0,
TXN07911,2026-03-20 13:59:17,USR00251,USR00030,14489.08,Healthcare,P2M,Mumbai,Android_Phone,BHIM,0,
TXN08721,2026-03-20 14:04:36,USR00375,USR00418,1530.65,Shopping,P2M,Bengaluru,iPhone,PhonePe,0,
TXN06009,2026-03-20 14:05:08,USR00105,USR00188,466.09,Travel,P2P,Delhi,iPhone,Paytm,0,
TXN00062,2026-03-20 14:05:40,USR00367,USR00143,1135.98,Fuel,P2M,Surat,iPhone,AmazonPay,0,
TXN01631,2026-03-20 14:07:05,USR00472,USR00029,8625.71,P2P Transfer,P2P,Nagpur,iPhone,AmazonPay,0,
TXN05321,2026-03-20 14:10:20,USR00431,USR00239,10138.9,Travel,P2P,Pune,Android_Phone,GPay,0,
TXN00920,2026-03-20 14:24:40,USR00352,USR00452,546.03,Shopping,P2M,Jaipur,Tablet,Paytm,0,
TXN01903,2026-03-20 14:38:32,USR00021,USR00206,13679.41,P2P Transfer,P2M,Surat,Android_Phone,AmazonPay,0,
TXN06289,2026-03-20 15:13:13,USR00228,USR00361,1199.19,Healthcare,P2P,Lucknow,Tablet,Paytm,0,
TXN02919,2026-03-20 15:17:33,USR00185,USR00229,17917.85,Entertainment,P2M,Chennai,Tablet,BHIM,0,
TXN06185,2026-03-20 15:19:40,USR00351,USR00401,330.75,Healthcare,P2M,Ahmedabad,Web,AmazonPay,0,
TXN03782,2026-03-20 15:33:47,USR00111,USR00003,865.85,Education,P2M,Hyderabad,iPhone,BHIM,0,
TXN07179,2026-03-20 15:39:03,USR00233,USR00137,6050.72,Fuel,P2M,Lucknow,Android_Phone,AmazonPay,0,
TXN04915,2026-03-20 15:56:43,USR00222,USR00053,129.86,Education,P2P,Chennai,iPhone,Paytm,0,
TXN05904,2026-03-20 16:07:07,USR00464,USR00046,1498.38,P2P Transfer,P2M,Nagpur,iPhone,BHIM,0,
TXN02254,2026-03-20 16:17:27,USR00082,USR00153,1108.4,Fuel,P2P,Ahmedabad,Android_Phone,GPay,0,
TXN08373,2026-03-20 16:22:10,USR00450,USR00050,366.47,Entertainment,P2P,Kolkata,iPhone,AmazonPay,0,
TXN06668,2026-03-20 16:36:49,USR00452,USR00320,1336.17,Entertainment,P2M,Pune,Web,BHIM,0,
TXN01698,2026-03-20 16:50:22,USR00200,USR00429,1000.25,Grocery,P2P,Jaipur,Android_Phone,GPay,0,
TXN02078,2026-03-20 16:57:11,USR00450,USR00248,367.19,Fuel,P2M,Kolkata,iPhone,AmazonPay,0,
TXN09835,2026-03-20 18:07:30,USR00276,USR00121,2103.17,Travel,P2P,Bengaluru,Tablet,Paytm,1,new_device
TXN01813,2026-03-20 18:18:11,USR00407,USR00334,1503.88,Entertainment,P2P,Pune,Web,Paytm,0,
TXN08744,2026-03-20 18:50:53,USR00248,USR00043,15128.26,P2P Transfer,P2P,Pune,iPhone,AmazonPay,0,
TXN00067,2026-03-20 18:51:56,USR00128,USR00478,260.91,Grocery,P2P,Surat,Android_Phone,AmazonPay,0,
TXN07608,2026-03-20 18:59:35,USR00166,USR00287,339.14,Travel,P2M,Jaipur,iPhone,BHIM,0,
TXN06415,2026-03-20 19:03:43,USR00381,USR00411,12680.16,Entertainment,P2M,Ahmedabad,iPhone,AmazonPay,0,
TXN05234,2026-03-20 19:03:45,USR00102,USR00212,1342.42,Rent,P2M,Chennai,Tablet,BHIM,0,
TXN08038,2026-03-20 19:06:46,USR00381,USR00179,11459.84,Travel,P2M,Ahmedabad,iPhone,AmazonPay,0,
TXN01104,2026-03-20 19:13:36,USR00350,USR00363,266.91,Utilities,P2M,Bengaluru,iPhone,PhonePe,0,
TXN08169,2026-03-20 19:16:38,USR00057,USR00330,187.3,P2P Transfer,P2P,Nagpur,iPhone,GPay,0,
TXN02619,2026-03-20 19:46:39,USR00080,USR00319,17441.16,Fuel,P2P,Delhi,iPhone,BHIM,0,
TXN06145,2026-03-20 20:01:50,USR00221,USR00265,777.36,Utilities,P2P,Hyderabad,Android_Phone,AmazonPay,0,
TXN07503,2026-03-20 20:03:59,USR00034,USR00222,1366.59,P2P Transfer,P2P,Mumbai,Web,Paytm,0,
TXN07794,2026-03-20 20:10:39,USR00344,USR00449,419.99,Utilities,P2M,Surat,Tablet,AmazonPay,0,
TXN02321,2026-03-20 20:10:42,USR00473,USR00066,10923.01,P2P Transfer,P2P,Hyderabad,Web,AmazonPay,0,
TXN05891,2026-03-20 20:34:01,USR00473,USR00314,10868.38,Utilities,P2M,Hyderabad,Web,AmazonPay,0,
TXN08119,2026-03-20 20:34:11,USR00272,USR00315,13166.27,Travel,P2P,Lucknow,Android_Phone,AmazonPay,0,
TXN06122,2026-03-20 20:49:36,USR00157,USR00483,1541.78,Travel,P2M,Ahmedabad,Web,BHIM,0,
TXN03343,2026-03-20 20:52:37,USR00016,USR00442,130.17,Utilities,P2P,Surat,Android_Phone,GPay,0,
TXN09660,2026-03-20 21:11:12,USR00104,USR00468,2405.21,Fuel,P2M,Surat,Web,Paytm,1,high_amount
TXN04695,2026-03-20 21:57:39,USR00258,USR00241,346.71,Shopping,P2P,Pune,Android_Phone,BHIM,0,
TXN02995,2026-03-20 22:04:20,USR00442,USR00402,3047.01,Rent,P2M,Pune,Android_Phone,Paytm,0,
TXN07240,2026-03-20 22:20:56,USR00119,USR00230,243.52,Utilities,P2P,Chennai,iPhone,GPay,0,
TXN10149,2026-03-20 22:31:00,USR00370,USR00485,2046.31,Entertainment,P2M,Ahmedabad,iPhone,AmazonPay,1,rapid_burst
TXN10150,2026-03-20 22:32:00,USR00370,USR00091,1911.77,Fuel,P2M,Ahmedabad,iPhone,AmazonPay,1,rapid_burst
TXN10151,2026-03-20 22:33:00,USR00370,USR00485,1709.79,P2P Transfer,P2P,Ahmedabad,iPhone,AmazonPay,1,rapid_burst
TXN01292,2026-03-20 22:33:47,USR00312,USR00211,474.49,Rent,P2P,Jaipur,Tablet,PhonePe,0,
TXN10152,2026-03-20 22:34:00,USR00370,USR00485,2495.11,Entertainment,P2P,Ahmedabad,iPhone,AmazonPay,1,rapid_burst
TXN00967,2026-03-20 22:42:58,USR00494,USR00476,8195.48,Shopping,P2P,Bengaluru,iPhone,AmazonPay,0,
TXN02575,2026-03-20 22:55:21,USR00118,USR00330,620.11,Entertainment,P2P,Chennai,Android_Phone,GPay,0,
TXN09774,2026-03-21 01:13:10,USR00051,USR00055,15893.1,Grocery,P2M,Bengaluru,Android_Phone,Paytm,1,"rapid_burst,odd_hour"
TXN09803,2026-03-21 03:53:01,USR00270,USR00274,374.88,Grocery,P2M,Pune,Android_Phone,Paytm,1,"odd_hour,new_receiver"
TXN09199,2026-03-21 06:03:01,USR00279,USR00440,3298.57,Grocery,P2P,Delhi,iPhone,BHIM,0,
TXN05051,2026-03-21 06:15:42,USR00027,USR00170,288.46,Travel,P2P,Mumbai,Web,PhonePe,0,
TXN05781,2026-03-21 06:22:10,USR00137,USR00477,190.18,Fuel,P2M,Mumbai,iPhone,AmazonPay,0,
TXN02829,2026-03-21 06:34:37,USR00136,USR00323,601.21,Grocery,P2P,Nagpur,Tablet,BHIM,0,
TXN05993,2026-03-21 06:34:59,USR00459,USR00104,9721.68,Education,P2M,Pune,Tablet,PhonePe,0,
TXN08294,2026-03-21 06:46:16,USR00061,USR00444,17857.44,Education,P2P,Nagpur,Web,BHIM,0,
TXN02268,2026-03-21 06:50:53,USR00211,USR00067,10239.34,Entertainment,P2P,Hyderabad,Web,PhonePe,0,
TXN01575,2026-03-21 06:51:50,USR00371,USR00135,488.17,Food Delivery,P2P,Pune,Tablet,PhonePe,0,
TXN07064,2026-03-21 07:13:14,USR00134,USR00259,1589.07,Utilities,P2M,Delhi,Web,BHIM,0,
TXN02570,2026-03-21 07:34:55,USR00359,USR00044,12161.71,P2P Transfer,P2P,Hyderabad,Android_Phone,BHIM,0,
TXN06175,2026-03-21 07:43:10,USR00443,USR00357,1379.1,Travel,P2P,Delhi,Web,PhonePe,0,
TXN02527,2026-03-21 07:56:28,USR00141,USR00343,14720.31,Travel,P2M,Hyderabad,Tablet,BHIM,0,
TXN08413,2026-03-21 08:12:14,USR00375,USR00367,1897.35,Utilities,P2M,Bengaluru,iPhone,PhonePe,0,
TXN04336,2026-03-21 08:13:32,USR00260,USR00023,7896.9,Healthcare,P2P,Pune,iPhone,Paytm,0,
TXN06371,2026-03-21 08:21:50,USR00245,USR00374,2190.09,Travel,P2P,Delhi,Tablet,GPay,0,
TXN06544,2026-03-21 08:26:18,USR00123,USR00185,8824.93,Entertainment,P2P,Surat,Android_Phone,PhonePe,0,
TXN00544,2026-03-21 08:27:04,USR00142,USR00398,16360.23,Entertainment,P2M,Mumbai,Tablet,Paytm,0,
TXN05452,2026-03-21 08:31:27,USR00342,USR00283,881.2,Utilities,P2P,Nagpur,Web,PhonePe,0,
TXN05387,2026-03-21 08:48:22,USR00005,USR00189,14569.01,P2P Transfer,P2M,Surat,Tablet,Paytm,0,
TXN03240,2026-03-21 08:53:59,USR00240,USR00108,372.53,Healthcare,P2P,Delhi,Web,BHIM,0,
TXN04077,2026-03-21 08:57:56,USR00345,USR00146,750.5,Fuel,P2M,Pune,Android_Phone,Paytm,0,
TXN06771,2026-03-21 09:01:47,USR00000,USR00346,267.42,Rent,P2M,Nagpur,iPhone,AmazonPay,0,
TXN01881,2026-03-21 09:04:23,USR00457,USR00118,7365.14,P2P Transfer,P2M,Lucknow,Web,GPay,0,
TXN09194,2026-03-21 09:06:12,USR00457,USR00305,4953.77,Rent,P2M,Lucknow,Web,GPay,0,
TXN02780,2026-03-21 09:16:35,USR00311,USR00237,430.91,Utilities,P2P,Chennai,Tablet,GPay,0,
TXN05620,2026-03-21 09:23:02,USR00267,USR00046,420.87,Grocery,P2M,Hyderabad,Tablet,Paytm,0,
TXN01528,2026-03-21 09:30:59,USR00124,USR00432,1037.78,Fuel,P2P,Delhi,iPhone,AmazonPay,0,
TXN07610,2026-03-21 09:49:11,USR00235,USR00363,1820.04,Rent,P2P,Pune,iPhone,BHIM,0,
TXN02137,2026-03-21 09:59:26,USR00485,USR00163,745.51,Rent,P2P,Hyderabad,iPhone,GPay,0,
TXN07009,2026-03-21 10:26:28,USR00214,USR00126,918.11,Education,P2P,Chennai,Android_Phone,BHIM,0,
TXN03076,2026-03-21 10:38:02,USR00382,USR00448,857.23,Entertainment,P2P,Delhi,iPhone,Paytm,0,
TXN09373,2026-03-21 10:47:37,USR00487,USR00462,474.49,Food Delivery,P2P,Bengaluru,Android_Phone,GPay,0,
TXN03528,2026-03-21 10:59:33,USR00178,USR00031,373.91,Rent,P2P,Surat,Web,GPay,0,
TXN02630,2026-03-21 11:02:17,USR00451,USR00201,9202.27,Travel,P2P,Jaipur,iPhone,PhonePe,0,
TXN02636,2026-03-21 11:12:48,USR00355,USR00497,1543.34,Shopping,P2P,Delhi,Android_Phone,AmazonPay,0,
TXN02528,2026-03-21 11:18:30,USR00261,USR00318,12482.4,Food Delivery,P2P,Hyderabad,iPhone,Paytm,0,
TXN09427,2026-03-21 11:23:36,USR00491,USR00251,129.01,Rent,P2M,Ahmedabad,Web,BHIM,1,new_receiver
TXN09320,2026-03-21 11:29:36,USR00180,USR00390,820.13,Grocery,P2M,Jaipur,Tablet,AmazonPay,0,
TXN00786,2026-03-21 11:35:42,USR00267,USR00436,457.14,Entertainment,P2M,Hyderabad,Tablet,Paytm,0,
TXN01773,2026-03-21 11:38:34,USR00120,USR00186,101.61,Travel,P2P,Jaipur,Tablet,BHIM,0,
TXN04207,2026-03-21 11:56:41,USR00451,USR00250,7504.68,Shopping,P2M,Jaipur,iPhone,PhonePe,0,
TXN01349,2026-03-21 12:20:05,USR00196,USR00157,544.92,Education,P2M,Hyderabad,Web,Paytm,0,
TXN07370,2026-03-21 12:53:21,USR00485,USR00272,1051.54,Utilities,P2M,Hyderabad,iPhone,GPay,0,
TXN04183,2026-03-21 13:05:56,USR00013,USR00159,212.48,Shopping,P2P,Pune,Tablet,BHIM,0,
TXN08996,2026-03-21 13:26:59,USR00314,USR00402,13740.97,Utilities,P2M,Bengaluru,iPhone,GPay,0,
TXN03592,2026-03-21 13:31:27,USR00404,USR00184,4470.02,Fuel,P2P,Ahmedabad,Android_Phone,AmazonPay,0,
TXN07340,2026-03-21 13:50:23,USR00370,USR00485,876.4,Rent,P2M,Ahmedabad,iPhone,AmazonPay,0,
TXN06809,2026-03-21 13:54:03,USR00394,USR00004,4959.03,Fuel,P2M,Chennai,iPhone,Paytm,0,
TXN04455,2026-03-21 14:15:31,USR00085,USR00327,546.52,Shopping,P2P,Delhi,iPhone,BHIM,0,
TXN02375,2026-03-21 14:22:35,USR00274,USR00015,17623.8,Rent,P2M,Mumbai,iPhone,Paytm,0,
TXN04047,2026-03-21 14:35:20,USR00161,USR00170,68.35,Travel,P2M,Mumbai,Android_Phone,BHIM,0,
TXN07169,2026-03-21 14:43:23,USR00335,USR00155,438.61,Utilities,P2M,Delhi,Android_Phone,AmazonPay,0,
TXN07686,2026-03-21 14:45:29,USR00312,USR00027,516.24,Education,P2M,Jaipur,Tablet,PhonePe,0,
TXN08260,2026-03-21 14:47:37,USR00237,USR00470,262.34,Entertainment,P2P,Bengaluru,Android_Phone,PhonePe,0,
TXN00569,2026-03-21 14:54:31,USR00478,USR00427,3334.06,Fuel,P2P,Nagpur,Tablet,Paytm,0,
TXN03207,2026-03-21 15:23:48,USR00074,USR00159,83.01,P2P Transfer,P2P,Nagpur,iPhone,AmazonPay,0,
TXN06160,2026-03-21 15:25:33,USR00233,USR00396,5524.54,Travel,P2M,Lucknow,Android_Phone,AmazonPay,0,
TXN01113,2026-03-21 15:32:28,USR00408,USR00437,734.23,Food Delivery,P2P,Kolkata,Tablet,PhonePe,0,
TXN02288,2026-03-21 15:44:57,USR00254,USR00061,1467.89,Healthcare,P2M,Hyderabad,Android_Phone,PhonePe,0,
TXN08344,2026-03-21 15:57:18,USR00282,USR00163,2365.17,Rent,P2M,Pune,Android_Phone,GPay,0,
TXN06757,2026-03-21 16:09:51,USR00363,USR00371,1855.54,Entertainment,P2P,Hyderabad,Android_Phone,AmazonPay,0,
TXN07591,2026-03-21 16:43:05,USR00206,USR00023,7206.03,Fuel,P2M,Pune,iPhone,Paytm,0,
TXN04558,2026-03-21 16:46:50,USR00228,USR00416,1000.43,Healthcare,P2M,Lucknow,Tablet,Paytm,0,
TXN00111,2026-03-21 16:53:14,USR00012,USR00374,992.13,Fuel,P2P,Pune,Android_Phone,GPay,0,
TXN05517,2026-03-21 16:56:31,USR00149,USR00257,881.04,Education,P2P,Jaipur,iPhone,GPay,0,
TXN01831,2026-03-21 17:05:32,USR00166,USR00339,272.23,Education,P2M,Jaipur,iPhone,BHIM,0,
TXN05240,2026-03-21 17:18:50,USR00145,USR00227,12212.27,P2P Transfer,P2P,Ahmedabad,Android_Phone,GPay,0,
TXN00401,2026-03-21 17:21:27,USR00238,USR00323,689.93,Education,P2M,Ahmedabad,Tablet,BHIM,0,
TXN04542,2026-03-21 17:21:54,USR00294,USR00282,335.71,Entertainment,P2M,Delhi,Android_Phone,Paytm,0,
TXN08103,2026-03-21 17:41:37,USR00017,USR00097,191.65,Utilities,P2M,Pune,Android_Phone,PhonePe,0,
TXN05293,2026-03-21 17:48:58,USR00183,USR00381,12086.18,Shopping,P2P,Hyderabad,Tablet,AmazonPay,0,
TXN07108,2026-03-21 17:49:28,USR00339,USR00395,9683.13,P2P Transfer,P2M,Mumbai,Tablet,AmazonPay,0,
TXN00389,2026-03-21 17:56:27,USR00481,USR00191,877.27,Food Delivery,P2P,Bengaluru,Web,GPay,0,
TXN02660,2026-03-21 18:03:10,USR00048,USR00167,1505.16,Education,P2M,Kolkata,Web,BHIM,0,
TXN02870,2026-03-21 18:04:12,USR00291,USR00430,7019.21,Shopping,P2P,Lucknow,Tablet,BHIM,0,
TXN04641,2026-03-21 18:10:35,USR00360,USR00324,2816.94,Shopping,P2M,Jaipur,Tablet,Paytm,0,
TXN08458,2026-03-21 18:15:59,USR00096,USR00445,2558.49,Grocery,P2M,Delhi,iPhone,Paytm,0,
TXN05473,2026-03-21 18:22:54,USR00146,USR00406,557.52,Entertainment,P2P,Nagpur,iPhone,PhonePe,0,
TXN03467,2026-03-21 18:28:58,USR00043,USR00392,1488.79,Food Delivery,P2P,Pune,Web,PhonePe,0,
TXN00856,2026-03-21 18:31:17,USR00177,USR00003,10722.07,Shopping,P2P,Chennai,Tablet,PhonePe,0,
TXN00184,2026-03-21 18:32:29,USR00205,USR00359,1510.34,Grocery,P2P,Mumbai,Tablet,GPay,0,
TXN04409,2026-03-21 18:36:55,USR00111,USR00167,764.57,Travel,P2P,Hyderabad,iPhone,BHIM,0,
TXN04702,2026-03-21 18:45:44,USR00406,USR00323,696.23,Utilities,P2P,Lucknow,Tablet,PhonePe,0,
TXN08054,2026-03-21 18:48:28,USR00483,USR00198,8885.46,Education,P2P,Nagpur,iPhone,AmazonPay,0,
TXN06489,2026-03-21 18:51:40,USR00376,USR00022,7176.71,Utilities,P2M,Surat,iPhone,AmazonPay,0,
TXN08437,2026-03-21 19:47:27,USR00001,USR00287,3981.42,Shopping,P2M,Pune,iPhone,AmazonPay,0,
TXN06457,2026-03-21 20:05:32,USR00344,USR00006,464.76,Fuel,P2P,Surat,Tablet,AmazonPay,0,
TXN04475,2026-03-21 20:06:53,USR00157,USR00483,1127.7,Rent,P2M,Ahmedabad,Web,BHIM,0,
TXN04890,2026-03-21 20:18:43,USR00200,USR00433,950.88,Utilities,P2M,Jaipur,Android_Phone,GPay,0,
TXN08441,2026-03-21 20:30:10,USR00362,USR00092,138.01,Fuel,P2M,Pune,Web,AmazonPay,0,
TXN04106,2026-03-21 20:58:32,USR00228,USR00361,851.01,Rent,P2M,Lucknow,Tablet,Paytm,0,
TXN03358,2026-03-21 21:09:10,USR00117,USR00323,356.37,P2P Transfer,P2P,Ahmedabad,Android_Phone,GPay,0,
TXN03532,2026-03-21 21:11:13,USR00176,USR00423,155.04,Shopping,P2P,Bengaluru,iPhone,AmazonPay,0,
TXN03246,2026-03-21 21:12:44,USR00399,USR00161,7435.33,Utilities,P2P,Delhi,Tablet,PhonePe,0,
TXN00875,2026-03-21 21:41:03,USR00075,USR00361,4638.87,Food Delivery,P2P,Ahmedabad,iPhone,BHIM,0,
TXN01820,2026-03-21 21:45:31,USR00197,USR00189,5998.07,Education,P2P,Chennai,Tablet,GPay,0,
TXN05498,2026-03-21 21:48:22,USR00240,USR00108,466.76,Shopping,P2P,Delhi,Web,BHIM,0,
TXN05922,2026-03-21 21:50:24,USR00305,USR00156,493.57,Utilities,P2M,Hyderabad,iPhone,Paytm,0,
TXN08258,2026-03-21 21:50:55,USR00402,USR00491,2320.12,Entertainment,P2M,Kolkata,Tablet,PhonePe,0,
TXN01165,2026-03-21 22:16:34,USR00109,USR00212,74.28,Food Delivery,P2M,Ahmedabad,Web,PhonePe,0,
TXN00339,2026-03-21 22:18:41,USR00416,USR00148,7143.75,Grocery,P2P,Bengaluru,Android_Phone,BHIM,0,
TXN08548,2026-03-21 22:37:04,USR00472,USR00029,5395.33,Rent,P2M,Nagpur,iPhone,AmazonPay,0,
TXN04524,2026-03-21 22:49:03,USR00216,USR00493,1392.46,Fuel,P2P,Chennai,Tablet,Paytm,0,
TXN08980,2026-03-21 22:50:55,USR00057,USR00405,369.66,Entertainment,P2M,Nagpur,iPhone,GPay,0,
TXN00259,2026-03-21 22:51:16,USR00387,USR00113,1430.46,Utilities,P2P,Delhi,Tablet,Paytm,0,
TXN01947,2026-03-21 22:51:58,USR00315,USR00273,373.33,P2P Transfer,P2M,Mumbai,Tablet,Paytm,0,
TXN01416,2026-03-21 22:56:22,USR00216,USR00495,1047.28,Education,P2P,Chennai,Tablet,Paytm,0,
TXN03340,2026-03-21 22:59:03,USR00007,USR00202,107.44,P2P Transfer,P2P,Lucknow,iPhone,BHIM,0,
TXN09830,2026-03-22 00:22:07,USR00301,USR00016,838.03,Grocery,P2P,Mumbai,iPhone,Paytm,1,"rapid_burst,odd_hour"
TXN03479,2026-03-22 06:26:48,USR00263,USR00214,4887.76,Travel,P2M,Pune,Android_Phone,PhonePe,0,
TXN04615,2026-03-22 06:30:30,USR00482,USR00472,83.5,Fuel,P2P,Jaipur,Tablet,BHIM,0,
TXN09217,2026-03-22 06:33:05,USR00368,USR00302,1370.26,P2P Transfer,P2M,Lucknow,Android_Phone,AmazonPay,0,
TXN00568,2026-03-22 06:36:25,USR00109,USR00310,79.5,Entertainment,P2P,Ahmedabad,Web,PhonePe,0,
TXN00708,2026-03-22 06:36:50,USR00258,USR00186,533.76,Rent,P2M,Pune,Android_Phone,BHIM,0,
TXN08921,2026-03-22 06:45:10,USR00451,USR00381,6041.97,Shopping,P2P,Jaipur,iPhone,PhonePe,0,
TXN00611,2026-03-22 06:52:00,USR00166,USR00166,304.92,Shopping,P2M,Jaipur,iPhone,BHIM,0,
TXN03958,2026-03-22 07:25:20,USR00390,USR00207,99.32,Utilities,P2M,Surat,Web,GPay,0,
TXN01510,2026-03-22 07:33:23,USR00260,USR00023,4581.34,Education,P2M,Pune,iPhone,Paytm,0,
TXN03049,2026-03-22 07:35:59,USR00486,USR00281,210.6,Fuel,P2M,Pune,Android_Phone,Paytm,0,
TXN01636,2026-03-22 07:36:01,USR00378,USR00406,425.94,Shopping,P2P,Pune,iPhone,PhonePe,0,
TXN05168,2026-03-22 07:38:58,USR00346,USR00315,221.87,Food Delivery,P2P,Chennai,Android_Phone,AmazonPay,0,
TXN04513,2026-03-22 07:51:48,USR00388,USR00419,1025.19,Rent,P2M,Nagpur,Web,BHIM,0,
TXN03450,2026-03-22 07:52:34,USR00427,USR00000,77.91,P2P Transfer,P2P,Jaipur,Web,AmazonPay,0,
TXN03773,2026-03-22 08:01:46,USR00492,USR00166,37.17,P2P Transfer,P2M,Kolkata,Android_Phone,GPay,0,
TXN09398,2026-03-22 08:04:28,USR00026,USR00367,2042.18,P2P Transfer,P2M,Lucknow,Web,Paytm,0,
TXN09428,2026-03-22 08:15:47,USR00169,USR00304,12097.33,Entertainment,P2M,Mumbai,Web,BHIM,1,new_receiver
TXN07554,2026-03-22 08:29:41,USR00139,USR00042,1736.91,P2P Transfer,P2M,Jaipur,Web,GPay,0,
TXN04294,2026-03-22 08:40:34,USR00349,USR00061,14909.03,Shopping,P2M,Bengaluru,Android_Phone,BHIM,0,
TXN00044,2026-03-22 08:44:22,USR00458,USR00083,1452.26,Food Delivery,P2M,Bengaluru,Web,PhonePe,0,
TXN00710,2026-03-22 08:49:37,USR00223,USR00266,424.74,Grocery,P2P,Ahmedabad,Web,BHIM,0,
TXN00269,2026-03-22 08:54:45,USR00004,USR00035,1050.15,Healthcare,P2M,Lucknow,Web,PhonePe,0,
TXN07492,2026-03-22 09:03:55,USR00418,USR00409,2760.13,P2P Transfer,P2P,Kolkata,Web,BHIM,0,
TXN07947,2026-03-22 09:09:16,USR00238,USR00323,727.64,Healthcare,P2M,Ahmedabad,Tablet,BHIM,0,
TXN03827,2026-03-22 09:12:29,USR00229,USR00261,14361.91,Fuel,P2M,Nagpur,Web,AmazonPay,0,
TXN05307,2026-03-22 09:19:47,USR00026,USR00104,2280.77,Fuel,P2M,Lucknow,Web,Paytm,0,
TXN03561,2026-03-22 09:33:25,USR00361,USR00484,2207.26,Healthcare,P2P,Jaipur,Tablet,Paytm,0,
TXN06843,2026-03-22 09:51:35,USR00266,USR00054,11323.38,Education,P2M,Lucknow,iPhone,PhonePe,0,
TXN04302,2026-03-22 09:52:28,USR00105,USR00284,356.73,Rent,P2M,Delhi,iPhone,Paytm,0,
TXN01275,2026-03-22 10:02:36,USR00438,USR00153,8612.79,Food Delivery,P2P,Chennai,Web,AmazonPay,0,
TXN08142,2026-03-22 10:07:00,USR00182,USR00262,1302.54,P2P Transfer,P2M,Delhi,Tablet,BHIM,0,
TXN07058,2026-03-22 10:09:43,USR00296,USR00292,264.91,Travel,P2M,Kolkata,Web,AmazonPay,0,
TXN05119,2026-03-22 10:26:00,USR00471,USR00149,7731.56,Healthcare,P2M,Delhi,Tablet,PhonePe,0,
TXN09033,2026-03-22 10:32:05,USR00138,USR00188,15827.64,Rent,P2M,Surat,Android_Phone,BHIM,0,
TXN05036,2026-03-22 10:39:35,USR00308,USR00348,2624.73,Food Delivery,P2P,Surat,Tablet,BHIM,0,
TXN09778,2026-03-22 10:56:10,USR00118,USR00039,9548.13,Utilities,P2M,Chennai,Android_Phone,GPay,1,high_amount
TXN08293,2026-03-22 11:05:17,USR00011,USR00390,6723.59,Utilities,P2P,Surat,Web,AmazonPay,0,
TXN03923,2026-03-22 11:26:54,USR00485,USR00395,1893.6,Fuel,P2M,Hyderabad,iPhone,GPay,0,
TXN09397,2026-03-22 11:27:47,USR00233,USR00137,10330.32,Utilities,P2P,Lucknow,Android_Phone,AmazonPay,0,
TXN09118,2026-03-22 11:36:26,USR00135,USR00321,149.12,Grocery,P2M,Chennai,Android_Phone,GPay,0,
TXN02241,2026-03-22 11:43:53,USR00298,USR00444,490.68,Grocery,P2M,Ahmedabad,Web,PhonePe,0,
TXN08728,2026-03-22 12:10:02,USR00222,USR00247,116.62,Entertainment,P2P,Chennai,iPhone,Paytm,0,
TXN02273,2026-03-22 12:12:28,USR00248,USR00330,15873.05,Utilities,P2P,Pune,iPhone,AmazonPay,0,
TXN00622,2026-03-22 12:38:00,USR00137,USR00477,172.68,Food Delivery,P2M,Mumbai,iPhone,AmazonPay,0,
TXN06712,2026-03-22 12:48:22,USR00145,USR00460,13893.34,P2P Transfer,P2P,Ahmedabad,Android_Phone,GPay,0,
TXN02111,2026-03-22 12:59:53,USR00274,USR00112,16147.47,Utilities,P2P,Mumbai,iPhone,Paytm,0,
TXN05771,2026-03-22 13:06:48,USR00380,USR00066,11396.45,Grocery,P2M,Jaipur,Android_Phone,AmazonPay,0,
TXN01743,2026-03-22 13:09:03,USR00328,USR00332,5376.58,Shopping,P2M,Nagpur,Tablet,PhonePe,0,
TXN09686,2026-03-22 13:12:50,USR00308,USR00369,2403.19,Travel,P2P,Pune,Web,BHIM,1,"new_location,new_device"
TXN01769,2026-03-22 13:22:20,USR00092,USR00484,6076.49,Food Delivery,P2M,Bengaluru,Android_Phone,Paytm,0,
TXN02947,2026-03-22 14:24:10,USR00261,USR00318,10481.83,Travel,P2P,Hyderabad,iPhone,Paytm,0,
TXN05107,2026-03-22 14:35:34,USR00085,USR00300,459.44,Utilities,P2M,Delhi,iPhone,BHIM,0,
TXN01899,2026-03-22 14:37:01,USR00159,USR00291,6834.99,Food Delivery,P2P,Kolkata,Android_Phone,PhonePe,0,
TXN00127,2026-03-22 14:43:30,USR00444,USR00136,342.24,Fuel,P2P,Pune,iPhone,BHIM,0,
TXN01195,2026-03-22 14:47:49,USR00481,USR00401,1252.84,Rent,P2P,Bengaluru,Web,GPay,0,
TXN01317,2026-03-22 14:55:29,USR00079,USR00466,288.72,Rent,P2P,Ahmedabad,Android_Phone,BHIM,0,
TXN03168,2026-03-22 15:27:13,USR00322,USR00368,347.19,Shopping,P2P,Kolkata,iPhone,AmazonPay,0,
TXN01347,2026-03-22 15:36:58,USR00494,USR00378,6138.21,P2P Transfer,P2P,Bengaluru,iPhone,AmazonPay,0,
TXN06851,2026-03-22 16:10:11,USR00336,USR00286,11294.55,P2P Transfer,P2M,Ahmedabad,iPhone,BHIM,0,
TXN09584,2026-03-22 16:11:45,USR00322,USR00261,2555.35,Education,P2P,Kolkata,iPhone,AmazonPay,1,high_amount
TXN08350,2026-03-22 16:20:12,USR00216,USR00493,924.55,P2P Transfer,P2P,Chennai,Tablet,Paytm,0,
TXN06063,2026-03-22 16:23:00,USR00246,USR00073,2971.01,Healthcare,P2P,Kolkata,iPhone,GPay,0,
TXN06476,2026-03-22 16:41:37,USR00416,USR00326,7785.39,Travel,P2M,Bengaluru,Android_Phone,BHIM,0,
TXN06090,2026-03-22 16:57:50,USR00209,USR00283,867.14,Grocery,P2P,Pune,Tablet,PhonePe,0,
TXN03608,2026-03-22 16:59:43,USR00209,USR00481,1034.75,Travel,P2M,Pune,Tablet,PhonePe,0,
TXN05605,2026-03-22 17:20:40,USR00286,USR00360,567.87,Travel,P2P,Chennai,Android_Phone,PhonePe,0,
TXN03199,2026-03-22 18:14:42,USR00100,USR00460,1031.29,Travel,P2M,Ahmedabad,Android_Phone,PhonePe,0,
TXN05639,2026-03-22 18:24:27,USR00325,USR00463,696.14,Shopping,P2M,Nagpur,Android_Phone,PhonePe,0,
TXN04296,2026-03-22 18:59:00,USR00456,USR00381,14978.96,Education,P2P,Kolkata,Web,Paytm,0,
TXN08192,2026-03-22 18:59:51,USR00003,USR00235,2174.14,Rent,P2P,Lucknow,Web,AmazonPay,0,
TXN05122,2026-03-22 19:02:24,USR00306,USR00261,2199.71,Grocery,P2M,Lucknow,Tablet,Paytm,0,
TXN07407,2026-03-22 19:12:35,USR00329,USR00247,2422.26,Rent,P2P,Kolkata,Android_Phone,AmazonPay,0,
TXN08372,2026-03-22 19:25:09,USR00236,USR00305,285.27,Travel,P2P,Lucknow,Android_Phone,PhonePe,0,
TXN00085,2026-03-22 19:29:45,USR00094,USR00227,3316.96,Rent,P2P,Pune,Web,GPay,0,
TXN02806,2026-03-22 19:44:47,USR00350,USR00433,234.64,Rent,P2M,Bengaluru,iPhone,PhonePe,0,
TXN06384,2026-03-22 19:48:53,USR00107,USR00324,67.22,Food Delivery,P2P,Delhi,Tablet,GPay,0,
TXN02394,2026-03-22 19:50:27,USR00454,USR00334,95.34,Fuel,P2P,Ahmedabad,Web,PhonePe,0,
TXN05140,2026-03-22 20:26:39,USR00392,USR00262,183.18,Healthcare,P2P,Chennai,Web,Paytm,0,
TXN02341,2026-03-22 20:30:09,USR00227,USR00343,9239.79,Healthcare,P2M,Ahmedabad,iPhone,BHIM,0,
TXN01439,2026-03-22 20:34:54,USR00283,USR00402,12847.35,Utilities,P2P,Chennai,Android_Phone,GPay,0,
TXN03167,2026-03-22 20:35:43,USR00200,USR00433,1276.7,Grocery,P2M,Jaipur,Android_Phone,GPay,0,
TXN07882,2026-03-22 20:39:29,USR00362,USR00092,205.3,Rent,P2M,Pune,Web,AmazonPay,0,
TXN09936,2026-03-22 20:40:09,USR00215,USR00171,11199.92,Fuel,P2P,Chennai,Tablet,AmazonPay,1,high_amount
TXN03731,2026-03-22 20:48:48,USR00059,USR00380,12507.41,Grocery,P2M,Nagpur,Android_Phone,AmazonPay,0,
TXN04743,2026-03-22 21:10:49,USR00496,USR00075,652.63,Travel,P2M,Lucknow,iPhone,PhonePe,0,
TXN00922,2026-03-22 21:25:38,USR00250,USR00440,1375.21,Travel,P2M,Chennai,Android_Phone,AmazonPay,0,
TXN08667,2026-03-22 21:30:45,USR00378,USR00406,544.83,P2P Transfer,P2P,Pune,iPhone,PhonePe,0,
TXN07866,2026-03-22 21:32:41,USR00177,USR00133,7475.77,Travel,P2P,Chennai,Tablet,PhonePe,0,
TXN00625,2026-03-22 21:34:07,USR00278,USR00367,497.87,Grocery,P2P,Bengaluru,iPhone,Paytm,0,
TXN02872,2026-03-22 21:46:49,USR00094,USR00486,2784.73,Utilities,P2M,Pune,Web,GPay,0,
TXN09880,2026-03-22 21:54:20,USR00338,USR00312,161.74,Healthcare,P2M,Hyderabad,Tablet,BHIM,1,new_location
TXN02063,2026-03-22 22:44:19,USR00021,USR00482,7852.6,Grocery,P2P,Surat,Android_Phone,AmazonPay,0,
TXN08194,2026-03-22 22:49:33,USR00011,USR00311,15776.85,Education,P2M,Surat,Web,AmazonPay,0,
TXN09900,2026-03-23 01:41:08,USR00098,USR00064,16164.66,Grocery,P2P,Mumbai,Web,BHIM,1,"rapid_burst,odd_hour"
TXN09865,2026-03-23 03:28:44,USR00072,USR00496,2104.76,Education,P2M,Delhi,Tablet,BHIM,1,odd_hour
TXN03781,2026-03-23 06:04:33,USR00449,USR00004,1018.14,Utilities,P2P,Mumbai,Web,Paytm,0,
TXN05464,2026-03-23 06:11:06,USR00414,USR00407,7249.68,Food Delivery,P2P,Hyderabad,Tablet,BHIM,0,
TXN02115,2026-03-23 06:13:03,USR00065,USR00338,338.97,Utilities,P2P,Pune,Android_Phone,PhonePe,0,
TXN05772,2026-03-23 06:30:34,USR00278,USR00410,400.72,P2P Transfer,P2M,Bengaluru,iPhone,Paytm,0,
TXN01790,2026-03-23 07:08:43,USR00326,USR00059,426.23,Healthcare,P2P,Chennai,Web,GPay,0,
TXN05841,2026-03-23 07:23:57,USR00133,USR00294,1420.7,Fuel,P2M,Surat,Android_Phone,GPay,0,
TXN03374,2026-03-23 07:26:14,USR00267,USR00046,83.0,Grocery,P2P,Hyderabad,Tablet,Paytm,0,
TXN03826,2026-03-23 07:35:07,USR00421,USR00348,1695.94,Rent,P2M,Jaipur,Android_Phone,Paytm,0,
TXN04822,2026-03-23 08:04:07,USR00132,USR00121,8803.91,Rent,P2P,Delhi,Tablet,PhonePe,0,
TXN09952,2026-03-23 08:05:58,USR00024,USR00450,1016.53,Food Delivery,P2M,Bengaluru,iPhone,Paytm,1,"new_location,rapid_burst"
TXN00488,2026-03-23 08:10:05,USR00225,USR00236,73.75,Food Delivery,P2M,Chennai,iPhone,PhonePe,0,
TXN09586,2026-03-23 08:20:22,USR00066,USR00240,14194.38,Healthcare,P2M,Nagpur,iPhone,Paytm,1,new_device
TXN01116,2026-03-23 08:21:17,USR00051,USR00013,15997.88,Education,P2M,Bengaluru,Android_Phone,Paytm,0,
TXN03565,2026-03-23 08:32:46,USR00445,USR00335,1914.33,Healthcare,P2M,Pune,Web,Paytm,0,
TXN06920,2026-03-23 08:36:13,USR00051,USR00013,7455.05,Shopping,P2P,Bengaluru,Android_Phone,Paytm,0,
TXN06150,2026-03-23 08:57:53,USR00363,USR00371,2060.93,Utilities,P2P,Hyderabad,Android_Phone,AmazonPay,0,
TXN02407,2026-03-23 09:01:13,USR00371,USR00189,464.58,Healthcare,P2P,Pune,Tablet,PhonePe,0,
TXN08911,2026-03-23 09:11:43,USR00020,USR00160,423.51,Grocery,P2M,Lucknow,Android_Phone,BHIM,0,
TXN02529,2026-03-23 09:13:23,USR00296,USR00196,279.48,Grocery,P2M,Kolkata,Web,AmazonPay,0,
TXN08549,2026-03-23 09:15:45,USR00112,USR00223,237.15,Travel,P2M,Delhi,Web,BHIM,0,
TXN07931,2026-03-23 09:16:27,USR00161,USR00170,80.2,Grocery,P2P,Mumbai,Android_Phone,BHIM,0,
TXN05253,2026-03-23 09:29:01,USR00044,USR00118,8445.57,Healthcare,P2P,Chennai,Web,PhonePe,0,
TXN00714,2026-03-23 09:37:55,USR00321,USR00242,142.58,Food Delivery,P2M,Jaipur,Android_Phone,GPay,0,
TXN07504,2026-03-23 09:45:36,USR00409,USR00449,178.53,Food Delivery,P2P,Delhi,Android_Phone,BHIM,0,
TXN03997,2026-03-23 09:58:59,USR00238,USR00323,931.36,Healthcare,P2P,Ahmedabad,Tablet,BHIM,0,
TXN07350,2026-03-23 10:06:26,USR00243,USR00320,8214.46,Utilities,P2M,Chennai,Android_Phone,Paytm,0,
TXN00682,2026-03-23 10:11:05,USR00138,USR00063,18793.5,Food Delivery,P2M,Surat,Android_Phone,BHIM,0,
TXN06340,2026-03-23 10:31:51,USR00454,USR00277,251.58,Travel,P2P,Ahmedabad,Web,PhonePe,0,
TXN09680,2026-03-23 10:32:30,USR00083,USR00276,15668.85,Rent,P2M,Kolkata,Web,AmazonPay,1,new_receiver
TXN06539,2026-03-23 10:33:13,USR00179,USR00113,1435.41,Shopping,P2M,Surat,Android_Phone,PhonePe,0,
TXN01850,2026-03-23 10:34:25,USR00094,USR00227,3648.09,Grocery,P2P,Pune,Web,GPay,0,
TXN09073,2026-03-23 10:52:06,USR00004,USR00035,935.54,Food Delivery,P2P,Lucknow,Web,PhonePe,0,
TXN00918,2026-03-23 10:56:05,USR00067,USR00278,633.26,Grocery,P2M,Kolkata,iPhone,PhonePe,0,
TXN00811,2026-03-23 11:01:11,USR00221,USR00261,374.06,Rent,P2P,Hyderabad,Android_Phone,AmazonPay,0,
TXN08310,2026-03-23 11:02:19,USR00267,USR00135,340.47,Entertainment,P2M,Hyderabad,Tablet,Paytm,0,
TXN01726,2026-03-23 11:07:29,USR00079,USR00466,342.77,Grocery,P2M,Ahmedabad,Android_Phone,BHIM,0,
TXN00337,2026-03-23 11:32:13,USR00228,USR00416,1201.87,Fuel,P2P,Lucknow,Tablet,Paytm,0,
TXN01174,2026-03-23 11:40:54,USR00051,USR00296,15633.77,Utilities,P2M,Bengaluru,Android_Phone,Paytm,0,
TXN02747,2026-03-23 11:48:51,USR00233,USR00137,4580.02,Healthcare,P2P,Lucknow,Android_Phone,AmazonPay,0,
TXN06504,2026-03-23 11:55:43,USR00138,USR00188,13768.9,Fuel,P2M,Surat,Android_Phone,BHIM,0,
TXN00397,2026-03-23 11:58:50,USR00297,USR00121,19693.76,Rent,P2P,Mumbai,Tablet,GPay,0,
TXN01928,2026-03-23 12:02:56,USR00093,USR00079,2027.55,Healthcare,P2M,Surat,Web,BHIM,0,
TXN02521,2026-03-23 12:19:24,USR00214,USR00483,1570.74,Food Delivery,P2P,Chennai,Android_Phone,BHIM,0,
TXN05616,2026-03-23 12:20:35,USR00084,USR00073,1896.91,P2P Transfer,P2M,Ahmedabad,iPhone,Paytm,0,
TXN09165,2026-03-23 12:31:43,USR00185,USR00229,16310.58,Food Delivery,P2M,Chennai,Tablet,BHIM,0,
TXN07830,2026-03-23 12:50:37,USR00455,USR00272,2805.15,Travel,P2P,Chennai,iPhone,GPay,0,
TXN04866,2026-03-23 12:56:29,USR00111,USR00061,668.6,Utilities,P2M,Hyderabad,iPhone,BHIM,0,
TXN01760,2026-03-23 13:05:56,USR00426,USR00278,117.17,P2P Transfer,P2P,Jaipur,Web,Paytm,0,
TXN01456,2026-03-23 13:15:13,USR00060,USR00184,1037.37,Rent,P2M,Delhi,Web,PhonePe,0,
TXN05256,2026-03-23 13:45:13,USR00462,USR00470,1829.61,Travel,P2P,Hyderabad,Web,GPay,0,
TXN04347,2026-03-23 14:02:02,USR00326,USR00059,667.36,Food Delivery,P2M,Chennai,Web,GPay,0,
TXN03211,2026-03-23 14:04:03,USR00146,USR00185,385.66,Grocery,P2M,Nagpur,iPhone,PhonePe,0,
TXN06765,2026-03-23 14:22:05,USR00257,USR00052,70.52,Shopping,P2P,Ahmedabad,Android_Phone,AmazonPay,0,
TXN02374,2026-03-23 14:29:31,USR00472,USR00313,7018.73,Healthcare,P2M,Nagpur,iPhone,AmazonPay,0,
TXN02212,2026-03-23 14:29:51,USR00144,USR00060,236.79,Education,P2P,Jaipur,Tablet,Paytm,0,
TXN09126,2026-03-23 14:33:51,USR00465,USR00171,1233.92,Food Delivery,P2M,Kolkata,iPhone,AmazonPay,0,
TXN01696,2026-03-23 14:44:31,USR00170,USR00379,9452.8,Entertainment,P2P,Bengaluru,Web,AmazonPay,0,
TXN08439,2026-03-23 14:51:58,USR00385,USR00176,11986.86,Entertainment,P2P,Hyderabad,Tablet,BHIM,0,
TXN08700,2026-03-23 15:11:13,USR00176,USR00438,177.99,Healthcare,P2M,Bengaluru,iPhone,AmazonPay,0,
TXN05020,2026-03-23 15:19:13,USR00348,USR00378,336.59,Travel,P2P,Pune,Tablet,AmazonPay,0,
TXN06304,2026-03-23 15:30:29,USR00377,USR00490,220.51,P2P Transfer,P2P,Bengaluru,Android_Phone,BHIM,0,
TXN02665,2026-03-23 15:55:20,USR00473,USR00314,6686.72,Fuel,P2P,Hyderabad,Web,AmazonPay,0,
TXN03691,2026-03-23 16:05:00,USR00349,USR00263,13771.63,Fuel,P2M,Bengaluru,Android_Phone,BHIM,0,
TXN08859,2026-03-23 16:19:07,USR00373,USR00264,367.39,Entertainment,P2P,Lucknow,Web,BHIM,0,
TXN02658,2026-03-23 16:24:53,USR00220,USR00181,77.79,Shopping,P2P,Delhi,Android_Phone,PhonePe,0,
TXN09537,2026-03-23 16:34:20,USR00190,USR00485,14812.44,Entertainment,P2M,Pune,iPhone,AmazonPay,1,"new_location,high_amount"
TXN07914,2026-03-23 16:59:18,USR00183,USR00111,8467.7,Fuel,P2M,Hyderabad,Tablet,AmazonPay,0,
TXN06147,2026-03-23 17:01:55,USR00159,USR00287,9272.55,Food Delivery,P2M,Kolkata,Android_Phone,PhonePe,0,
TXN05437,2026-03-23 17:11:17,USR00166,USR00287,275.75,Rent,P2P,Jaipur,iPhone,BHIM,0,
TXN00391,2026-03-23 17:15:58,USR00306,USR00003,1894.91,P2P Transfer,P2P,Lucknow,Tablet,Paytm,0,
TXN08944,2026-03-23 17:26:49,USR00433,USR00097,7911.77,Utilities,P2P,Jaipur,iPhone,AmazonPay,0,
TXN02269,2026-03-23 17:34:14,USR00197,USR00211,4448.43,Education,P2P,Chennai,Tablet,GPay,0,
TXN08909,2026-03-23 17:40:21,USR00481,USR00191,722.27,Entertainment,P2M,Bengaluru,Web,GPay,0,
TXN01821,2026-03-23 17:50:28,USR00216,USR00495,811.09,Entertainment,P2M,Chennai,Tablet,Paytm,0,
TXN07217,2026-03-23 17:54:06,USR00309,USR00326,12532.68,Rent,P2M,Chennai,iPhone,BHIM,0,
TXN02882,2026-03-23 17:54:50,USR00412,USR00246,2250.31,Entertainment,P2M,Jaipur,Tablet,GPay,0,
TXN08256,2026-03-23 18:36:51,USR00347,USR00195,866.51,Entertainment,P2M,Nagpur,Web,BHIM,0,
TXN06467,2026-03-23 18:46:48,USR00388,USR00327,879.27,Shopping,P2P,Nagpur,Web,BHIM,0,
TXN04599,2026-03-23 18:47:30,USR00469,USR00044,707.42,Healthcare,P2M,Mumbai,iPhone,GPay,0,
TXN07769,2026-03-23 19:21:12,USR00420,USR00499,2211.72,Healthcare,P2M,Nagpur,Android_Phone,BHIM,0,
TXN02308,2026-03-23 19:25:18,USR00397,USR00246,1712.15,Entertainment,P2P,Jaipur,Android_Phone,Paytm,0,
TXN06440,2026-03-23 19:29:20,USR00475,USR00327,6963.87,Entertainment,P2P,Chennai,Web,Paytm,0,
TXN00124,2026-03-23 19:30:07,USR00153,USR00412,1469.01,Healthcare,P2P,Surat,Web,BHIM,0,
TXN07480,2026-03-23 19:32:28,USR00303,USR00457,143.92,Education,P2M,Chennai,Web,GPay,0,
TXN00613,2026-03-23 19:38:35,USR00445,USR00304,1470.44,Education,P2P,Pune,Web,Paytm,0,
TXN07560,2026-03-23 19:38:53,USR00019,USR00401,9645.1,Shopping,P2M,Bengaluru,Android_Phone,BHIM,0,
TXN09047,2026-03-23 20:02:35,USR00028,USR00452,9829.34,Food Delivery,P2M,Delhi,Android_Phone,PhonePe,0,
TXN02846,2026-03-23 20:05:27,USR00117,USR00140,526.0,Food Delivery,P2M,Ahmedabad,Android_Phone,GPay,0,
TXN06453,2026-03-23 20:16:52,USR00448,USR00373,7675.41,Fuel,P2M,Jaipur,Web,GPay,0,
TXN04792,2026-03-23 20:20:15,USR00392,USR00262,191.73,Utilities,P2P,Chennai,Web,Paytm,0,
TXN03001,2026-03-23 20:21:22,USR00457,USR00118,9240.19,Utilities,P2P,Lucknow,Web,GPay,0,
TXN08292,2026-03-23 20:21:58,USR00218,USR00434,691.13,Entertainment,P2M,Nagpur,Web,BHIM,0,
TXN08046,2026-03-23 20:33:00,USR00257,USR00085,103.61,Grocery,P2P,Ahmedabad,Android_Phone,AmazonPay,0,
TXN07051,2026-03-23 20:36:11,USR00180,USR00126,1397.36,Healthcare,P2M,Jaipur,Tablet,AmazonPay,0,
TXN01045,2026-03-23 20:38:21,USR00301,USR00025,1668.1,Healthcare,P2M,Mumbai,iPhone,Paytm,0,
TXN03444,2026-03-23 20:39:03,USR00047,USR00013,2931.44,Utilities,P2M,Ahmedabad,iPhone,BHIM,0,
TXN04295,2026-03-23 20:49:05,USR00187,USR00117,2729.63,Fuel,P2M,Jaipur,Tablet,PhonePe,0,
TXN06065,2026-03-23 20:52:02,USR00437,USR00482,704.82,Food Delivery,P2M,Pune,iPhone,Paytm,0,
TXN02430,2026-03-23 20:57:13,USR00490,USR00114,324.35,Travel,P2M,Ahmedabad,Tablet,AmazonPay,0,
TXN06722,2026-03-23 21:04:18,USR00071,USR00439,115.61,Entertainment,P2P,Surat,Web,Paytm,0,
TXN04796,2026-03-23 21:04:49,USR00027,USR00394,218.17,Shopping,P2M,Mumbai,Web,PhonePe,0,
TXN07253,2026-03-23 21:05:31,USR00170,USR00315,8523.54,Shopping,P2P,Bengaluru,Web,AmazonPay,0,
TXN03282,2026-03-23 21:10:29,USR00373,USR00128,209.37,Utilities,P2P,Lucknow,Web,BHIM,0,
TXN05367,2026-03-23 21:16:52,USR00013,USR00386,186.71,Entertainment,P2M,Pune,Tablet,BHIM,0,
TXN08807,2026-03-23 21:39:29,USR00432,USR00375,119.42,Entertainment,P2M,Jaipur,Web,Paytm,0,
TXN08913,2026-03-23 21:56:55,USR00488,USR00303,127.69,Rent,P2M,Bengaluru,Tablet,BHIM,0,
TXN01445,2026-03-23 22:10:15,USR00330,USR00335,14382.0,Travel,P2M,Delhi,Tablet,Paytm,0,
TXN09410,2026-03-23 22:11:43,USR00410,USR00158,2667.87,Fuel,P2P,Delhi,iPhone,BHIM,1,rapid_burst
TXN07396,2026-03-23 22:25:04,USR00119,USR00031,231.18,Food Delivery,P2M,Chennai,iPhone,GPay,0,
TXN06480,2026-03-23 22:32:28,USR00480,USR00139,260.84,Travel,P2M,Nagpur,Web,GPay,0,
TXN06477,2026-03-23 22:44:46,USR00206,USR00243,3209.41,Education,P2M,Pune,iPhone,Paytm,0,
TXN01564,2026-03-23 22:50:19,USR00008,USR00185,5223.97,Rent,P2P,Nagpur,Web,PhonePe,0,
TXN07635,2026-03-23 22:50:53,USR00177,USR00003,4486.05,Entertainment,P2M,Chennai,Tablet,PhonePe,0,
TXN06997,2026-03-23 22:51:01,USR00305,USR00363,536.85,Education,P2P,Hyderabad,iPhone,Paytm,0,
TXN09851,2026-03-23 22:57:04,USR00311,USR00154,547.2,Fuel,P2M,Chennai,Tablet,GPay,1,new_receiver
TXN08679,2026-03-24 06:04:00,USR00258,USR00186,347.4,P2P Transfer,P2M,Pune,Android_Phone,BHIM,0,
TXN03772,2026-03-24 06:18:08,USR00475,USR00108,8604.34,Education,P2M,Chennai,Web,Paytm,0,
TXN05492,2026-03-24 06:18:44,USR00142,USR00034,10567.74,P2P Transfer,P2P,Mumbai,Tablet,Paytm,0,
TXN07404,2026-03-24 06:37:54,USR00031,USR00359,1412.42,Entertainment,P2P,Hyderabad,iPhone,BHIM,0,
TXN00210,2026-03-24 06:41:11,USR00390,USR00265,101.61,Rent,P2P,Surat,Web,GPay,0,
TXN02165,2026-03-24 06:52:02,USR00142,USR00398,14073.4,Fuel,P2P,Mumbai,Tablet,Paytm,0,
TXN06747,2026-03-24 06:54:26,USR00201,USR00111,389.94,Grocery,P2M,Delhi,iPhone,BHIM,0,
TXN00621,2026-03-24 06:59:02,USR00423,USR00202,406.81,Shopping,P2P,Hyderabad,iPhone,GPay,0,
TXN02962,2026-03-24 07:05:33,USR00183,USR00111,17901.71,P2P Transfer,P2P,Hyderabad,Tablet,AmazonPay,0,
TXN01784,2026-03-24 07:34:20,USR00252,USR00158,3330.07,Healthcare,P2P,Hyderabad,iPhone,AmazonPay,0,
TXN04825,2026-03-24 07:55:27,USR00135,USR00336,197.7,Rent,P2P,Chennai,Android_Phone,GPay,0,
TXN00617,2026-03-24 08:18:01,USR00482,USR00174,63.19,Utilities,P2P,Jaipur,Tablet,BHIM,0,
TXN09749,2026-03-24 08:19:39,USR00415,USR00216,11648.0,Food Delivery,P2M,Surat,Tablet,AmazonPay,1,new_location
TXN03264,2026-03-24 08:44:46,USR00373,USR00264,377.49,Shopping,P2M,Lucknow,Web,BHIM,0,
TXN02669,2026-03-24 09:00:05,USR00450,USR00050,284.4,Utilities,P2P,Kolkata,iPhone,AmazonPay,0,
TXN03089,2026-03-24 09:09:07,USR00086,USR00151,2421.65,Entertainment,P2P,Kolkata,iPhone,BHIM,0,
TXN03435,2026-03-24 09:10:47,USR00333,USR00329,2419.17,Food Delivery,P2P,Mumbai,Web,PhonePe,0,
TXN03031,2026-03-24 09:11:23,USR00098,USR00135,10509.78,Travel,P2M,Mumbai,Web,BHIM,0,
TXN01387,2026-03-24 09:12:27,USR00188,USR00304,3134.51,Fuel,P2P,Pune,Android_Phone,GPay,0,
TXN08963,2026-03-24 09:16:13,USR00291,USR00430,7769.38,Rent,P2P,Lucknow,Tablet,BHIM,0,
TXN08752,2026-03-24 09:19:00,USR00035,USR00412,6246.26,Fuel,P2M,Nagpur,Android_Phone,PhonePe,0,
TXN02471,2026-03-24 09:25:00,USR00073,USR00026,511.2,Fuel,P2P,Surat,Tablet,PhonePe,0,
TXN10251,2026-03-24 09:37:00,USR00334,USR00161,9449.38,Rent,P2M,Delhi,Tablet,GPay,1,rapid_burst
TXN10252,2026-03-24 09:39:00,USR00334,USR00254,3804.48,Fuel,P2P,Delhi,Tablet,GPay,1,rapid_burst
TXN10254,2026-03-24 09:40:00,USR00334,USR00381,3589.96,P2P Transfer,P2P,Delhi,Tablet,GPay,1,rapid_burst
TXN10253,2026-03-24 09:41:00,USR00334,USR00161,9466.08,Healthcare,P2M,Delhi,Tablet,GPay,1,rapid_burst
TXN09103,2026-03-24 09:42:53,USR00037,USR00000,974.1,Education,P2P,Lucknow,iPhone,Paytm,0,
TXN08691,2026-03-24 10:15:47,USR00005,USR00107,9707.32,P2P Transfer,P2P,Surat,Tablet,Paytm,0,
TXN03626,2026-03-24 10:16:29,USR00486,USR00138,163.51,Shopping,P2M,Pune,Android_Phone,Paytm,0,
TXN01616,2026-03-24 10:31:24,USR00008,USR00459,3939.98,Travel,P2P,Nagpur,Web,PhonePe,0,
TXN08619,2026-03-24 10:38:14,USR00413,USR00146,265.81,Shopping,P2M,Jaipur,Android_Phone,AmazonPay,0,
TXN01381,2026-03-24 10:40:14,USR00237,USR00335,240.16,Entertainment,P2P,Bengaluru,Android_Phone,PhonePe,0,
TXN02001,2026-03-24 10:42:35,USR00077,USR00282,1766.5,Grocery,P2M,Ahmedabad,iPhone,BHIM,0,
TXN05035,2026-03-24 10:53:50,USR00411,USR00499,2162.35,Education,P2M,Chennai,Web,Paytm,0,
TXN08105,2026-03-24 11:01:23,USR00294,USR00284,599.18,P2P Transfer,P2P,Delhi,Android_Phone,Paytm,0,
TXN00173,2026-03-24 11:19:37,USR00126,USR00145,250.51,Food Delivery,P2M,Ahmedabad,iPhone,AmazonPay,0,
TXN01123,2026-03-24 11:26:27,USR00071,USR00082,178.21,Education,P2P,Surat,Web,Paytm,0,
TXN00654,2026-03-24 11:27:12,USR00411,USR00445,2339.56,Food Delivery,P2P,Chennai,Web,Paytm,0,
TXN02743,2026-03-24 11:41:29,USR00487,USR00462,235.92,Food Delivery,P2P,Bengaluru,Android_Phone,GPay,0,
TXN07742,2026-03-24 11:48:00,USR00217,USR00349,11361.86,Travel,P2P,Delhi,Web,AmazonPay,0,
TXN09666,2026-03-24 11:58:51,USR00238,USR00295,856.76,P2P Transfer,P2P,Ahmedabad,iPhone,BHIM,1,new_device
TXN08881,2026-03-24 12:09:30,USR00462,USR00470,3754.23,Healthcare,P2P,Hyderabad,Web,GPay,0,
TXN02787,2026-03-24 12:10:04,USR00253,USR00122,281.15,Fuel,P2P,Hyderabad,Android_Phone,PhonePe,0,
TXN07624,2026-03-24 12:26:48,USR00066,USR00361,10813.05,Utilities,P2P,Nagpur,Tablet,Paytm,0,
TXN04940,2026-03-24 12:33:27,USR00401,USR00092,1756.41,Grocery,P2P,Chennai,Web,AmazonPay,0,
TXN05385,2026-03-24 12:35:04,USR00076,USR00404,4809.79,Fuel,P2P,Delhi,iPhone,Paytm,0,
TXN04487,2026-03-24 12:39:16,USR00161,USR00170,68.32,Grocery,P2P,Mumbai,Android_Phone,BHIM,0,
TXN06106,2026-03-24 12:46:01,USR00318,USR00470,693.41,Healthcare,P2P,Pune,Web,BHIM,0,
TXN02161,2026-03-24 13:10:55,USR00254,USR00362,1655.31,Rent,P2P,Hyderabad,Android_Phone,PhonePe,0,
TXN08204,2026-03-24 13:19:19,USR00171,USR00169,4011.36,Utilities,P2M,Mumbai,iPhone,BHIM,0,
TXN07525,2026-03-24 13:39:11,USR00372,USR00332,2146.38,Grocery,P2P,Mumbai,Tablet,GPay,0,
TXN04786,2026-03-24 13:40:51,USR00314,USR00081,6777.02,Grocery,P2M,Bengaluru,iPhone,GPay,0,
TXN03022,2026-03-24 13:44:21,USR00447,USR00355,1170.41,Rent,P2M,Mumbai,Web,BHIM,0,
TXN06998,2026-03-24 14:03:53,USR00243,USR00202,12852.08,Rent,P2M,Chennai,Android_Phone,Paytm,0,
TXN01776,2026-03-24 14:08:19,USR00259,USR00468,2810.66,P2P Transfer,P2P,Pune,Tablet,Paytm,0,
TXN01614,2026-03-24 14:14:28,USR00178,USR00120,270.57,Entertainment,P2M,Surat,Web,GPay,0,
TXN06621,2026-03-24 14:16:21,USR00133,USR00123,1053.35,Shopping,P2M,Surat,Android_Phone,GPay,0,
TXN02735,2026-03-24 14:17:42,USR00324,USR00120,5849.31,Rent,P2P,Nagpur,iPhone,GPay,0,
TXN06095,2026-03-24 14:23:30,USR00000,USR00346,210.1,Fuel,P2M,Nagpur,iPhone,AmazonPay,0,
TXN01179,2026-03-24 14:26:25,USR00402,USR00491,1223.53,Shopping,P2P,Kolkata,Tablet,PhonePe,0,
TXN07125,2026-03-24 14:44:17,USR00072,USR00165,1340.14,Education,P2M,Delhi,Tablet,BHIM,0,
TXN06741,2026-03-24 15:07:17,USR00494,USR00378,6879.01,Entertainment,P2P,Bengaluru,iPhone,AmazonPay,0,
TXN03152,2026-03-24 15:15:13,USR00295,USR00290,329.21,P2P Transfer,P2P,Kolkata,Android_Phone,AmazonPay,0,
TXN06061,2026-03-24 15:35:03,USR00254,USR00362,2213.81,Entertainment,P2P,Hyderabad,Android_Phone,PhonePe,0,
TXN06950,2026-03-24 16:04:27,USR00082,USR00462,999.16,Shopping,P2M,Ahmedabad,Android_Phone,GPay,0,
TXN05519,2026-03-24 16:07:01,USR00022,USR00342,3660.86,Food Delivery,P2M,Hyderabad,Web,PhonePe,0,
TXN01673,2026-03-24 16:11:35,USR00320,USR00338,9711.33,Education,P2P,Jaipur,Web,GPay,0,
TXN09110,2026-03-24 16:31:58,USR00023,USR00318,1140.15,Shopping,P2M,Delhi,Web,AmazonPay,0,
TXN05769,2026-03-24 16:52:18,USR00398,USR00384,19421.84,Food Delivery,P2P,Kolkata,Web,GPay,0,
TXN04642,2026-03-24 16:53:54,USR00047,USR00013,2165.99,Fuel,P2M,Ahmedabad,iPhone,BHIM,0,
TXN05723,2026-03-24 17:01:17,USR00184,USR00457,14693.3,Travel,P2P,Jaipur,Android_Phone,GPay,0,
TXN01098,2026-03-24 17:19:16,USR00263,USR00030,7788.2,Shopping,P2M,Pune,Android_Phone,PhonePe,0,
TXN07211,2026-03-24 17:41:38,USR00114,USR00158,378.31,Fuel,P2P,Kolkata,iPhone,Paytm,0,
TXN01982,2026-03-24 17:41:43,USR00340,USR00088,402.03,Utilities,P2M,Jaipur,Tablet,PhonePe,0,
TXN07579,2026-03-24 17:51:56,USR00401,USR00092,1828.81,Grocery,P2M,Chennai,Web,AmazonPay,0,
TXN06454,2026-03-24 18:00:31,USR00064,USR00194,650.02,Travel,P2P,Lucknow,Tablet,BHIM,0,
TXN00125,2026-03-24 18:15:01,USR00251,USR00110,3979.12,Entertainment,P2M,Mumbai,Android_Phone,BHIM,0,
TXN01691,2026-03-24 18:20:14,USR00068,USR00239,847.57,Healthcare,P2P,Ahmedabad,Web,Paytm,0,
TXN00533,2026-03-24 18:44:27,USR00196,USR00332,394.26,P2P Transfer,P2P,Hyderabad,Web,Paytm,0,
TXN06626,2026-03-24 19:07:12,USR00302,USR00015,3152.43,Fuel,P2M,Surat,Tablet,PhonePe,0,
TXN00547,2026-03-24 19:12:45,USR00324,USR00001,11328.38,P2P Transfer,P2P,Nagpur,iPhone,GPay,0,
TXN03214,2026-03-24 19:13:30,USR00140,USR00218,585.78,Education,P2M,Hyderabad,Web,BHIM,0,
TXN03060,2026-03-24 19:17:53,USR00094,USR00486,5237.22,P2P Transfer,P2P,Pune,Web,GPay,0,
TXN00653,2026-03-24 19:25:52,USR00160,USR00049,9641.61,Utilities,P2P,Lucknow,Web,Paytm,0,
TXN00996,2026-03-24 19:33:28,USR00178,USR00120,437.7,Grocery,P2M,Surat,Web,GPay,0,
TXN03661,2026-03-24 19:34:36,USR00299,USR00330,218.26,Fuel,P2M,Nagpur,Web,PhonePe,0,
TXN08333,2026-03-24 19:50:23,USR00236,USR00275,340.22,Entertainment,P2P,Lucknow,Android_Phone,PhonePe,0,
TXN01712,2026-03-24 19:57:09,USR00217,USR00349,13257.93,Shopping,P2M,Delhi,Web,AmazonPay,0,
TXN09121,2026-03-24 20:24:51,USR00133,USR00367,469.7,Fuel,P2P,Surat,Android_Phone,GPay,0,
TXN08818,2026-03-24 20:30:38,USR00002,USR00079,2241.33,Education,P2M,Chennai,Tablet,Paytm,0,
TXN00030,2026-03-24 20:36:51,USR00192,USR00495,1575.56,Food Delivery,P2P,Mumbai,Tablet,BHIM,0,
TXN01367,2026-03-24 20:50:25,USR00268,USR00089,5353.07,Utilities,P2P,Kolkata,Web,GPay,0,
TXN05295,2026-03-24 21:10:17,USR00056,USR00005,11957.13,Education,P2P,Hyderabad,Web,PhonePe,0,
TXN06270,2026-03-24 21:10:42,USR00048,USR00232,2147.49,Rent,P2M,Kolkata,Web,BHIM,0,
TXN01926,2026-03-24 21:15:11,USR00253,USR00122,325.35,Entertainment,P2P,Hyderabad,Android_Phone,PhonePe,0,
TXN01660,2026-03-24 21:18:48,USR00406,USR00489,488.34,Entertainment,P2P,Lucknow,Tablet,PhonePe,0,
TXN04685,2026-03-24 21:20:13,USR00108,USR00159,13673.85,Shopping,P2P,Chennai,Tablet,Paytm,0,
TXN00274,2026-03-24 21:22:28,USR00253,USR00122,370.69,Grocery,P2P,Hyderabad,Android_Phone,PhonePe,0,
TXN05843,2026-03-24 21:31:51,USR00373,USR00128,355.24,P2P Transfer,P2P,Lucknow,Web,BHIM,0,
TXN00357,2026-03-24 21:43:41,USR00001,USR00308,3461.61,Fuel,P2M,Pune,iPhone,AmazonPay,0,
TXN09523,2026-03-24 21:50:03,USR00325,USR00463,9683.39,Shopping,P2M,Nagpur,Android_Phone,PhonePe,1,high_amount
TXN01825,2026-03-24 22:00:40,USR00449,USR00004,1337.71,P2P Transfer,P2P,Mumbai,Web,Paytm,0,
TXN07323,2026-03-24 22:12:18,USR00020,USR00025,460.71,P2P Transfer,P2M,Lucknow,Android_Phone,BHIM,0,
TXN06327,2026-03-24 22:33:56,USR00007,USR00255,125.64,Shopping,P2P,Lucknow,iPhone,BHIM,0,
TXN09775,2026-03-25 03:27:39,USR00149,USR00066,699.69,Travel,P2P,Bengaluru,iPhone,GPay,1,"new_location,odd_hour"
TXN09968,2026-03-25 03:41:23,USR00293,USR00216,532.11,P2P Transfer,P2P,Bengaluru,Android_Phone,BHIM,1,"odd_hour,new_device"
TXN06503,2026-03-25 06:06:29,USR00371,USR00135,407.36,Fuel,P2M,Pune,Tablet,PhonePe,0,
TXN04747,2026-03-25 06:12:20,USR00345,USR00402,2366.28,Entertainment,P2M,Pune,Android_Phone,Paytm,0,
TXN00477,2026-03-25 06:24:59,USR00356,USR00499,12139.16,Shopping,P2P,Pune,Android_Phone,BHIM,0,
TXN06124,2026-03-25 06:50:26,USR00262,USR00277,3366.9,Food Delivery,P2P,Mumbai,Tablet,GPay,0,
TXN02953,2026-03-25 06:52:31,USR00417,USR00011,9187.42,Healthcare,P2M,Mumbai,iPhone,PhonePe,0,
TXN03208,2026-03-25 06:56:55,USR00191,USR00356,111.98,Food Delivery,P2P,Jaipur,Tablet,Paytm,0,
TXN00304,2026-03-25 07:07:28,USR00063,USR00288,5763.59,P2P Transfer,P2P,Bengaluru,Android_Phone,Paytm,0,
TXN03719,2026-03-25 07:13:36,USR00239,USR00167,7610.66,Utilities,P2M,Nagpur,Web,AmazonPay,0,
TXN04716,2026-03-25 07:18:10,USR00329,USR00224,2824.98,P2P Transfer,P2M,Kolkata,Android_Phone,AmazonPay,0,
TXN02449,2026-03-25 07:22:28,USR00312,USR00437,571.21,Utilities,P2P,Jaipur,Tablet,PhonePe,0,
TXN08149,2026-03-25 07:29:30,USR00282,USR00163,1196.48,Grocery,P2P,Pune,Android_Phone,GPay,0,
TXN07459,2026-03-25 07:45:16,USR00443,USR00256,1180.09,Utilities,P2M,Delhi,Web,PhonePe,0,
TXN05753,2026-03-25 07:50:05,USR00003,USR00235,1430.33,Healthcare,P2P,Lucknow,Web,AmazonPay,0,
TXN02332,2026-03-25 07:52:17,USR00003,USR00022,3290.29,Food Delivery,P2P,Lucknow,Web,AmazonPay,0,
TXN06654,2026-03-25 07:56:47,USR00001,USR00101,2431.55,Shopping,P2P,Pune,iPhone,AmazonPay,0,
TXN04576,2026-03-25 08:04:35,USR00265,USR00133,176.73,P2P Transfer,P2P,Surat,Tablet,Paytm,0,
TXN06913,2026-03-25 08:17:57,USR00186,USR00427,5291.63,Education,P2P,Jaipur,Tablet,GPay,0,
TXN09506,2026-03-25 08:22:33,USR00133,USR00123,1270.14,Rent,P2M,Surat,Tablet,GPay,1,new_device
TXN04851,2026-03-25 08:52:14,USR00190,USR00285,2883.14,Shopping,P2M,Kolkata,iPhone,AmazonPay,0,
TXN06725,2026-03-25 08:58:01,USR00273,USR00365,9685.08,Fuel,P2P,Surat,iPhone,BHIM,0,
TXN05694,2026-03-25 09:20:50,USR00102,USR00204,1494.56,Travel,P2P,Chennai,Tablet,BHIM,0,
TXN03315,2026-03-25 09:26:49,USR00124,USR00403,2210.18,Rent,P2M,Delhi,iPhone,AmazonPay,0,
TXN09949,2026-03-25 09:31:03,USR00116,USR00090,2112.97,Fuel,P2M,Surat,Tablet,BHIM,1,new_device
TXN09691,2026-03-25 09:32:06,USR00132,USR00103,9887.37,Grocery,P2M,Delhi,Web,PhonePe,1,"new_device,new_receiver"
TXN00712,2026-03-25 09:57:14,USR00095,USR00327,61.17,Shopping,P2P,Delhi,Tablet,GPay,0,
TXN01941,2026-03-25 10:02:55,USR00219,USR00245,883.98,Entertainment,P2M,Delhi,Tablet,AmazonPay,0,
TXN00634,2026-03-25 10:09:20,USR00441,USR00076,104.58,Healthcare,P2M,Chennai,Android_Phone,PhonePe,0,
TXN06658,2026-03-25 10:12:42,USR00243,USR00202,16210.94,Travel,P2M,Chennai,Android_Phone,Paytm,0,
TXN06833,2026-03-25 10:14:25,USR00365,USR00490,4476.54,Shopping,P2P,Lucknow,iPhone,GPay,0,
TXN01129,2026-03-25 10:21:04,USR00455,USR00285,3342.0,Rent,P2M,Chennai,iPhone,GPay,0,
TXN00059,2026-03-25 10:37:56,USR00091,USR00119,72.55,Healthcare,P2M,Surat,Tablet,GPay,0,
TXN02606,2026-03-25 10:56:31,USR00425,USR00352,1430.06,P2P Transfer,P2P,Ahmedabad,Web,Paytm,0,
TXN03029,2026-03-25 11:01:06,USR00193,USR00274,291.6,Food Delivery,P2P,Chennai,Tablet,PhonePe,0,
TXN00538,2026-03-25 11:10:05,USR00294,USR00438,471.64,Entertainment,P2P,Delhi,Android_Phone,Paytm,0,
TXN09522,2026-03-25 11:13:38,USR00225,USR00118,32.86,Rent,P2P,Ahmedabad,iPhone,PhonePe,1,new_location
TXN09223,2026-03-25 11:13:53,USR00028,USR00483,14936.01,Entertainment,P2M,Delhi,Android_Phone,PhonePe,0,
TXN00844,2026-03-25 11:22:27,USR00259,USR00368,2024.77,Entertainment,P2P,Pune,Tablet,Paytm,0,
TXN05163,2026-03-25 11:24:57,USR00073,USR00104,530.74,P2P Transfer,P2P,Surat,Tablet,PhonePe,0,
TXN07913,2026-03-25 11:35:38,USR00079,USR00269,451.89,Education,P2M,Ahmedabad,Android_Phone,BHIM,0,
TXN04652,2026-03-25 11:46:11,USR00217,USR00092,13791.57,Food Delivery,P2P,Delhi,Web,AmazonPay,0,
TXN08784,2026-03-25 11:55:03,USR00255,USR00399,5127.0,Travel,P2P,Bengaluru,Web,Paytm,0,
TXN06014,2026-03-25 11:59:06,USR00195,USR00060,257.92,Education,P2M,Pune,Android_Phone,BHIM,0,
TXN08927,2026-03-25 12:05:15,USR00309,USR00351,8003.53,Utilities,P2M,Chennai,iPhone,BHIM,0,
TXN08414,2026-03-25 12:18:55,USR00498,USR00495,17115.31,Entertainment,P2M,Mumbai,Web,GPay,0,
TXN04932,2026-03-25 12:25:31,USR00189,USR00119,9913.78,Education,P2M,Mumbai,iPhone,AmazonPay,0,
TXN08306,2026-03-25 12:39:18,USR00027,USR00170,181.56,Education,P2P,Mumbai,Web,PhonePe,0,
TXN03195,2026-03-25 12:39:33,USR00104,USR00468,170.31,Food Delivery,P2M,Surat,Web,Paytm,0,
TXN01133,2026-03-25 12:42:12,USR00272,USR00255,9213.24,Fuel,P2P,Lucknow,Android_Phone,AmazonPay,0,
TXN00048,2026-03-25 12:42:33,USR00060,USR00116,816.1,Rent,P2P,Delhi,Web,PhonePe,0,
TXN06625,2026-03-25 13:06:54,USR00308,USR00348,3348.98,Travel,P2P,Surat,Tablet,BHIM,0,
TXN08481,2026-03-25 13:09:22,USR00134,USR00402,1797.86,Travel,P2M,Delhi,Web,BHIM,0,
TXN00299,2026-03-25 13:25:49,USR00357,USR00037,15746.68,Entertainment,P2P,Mumbai,Web,PhonePe,0,
TXN00693,2026-03-25 13:29:26,USR00358,USR00199,2248.39,Fuel,P2M,Surat,Tablet,GPay,0,
TXN09090,2026-03-25 13:36:35,USR00174,USR00152,457.87,Utilities,P2M,Mumbai,Web,AmazonPay,0,
TXN02754,2026-03-25 13:48:28,USR00312,USR00211,445.05,Utilities,P2M,Jaipur,Tablet,PhonePe,0,
TXN03101,2026-03-25 13:58:17,USR00042,USR00286,6088.48,Shopping,P2P,Surat,Tablet,BHIM,0,
TXN03972,2026-03-25 14:06:31,USR00051,USR00475,10417.38,Entertainment,P2P,Bengaluru,Android_Phone,Paytm,0,
TXN06811,2026-03-25 14:16:11,USR00053,USR00491,15324.73,Grocery,P2P,Mumbai,Web,Paytm,0,
TXN05644,2026-03-25 14:22:47,USR00170,USR00315,13899.1,Rent,P2P,Bengaluru,Web,AmazonPay,0,
TXN00881,2026-03-25 14:23:30,USR00171,USR00169,3883.12,P2P Transfer,P2P,Mumbai,iPhone,BHIM,0,
TXN00508,2026-03-25 14:41:50,USR00193,USR00370,664.27,Shopping,P2P,Chennai,Tablet,PhonePe,0,
TXN07371,2026-03-25 14:49:08,USR00072,USR00496,2798.47,Shopping,P2P,Delhi,Tablet,BHIM,0,
TXN00839,2026-03-25 15:01:02,USR00479,USR00192,423.69,Healthcare,P2M,Hyderabad,iPhone,AmazonPay,0,
TXN01388,2026-03-25 15:01:19,USR00143,USR00390,4170.78,Food Delivery,P2M,Chennai,Web,Paytm,0,
TXN08277,2026-03-25 15:02:04,USR00175,USR00098,2081.97,Entertainment,P2M,Bengaluru,Tablet,PhonePe,0,
TXN07004,2026-03-25 15:25:19,USR00164,USR00268,244.31,Entertainment,P2P,Lucknow,Android_Phone,BHIM,0,
TXN03375,2026-03-25 15:44:30,USR00275,USR00126,12961.85,Healthcare,P2P,Bengaluru,iPhone,PhonePe,0,
TXN09977,2026-03-25 15:48:40,USR00185,USR00469,18672.99,Education,P2M,Mumbai,Tablet,BHIM,1,new_location
TXN04844,2026-03-25 15:51:24,USR00462,USR00085,3143.01,P2P Transfer,P2P,Hyderabad,Web,GPay,0,
TXN05690,2026-03-25 16:27:57,USR00117,USR00140,512.51,Rent,P2P,Ahmedabad,Android_Phone,GPay,0,
TXN02135,2026-03-25 16:35:44,USR00470,USR00287,9313.96,Entertainment,P2P,Lucknow,Web,AmazonPay,0,
TXN00099,2026-03-25 16:41:50,USR00210,USR00324,2141.8,Education,P2M,Bengaluru,Web,BHIM,0,
TXN03265,2026-03-25 16:58:13,USR00460,USR00313,679.01,P2P Transfer,P2P,Lucknow,Android_Phone,AmazonPay,0,
TXN04145,2026-03-25 17:02:18,USR00456,USR00155,19603.9,Food Delivery,P2M,Kolkata,Web,Paytm,0,
TXN00265,2026-03-25 17:09:41,USR00107,USR00379,244.37,Healthcare,P2P,Delhi,Tablet,GPay,0,
TXN09086,2026-03-25 17:17:50,USR00058,USR00176,4442.19,Entertainment,P2P,Hyderabad,iPhone,AmazonPay,0,
TXN06151,2026-03-25 17:24:07,USR00031,USR00359,883.43,Grocery,P2M,Hyderabad,iPhone,BHIM,0,
TXN07917,2026-03-25 17:39:42,USR00275,USR00336,18562.63,Food Delivery,P2M,Bengaluru,iPhone,PhonePe,0,
TXN03597,2026-03-25 17:40:09,USR00294,USR00203,436.01,Entertainment,P2P,Delhi,Android_Phone,Paytm,0,
TXN06070,2026-03-25 17:44:10,USR00372,USR00332,1479.04,Rent,P2M,Mumbai,Tablet,GPay,0,
TXN04597,2026-03-25 17:52:42,USR00339,USR00456,9802.95,Education,P2M,Mumbai,Tablet,AmazonPay,0,
TXN05878,2026-03-25 18:27:46,USR00013,USR00373,259.16,P2P Transfer,P2M,Pune,Tablet,BHIM,0,
TXN09897,2026-03-25 18:34:58,USR00185,USR00114,17198.48,Shopping,P2P,Chennai,Tablet,BHIM,1,new_receiver
TXN04012,2026-03-25 18:42:06,USR00029,USR00183,247.16,Education,P2M,Chennai,Web,PhonePe,0,
TXN03503,2026-03-25 18:42:27,USR00125,USR00354,102.63,Shopping,P2M,Bengaluru,iPhone,AmazonPay,0,
TXN08317,2026-03-25 18:51:36,USR00052,USR00350,15432.07,Travel,P2M,Nagpur,Android_Phone,GPay,0,
TXN03019,2026-03-25 18:53:00,USR00328,USR00215,12959.41,Healthcare,P2P,Nagpur,Tablet,PhonePe,0,
TXN03512,2026-03-25 18:54:50,USR00204,USR00350,3960.53,Travel,P2P,Nagpur,iPhone,GPay,0,
TXN03494,2026-03-25 19:15:18,USR00350,USR00238,199.26,Fuel,P2P,Bengaluru,iPhone,PhonePe,0,
TXN02009,2026-03-25 19:15:41,USR00475,USR00412,9125.62,P2P Transfer,P2P,Chennai,Web,Paytm,0,
TXN00974,2026-03-25 19:22:11,USR00285,USR00133,4395.72,Fuel,P2M,Mumbai,Web,Paytm,0,
TXN03630,2026-03-25 19:23:29,USR00201,USR00004,341.18,P2P Transfer,P2M,Delhi,iPhone,BHIM,0,
TXN06733,2026-03-25 20:01:01,USR00366,USR00375,10996.23,Entertainment,P2P,Chennai,Web,BHIM,0,
TXN05285,2026-03-25 20:12:01,USR00342,USR00478,580.91,Food Delivery,P2P,Nagpur,Web,PhonePe,0,
TXN00530,2026-03-25 20:28:23,USR00140,USR00308,463.0,Food Delivery,P2P,Hyderabad,Web,BHIM,0,
TXN04384,2026-03-25 20:28:58,USR00232,USR00115,86.09,Utilities,P2M,Hyderabad,iPhone,AmazonPay,0,
TXN05265,2026-03-25 20:34:31,USR00457,USR00351,8708.43,Shopping,P2P,Lucknow,Web,GPay,0,
TXN04669,2026-03-25 20:35:19,USR00442,USR00402,3190.31,Travel,P2P,Pune,Android_Phone,Paytm,0,
TXN03312,2026-03-25 20:35:27,USR00338,USR00100,148.75,Healthcare,P2M,Delhi,Tablet,BHIM,0,
TXN04043,2026-03-25 20:39:09,USR00295,USR00075,450.21,Grocery,P2M,Kolkata,Android_Phone,AmazonPay,0,
TXN07292,2026-03-25 20:50:42,USR00336,USR00307,14644.77,Utilities,P2M,Ahmedabad,iPhone,BHIM,0,
TXN05167,2026-03-25 20:51:55,USR00127,USR00144,1430.65,Grocery,P2P,Surat,Web,AmazonPay,0,
TXN05811,2026-03-25 21:03:33,USR00071,USR00439,162.64,P2P Transfer,P2P,Surat,Web,Paytm,0,
TXN02251,2026-03-25 21:05:41,USR00078,USR00467,1906.85,Education,P2M,Mumbai,Tablet,BHIM,0,
TXN02981,2026-03-25 21:05:58,USR00278,USR00410,626.17,Entertainment,P2P,Bengaluru,iPhone,Paytm,0,
TXN05633,2026-03-25 21:39:47,USR00352,USR00452,608.16,Travel,P2P,Jaipur,Tablet,Paytm,0,
TXN08758,2026-03-25 22:05:37,USR00119,USR00077,271.78,Rent,P2P,Chennai,iPhone,GPay,0,
TXN08435,2026-03-25 22:06:45,USR00155,USR00136,136.74,Healthcare,P2M,Chennai,Android_Phone,BHIM,0,
TXN02778,2026-03-25 22:09:03,USR00168,USR00407,546.82,Utilities,P2P,Chennai,Tablet,Paytm,0,
TXN05446,2026-03-25 22:11:59,USR00475,USR00108,6256.5,Travel,P2M,Chennai,Web,Paytm,0,
TXN00527,2026-03-25 22:21:37,USR00060,USR00116,1543.38,Utilities,P2M,Delhi,Web,PhonePe,0,
TXN06906,2026-03-25 22:41:39,USR00317,USR00152,534.34,P2P Transfer,P2P,Delhi,iPhone,Paytm,0,
TXN09609,2026-03-25 22:43:18,USR00011,USR00363,18335.84,Food Delivery,P2M,Surat,iPhone,AmazonPay,1,"new_receiver,new_device"
TXN09878,2026-03-25 22:50:02,USR00375,USR00418,27451.24,Grocery,P2M,Bengaluru,iPhone,PhonePe,1,high_amount
TXN02952,2026-03-25 22:50:48,USR00475,USR00412,8665.84,Travel,P2P,Chennai,Web,Paytm,0,
TXN09542,2026-03-26 00:44:43,USR00224,USR00138,220.06,Food Delivery,P2M,Mumbai,Web,Paytm,1,"odd_hour,new_receiver"
TXN09933,2026-03-26 01:08:52,USR00069,USR00046,1980.04,Entertainment,P2P,Lucknow,Web,AmazonPay,1,odd_hour
TXN08443,2026-03-26 06:10:56,USR00457,USR00118,8858.88,Education,P2P,Lucknow,Web,GPay,0,
TXN01434,2026-03-26 06:11:37,USR00244,USR00303,14280.43,Food Delivery,P2P,Ahmedabad,iPhone,PhonePe,0,
TXN05395,2026-03-26 06:12:49,USR00048,USR00167,2708.33,Grocery,P2M,Kolkata,Web,BHIM,0,
TXN03677,2026-03-26 06:19:06,USR00287,USR00025,3012.43,P2P Transfer,P2P,Surat,Web,BHIM,0,
TXN08167,2026-03-26 06:41:17,USR00418,USR00409,1947.87,Travel,P2M,Kolkata,Web,BHIM,0,
TXN06734,2026-03-26 06:49:46,USR00423,USR00061,230.68,Education,P2P,Hyderabad,iPhone,GPay,0,
TXN07160,2026-03-26 06:51:52,USR00345,USR00384,1777.48,Travel,P2P,Pune,Android_Phone,Paytm,0,
TXN00295,2026-03-26 06:59:41,USR00201,USR00004,280.57,P2P Transfer,P2P,Delhi,iPhone,BHIM,0,
TXN02202,2026-03-26 07:05:09,USR00049,USR00035,2861.44,Food Delivery,P2P,Chennai,Android_Phone,GPay,0,
TXN04950,2026-03-26 07:15:21,USR00364,USR00099,10103.14,Healthcare,P2M,Lucknow,Web,Paytm,0,
TXN04650,2026-03-26 07:31:54,USR00239,USR00167,9558.84,Fuel,P2P,Nagpur,Web,AmazonPay,0,
TXN01465,2026-03-26 07:36:03,USR00104,USR00444,186.01,Food Delivery,P2M,Surat,Web,Paytm,0,
TXN03123,2026-03-26 07:39:46,USR00049,USR00399,2591.89,Education,P2M,Chennai,Android_Phone,GPay,0,
TXN02193,2026-03-26 08:04:14,USR00076,USR00212,3880.12,Utilities,P2M,Delhi,iPhone,Paytm,0,
TXN08736,2026-03-26 08:10:16,USR00407,USR00162,1447.27,Rent,P2P,Pune,Web,Paytm,0,
TXN02373,2026-03-26 08:11:05,USR00201,USR00004,300.4,Education,P2P,Delhi,iPhone,BHIM,0,
TXN07089,2026-03-26 08:11:37,USR00051,USR00013,12507.54,Travel,P2P,Bengaluru,Android_Phone,Paytm,0,
TXN02248,2026-03-26 08:28:45,USR00154,USR00160,2503.11,Healthcare,P2M,Ahmedabad,Tablet,Paytm,0,
TXN06460,2026-03-26 08:40:41,USR00205,USR00087,1190.7,Food Delivery,P2P,Mumbai,Tablet,GPay,0,
TXN00542,2026-03-26 08:52:02,USR00352,USR00047,398.59,Grocery,P2P,Jaipur,Tablet,Paytm,0,
TXN01254,2026-03-26 08:52:58,USR00002,USR00490,1746.23,Utilities,P2M,Chennai,Tablet,Paytm,0,
TXN02742,2026-03-26 08:54:01,USR00385,USR00361,6889.8,Utilities,P2M,Hyderabad,Tablet,BHIM,0,
TXN09678,2026-03-26 09:21:33,USR00433,USR00127,13119.43,Utilities,P2M,Lucknow,Android_Phone,AmazonPay,1,"new_location,new_device"
TXN08845,2026-03-26 09:46:12,USR00078,USR00381,1037.54,Entertainment,P2P,Mumbai,Tablet,BHIM,0,
TXN08850,2026-03-26 10:06:14,USR00253,USR00122,253.91,Entertainment,P2M,Hyderabad,Android_Phone,PhonePe,0,
TXN07233,2026-03-26 10:08:01,USR00416,USR00326,4147.1,Entertainment,P2M,Bengaluru,Android_Phone,BHIM,0,
TXN00000,2026-03-26 10:11:30,USR00279,USR00186,3719.64,Shopping,P2M,Delhi,iPhone,BHIM,0,
TXN03221,2026-03-26 10:12:10,USR00296,USR00292,271.65,Food Delivery,P2M,Kolkata,Web,AmazonPay,0,
TXN04371,2026-03-26 10:21:38,USR00404,USR00286,3768.39,Travel,P2P,Ahmedabad,Android_Phone,AmazonPay,0,
TXN05541,2026-03-26 10:31:11,USR00382,USR00448,1279.28,Rent,P2M,Delhi,iPhone,Paytm,0,
TXN04750,2026-03-26 10:36:39,USR00289,USR00198,8476.8,Shopping,P2M,Ahmedabad,Tablet,PhonePe,0,
TXN06601,2026-03-26 10:42:20,USR00146,USR00185,314.83,Fuel,P2P,Nagpur,iPhone,PhonePe,0,
TXN05600,2026-03-26 10:47:55,USR00209,USR00221,643.21,Food Delivery,P2P,Pune,Tablet,PhonePe,0,
TXN05343,2026-03-26 10:50:03,USR00382,USR00448,1033.3,Healthcare,P2P,Delhi,iPhone,Paytm,0,
TXN03746,2026-03-26 10:55:44,USR00317,USR00152,274.62,Grocery,P2M,Delhi,iPhone,Paytm,0,
TXN05610,2026-03-26 11:02:28,USR00142,USR00398,15120.94,Utilities,P2M,Mumbai,Tablet,Paytm,0,
TXN03218,2026-03-26 11:06:25,USR00079,USR00269,469.36,Education,P2P,Ahmedabad,Android_Phone,BHIM,0,
TXN04809,2026-03-26 11:18:14,USR00354,USR00370,4908.03,Education,P2P,Hyderabad,Tablet,Paytm,0,
TXN05879,2026-03-26 11:19:54,USR00248,USR00127,13709.72,Education,P2M,Pune,iPhone,AmazonPay,0,
TXN08362,2026-03-26 11:21:39,USR00084,USR00235,2990.79,Education,P2P,Ahmedabad,iPhone,Paytm,0,
TXN00633,2026-03-26 11:23:59,USR00138,USR00409,16535.04,Food Delivery,P2P,Surat,Android_Phone,BHIM,0,
TXN04127,2026-03-26 11:33:45,USR00480,USR00211,543.34,Healthcare,P2P,Nagpur,Web,GPay,0,
TXN05803,2026-03-26 11:56:40,USR00053,USR00421,12473.87,Shopping,P2P,Mumbai,Web,Paytm,0,
TXN05236,2026-03-26 12:12:09,USR00341,USR00493,10044.24,Entertainment,P2M,Lucknow,Tablet,Paytm,0,
TXN00869,2026-03-26 12:16:50,USR00185,USR00193,14780.57,Grocery,P2P,Chennai,Tablet,BHIM,0,
TXN06659,2026-03-26 12:19:34,USR00022,USR00366,1982.06,Utilities,P2M,Hyderabad,Web,PhonePe,0,
TXN01913,2026-03-26 12:42:42,USR00028,USR00483,12181.99,Rent,P2M,Delhi,Android_Phone,PhonePe,0,
TXN00696,2026-03-26 12:44:43,USR00195,USR00379,401.6,Rent,P2M,Pune,Android_Phone,BHIM,0,
TXN02733,2026-03-26 12:50:15,USR00287,USR00152,2490.36,Utilities,P2P,Surat,Web,BHIM,0,
TXN06168,2026-03-26 12:51:50,USR00343,USR00257,2118.52,Rent,P2P,Nagpur,iPhone,Paytm,0,
TXN04035,2026-03-26 12:52:53,USR00289,USR00328,8363.71,Healthcare,P2P,Ahmedabad,Tablet,PhonePe,0,
TXN04556,2026-03-26 12:54:31,USR00403,USR00128,571.34,Utilities,P2M,Ahmedabad,Web,GPay,0,
TXN06763,2026-03-26 13:24:29,USR00254,USR00006,1912.28,Travel,P2P,Hyderabad,Android_Phone,PhonePe,0,
TXN07415,2026-03-26 13:30:16,USR00182,USR00414,1554.37,Travel,P2M,Delhi,Tablet,BHIM,0,
TXN09161,2026-03-26 13:41:11,USR00321,USR00105,105.91,Fuel,P2P,Jaipur,Android_Phone,GPay,0,
TXN07942,2026-03-26 13:45:04,USR00096,USR00445,1611.18,Rent,P2P,Delhi,iPhone,Paytm,0,
TXN06729,2026-03-26 13:47:01,USR00018,USR00047,3297.17,Travel,P2P,Mumbai,Android_Phone,PhonePe,0,
TXN01775,2026-03-26 13:53:34,USR00487,USR00462,286.27,P2P Transfer,P2M,Bengaluru,Android_Phone,GPay,0,
TXN09095,2026-03-26 13:59:31,USR00282,USR00453,3170.15,Education,P2P,Pune,Android_Phone,GPay,0,
TXN00430,2026-03-26 14:11:44,USR00234,USR00230,230.47,Healthcare,P2P,Hyderabad,iPhone,Paytm,0,
TXN05110,2026-03-26 14:24:18,USR00461,USR00285,842.7,P2P Transfer,P2M,Nagpur,Tablet,AmazonPay,0,
TXN09128,2026-03-26 14:46:32,USR00026,USR00367,2324.76,Travel,P2M,Lucknow,Web,Paytm,0,
TXN09031,2026-03-26 15:04:46,USR00446,USR00350,3602.39,P2P Transfer,P2P,Pune,Android_Phone,GPay,0,
TXN01911,2026-03-26 15:08:01,USR00084,USR00118,2602.35,Education,P2P,Ahmedabad,iPhone,Paytm,0,
TXN07645,2026-03-26 15:23:48,USR00275,USR00126,20296.22,Shopping,P2P,Bengaluru,iPhone,PhonePe,0,
TXN00862,2026-03-26 15:27:34,USR00194,USR00411,4589.58,Rent,P2M,Delhi,Android_Phone,AmazonPay,0,
TXN02896,2026-03-26 15:34:54,USR00029,USR00183,354.65,Food Delivery,P2M,Chennai,Web,PhonePe,0,
TXN06886,2026-03-26 15:46:08,USR00219,USR00298,988.92,Travel,P2P,Delhi,Tablet,AmazonPay,0,
TXN06052,2026-03-26 15:54:19,USR00161,USR00365,73.51,Entertainment,P2M,Mumbai,Android_Phone,BHIM,0,
TXN02751,2026-03-26 15:56:23,USR00152,USR00023,341.21,Healthcare,P2P,Mumbai,Android_Phone,AmazonPay,0,
TXN01854,2026-03-26 16:01:05,USR00398,USR00295,14446.62,Shopping,P2M,Kolkata,Web,GPay,0,
TXN09115,2026-03-26 16:08:56,USR00322,USR00261,357.96,Food Delivery,P2P,Kolkata,iPhone,AmazonPay,0,
TXN01161,2026-03-26 16:09:37,USR00216,USR00495,1490.73,Grocery,P2M,Chennai,Tablet,Paytm,0,
TXN01593,2026-03-26 16:19:06,USR00464,USR00058,1235.67,Grocery,P2M,Nagpur,iPhone,BHIM,0,
TXN01335,2026-03-26 16:57:11,USR00007,USR00335,68.01,P2P Transfer,P2P,Lucknow,iPhone,BHIM,0,
TXN03191,2026-03-26 17:23:57,USR00154,USR00104,3340.36,Utilities,P2P,Ahmedabad,Tablet,Paytm,0,
TXN00924,2026-03-26 17:27:07,USR00166,USR00287,294.78,Education,P2M,Jaipur,iPhone,BHIM,0,
TXN03868,2026-03-26 17:43:38,USR00433,USR00098,10315.01,Entertainment,P2M,Jaipur,iPhone,AmazonPay,0,
TXN03070,2026-03-26 17:51:13,USR00426,USR00095,75.89,Travel,P2P,Jaipur,Web,Paytm,0,
TXN08801,2026-03-26 17:57:03,USR00294,USR00166,662.98,Shopping,P2P,Delhi,Android_Phone,Paytm,0,
TXN03091,2026-03-26 18:11:24,USR00210,USR00364,2547.62,Healthcare,P2M,Bengaluru,Web,BHIM,0,
TXN03471,2026-03-26 18:18:16,USR00196,USR00157,302.29,Rent,P2P,Hyderabad,Web,Paytm,0,
TXN07210,2026-03-26 18:18:36,USR00169,USR00489,19028.18,Healthcare,P2M,Mumbai,Web,BHIM,0,
TXN00870,2026-03-26 18:20:53,USR00157,USR00483,2129.13,Utilities,P2M,Ahmedabad,Web,BHIM,0,
TXN01239,2026-03-26 18:35:53,USR00480,USR00211,257.62,Education,P2P,Nagpur,Web,GPay,0,
TXN08050,2026-03-26 18:40:35,USR00055,USR00435,44.5,Food Delivery,P2P,Lucknow,Tablet,Paytm,0,
TXN05261,2026-03-26 18:54:20,USR00177,USR00133,10171.54,Entertainment,P2P,Chennai,Tablet,PhonePe,0,
TXN00500,2026-03-26 18:54:44,USR00480,USR00363,184.92,Healthcare,P2M,Nagpur,Web,GPay,0,
TXN07728,2026-03-26 19:00:02,USR00306,USR00003,2175.17,Entertainment,P2P,Lucknow,Tablet,Paytm,0,
TXN08021,2026-03-26 19:02:04,USR00430,USR00098,18361.18,Healthcare,P2M,Delhi,iPhone,BHIM,0,
TXN06497,2026-03-26 19:15:06,USR00075,USR00212,4339.14,Education,P2P,Ahmedabad,iPhone,BHIM,0,
TXN03816,2026-03-26 19:24:32,USR00310,USR00065,3262.78,Rent,P2M,Hyderabad,iPhone,Paytm,0,
TXN07439,2026-03-26 19:28:50,USR00113,USR00207,83.89,Grocery,P2M,Hyderabad,Tablet,Paytm,0,
TXN05837,2026-03-26 19:38:01,USR00244,USR00067,14044.43,Fuel,P2M,Ahmedabad,iPhone,PhonePe,0,
TXN00394,2026-03-26 19:39:04,USR00401,USR00230,1738.17,Travel,P2M,Chennai,Web,AmazonPay,0,
TXN00009,2026-03-26 19:42:04,USR00322,USR00368,369.54,P2P Transfer,P2P,Kolkata,iPhone,AmazonPay,0,
TXN09767,2026-03-26 20:13:50,USR00242,USR00038,9225.39,Rent,P2P,Kolkata,Android_Phone,Paytm,1,new_receiver
TXN01073,2026-03-26 20:21:09,USR00187,USR00117,2849.08,Education,P2P,Jaipur,Tablet,PhonePe,0,
TXN06656,2026-03-26 20:31:02,USR00303,USR00428,169.55,Fuel,P2P,Chennai,Web,GPay,0,
TXN00377,2026-03-26 20:43:09,USR00265,USR00121,268.47,Shopping,P2P,Surat,Tablet,Paytm,0,
TXN01242,2026-03-26 20:45:48,USR00469,USR00471,544.61,Food Delivery,P2P,Mumbai,iPhone,GPay,0,
TXN07872,2026-03-26 20:53:01,USR00426,USR00097,105.01,Entertainment,P2P,Jaipur,Web,Paytm,0,
TXN00575,2026-03-26 20:53:28,USR00055,USR00194,65.21,Utilities,P2M,Lucknow,Tablet,Paytm,0,
TXN08199,2026-03-26 21:08:51,USR00130,USR00114,453.49,P2P Transfer,P2M,Kolkata,iPhone,GPay,0,
TXN04349,2026-03-26 21:25:00,USR00365,USR00186,2583.02,Shopping,P2M,Lucknow,iPhone,GPay,0,
TXN07236,2026-03-26 21:27:12,USR00474,USR00060,182.17,Education,P2M,Pune,Web,BHIM,0,
TXN08431,2026-03-26 21:29:32,USR00220,USR00336,102.15,Grocery,P2P,Delhi,Android_Phone,PhonePe,0,
TXN03622,2026-03-26 21:31:06,USR00274,USR00015,14179.44,Healthcare,P2P,Mumbai,iPhone,Paytm,0,
TXN01728,2026-03-26 21:38:58,USR00166,USR00166,297.63,Rent,P2P,Jaipur,iPhone,BHIM,0,
TXN07437,2026-03-26 22:34:42,USR00477,USR00018,124.98,Travel,P2M,Surat,Web,PhonePe,0,
TXN03581,2026-03-26 22:34:42,USR00188,USR00034,1861.42,Utilities,P2P,Pune,Android_Phone,GPay,0,
TXN03938,2026-03-26 22:50:44,USR00304,USR00346,1774.63,Rent,P2M,Surat,iPhone,BHIM,0,
TXN04468,2026-03-26 22:59:01,USR00114,USR00202,334.28,Education,P2M,Kolkata,iPhone,Paytm,0,
TXN09927,2026-03-27 04:18:56,USR00263,USR00492,3645.53,Shopping,P2M,Pune,Android_Phone,PhonePe,1,odd_hour
TXN09663,2026-03-27 04:42:28,USR00258,USR00241,431.04,Grocery,P2P,Pune,Android_Phone,BHIM,1,odd_hour
TXN04072,2026-03-27 06:03:20,USR00211,USR00067,9215.04,Food Delivery,P2P,Hyderabad,Web,PhonePe,0,
TXN02068,2026-03-27 06:08:11,USR00000,USR00379,208.82,Fuel,P2M,Nagpur,iPhone,AmazonPay,0,
TXN07070,2026-03-27 06:25:21,USR00049,USR00399,3640.93,Food Delivery,P2M,Chennai,Android_Phone,GPay,0,
TXN03813,2026-03-27 06:42:55,USR00068,USR00352,1034.47,Healthcare,P2P,Ahmedabad,Web,Paytm,0,
TXN04575,2026-03-27 06:42:56,USR00094,USR00486,2866.31,Travel,P2M,Pune,Web,GPay,0,
TXN07909,2026-03-27 06:53:13,USR00094,USR00486,3314.19,Entertainment,P2P,Pune,Web,GPay,0,
TXN09356,2026-03-27 07:05:11,USR00011,USR00311,8309.31,Entertainment,P2P,Surat,Web,AmazonPay,0,
TXN01716,2026-03-27 07:23:28,USR00027,USR00170,183.01,P2P Transfer,P2P,Mumbai,Web,PhonePe,0,
TXN00985,2026-03-27 07:25:26,USR00264,USR00297,150.91,Food Delivery,P2P,Ahmedabad,Web,AmazonPay,0,
TXN03162,2026-03-27 07:28:31,USR00471,USR00149,6484.27,Healthcare,P2M,Delhi,Tablet,PhonePe,0,
TXN05313,2026-03-27 07:33:47,USR00193,USR00370,357.26,Utilities,P2M,Chennai,Tablet,PhonePe,0,
TXN01372,2026-03-27 07:45:44,USR00252,USR00040,2966.33,Travel,P2P,Hyderabad,iPhone,AmazonPay,0,
TXN08904,2026-03-27 07:52:07,USR00049,USR00332,3044.7,Fuel,P2M,Chennai,Android_Phone,GPay,0,
TXN06576,2026-03-27 07:55:07,USR00186,USR00427,5078.42,Travel,P2P,Jaipur,Tablet,GPay,0,
TXN01561,2026-03-27 07:57:37,USR00418,USR00255,3052.96,Healthcare,P2M,Kolkata,Web,BHIM,0,
TXN03678,2026-03-27 08:10:24,USR00022,USR00366,4238.51,Rent,P2M,Hyderabad,Web,PhonePe,0,
TXN09071,2026-03-27 08:14:13,USR00143,USR00293,3640.04,Entertainment,P2P,Chennai,Web,Paytm,0,
TXN03920,2026-03-27 08:24:53,USR00271,USR00218,321.96,P2P Transfer,P2P,Nagpur,Tablet,PhonePe,0,
TXN08854,2026-03-27 08:34:47,USR00172,USR00387,1514.72,Fuel,P2P,Surat,Tablet,Paytm,0,
TXN05820,2026-03-27 08:35:51,USR00398,USR00384,13481.42,P2P Transfer,P2P,Kolkata,Web,GPay,0,
TXN04570,2026-03-27 08:43:26,USR00445,USR00176,1681.47,Travel,P2M,Pune,Web,Paytm,0,
TXN01522,2026-03-27 08:43:53,USR00269,USR00421,465.29,P2P Transfer,P2M,Mumbai,Android_Phone,BHIM,0,
TXN08129,2026-03-27 08:46:02,USR00300,USR00435,2272.73,Fuel,P2P,Nagpur,Web,AmazonPay,0,
TXN06899,2026-03-27 08:49:43,USR00455,USR00272,1958.16,P2P Transfer,P2M,Chennai,iPhone,GPay,0,
TXN03445,2026-03-27 08:57:52,USR00440,USR00382,6441.64,Grocery,P2P,Delhi,Tablet,AmazonPay,0,
TXN08355,2026-03-27 09:10:13,USR00277,USR00046,14567.78,Utilities,P2P,Bengaluru,Web,PhonePe,0,
TXN00445,2026-03-27 09:10:46,USR00112,USR00379,225.94,Grocery,P2M,Delhi,Web,BHIM,0,
TXN01149,2026-03-27 09:11:23,USR00479,USR00173,530.18,Utilities,P2P,Hyderabad,iPhone,AmazonPay,0,
TXN09106,2026-03-27 09:12:34,USR00229,USR00198,9501.66,Rent,P2P,Nagpur,Web,AmazonPay,0,
TXN03964,2026-03-27 09:17:43,USR00361,USR00043,2440.09,Rent,P2M,Jaipur,Tablet,Paytm,0,
TXN04383,2026-03-27 09:39:42,USR00156,USR00416,4913.68,Entertainment,P2M,Pune,Tablet,AmazonPay,0,
TXN02719,2026-03-27 09:40:19,USR00434,USR00053,107.35,Utilities,P2P,Surat,Web,PhonePe,0,
TXN08718,2026-03-27 09:42:53,USR00111,USR00003,692.66,Travel,P2P,Hyderabad,iPhone,BHIM,0,
TXN09148,2026-03-27 09:45:15,USR00147,USR00239,154.02,Utilities,P2P,Mumbai,Tablet,AmazonPay,0,
TXN03916,2026-03-27 09:49:47,USR00401,USR00143,2088.91,Food Delivery,P2M,Chennai,Web,AmazonPay,0,
TXN01844,2026-03-27 09:57:38,USR00169,USR00177,17960.95,Travel,P2M,Mumbai,Web,BHIM,0,
TXN00506,2026-03-27 10:08:59,USR00487,USR00462,410.68,Food Delivery,P2M,Bengaluru,Android_Phone,GPay,0,
TXN01604,2026-03-27 10:15:08,USR00416,USR00326,8595.13,Grocery,P2P,Bengaluru,Android_Phone,BHIM,0,
TXN01431,2026-03-27 10:22:30,USR00044,USR00118,9353.9,Travel,P2P,Chennai,Web,PhonePe,0,
TXN06135,2026-03-27 10:40:26,USR00437,USR00420,333.67,Grocery,P2M,Pune,iPhone,Paytm,0,
TXN06714,2026-03-27 10:53:08,USR00292,USR00292,221.74,Rent,P2P,Jaipur,Android_Phone,PhonePe,0,
TXN00699,2026-03-27 11:18:54,USR00257,USR00130,258.02,Shopping,P2P,Ahmedabad,Android_Phone,AmazonPay,0,
TXN09246,2026-03-27 11:23:01,USR00477,USR00018,230.23,Travel,P2M,Surat,Web,PhonePe,0,
TXN05931,2026-03-27 11:44:29,USR00370,USR00289,1877.33,P2P Transfer,P2P,Ahmedabad,iPhone,AmazonPay,0,
TXN04834,2026-03-27 11:47:59,USR00355,USR00395,2124.94,Fuel,P2P,Delhi,Android_Phone,AmazonPay,0,
TXN06207,2026-03-27 12:05:26,USR00073,USR00136,118.89,Fuel,P2P,Surat,Tablet,PhonePe,0,
TXN08712,2026-03-27 12:05:47,USR00239,USR00249,7176.1,Education,P2P,Nagpur,Web,AmazonPay,0,
TXN05614,2026-03-27 12:05:47,USR00318,USR00464,660.84,Healthcare,P2M,Pune,Web,BHIM,0,
TXN00754,2026-03-27 12:13:29,USR00108,USR00159,13440.92,Shopping,P2M,Chennai,Tablet,Paytm,0,
TXN03922,2026-03-27 12:16:33,USR00031,USR00403,1317.19,Education,P2M,Hyderabad,iPhone,BHIM,0,
TXN07639,2026-03-27 12:21:15,USR00148,USR00294,1103.16,Shopping,P2M,Jaipur,Tablet,PhonePe,0,
TXN01520,2026-03-27 12:29:51,USR00058,USR00283,5492.38,P2P Transfer,P2M,Hyderabad,iPhone,AmazonPay,0,
TXN06808,2026-03-27 12:43:49,USR00114,USR00202,448.19,Shopping,P2M,Kolkata,iPhone,Paytm,0,
TXN04873,2026-03-27 12:51:36,USR00113,USR00010,69.39,Grocery,P2M,Hyderabad,Tablet,Paytm,0,
TXN01384,2026-03-27 12:54:15,USR00287,USR00152,2567.82,P2P Transfer,P2P,Surat,Web,BHIM,0,
TXN03511,2026-03-27 13:00:17,USR00261,USR00237,6394.96,Education,P2M,Hyderabad,iPhone,Paytm,0,
TXN05565,2026-03-27 13:01:55,USR00284,USR00333,18507.4,Shopping,P2P,Delhi,Tablet,PhonePe,0,
TXN06409,2026-03-27 13:01:59,USR00171,USR00211,3587.98,Travel,P2M,Mumbai,iPhone,BHIM,0,
TXN01541,2026-03-27 13:10:44,USR00436,USR00000,9039.29,Education,P2M,Chennai,Web,GPay,0,
TXN06077,2026-03-27 13:26:21,USR00158,USR00274,530.61,Healthcare,P2M,Lucknow,Tablet,BHIM,0,
TXN09025,2026-03-27 13:29:52,USR00408,USR00437,457.0,Healthcare,P2M,Kolkata,Tablet,PhonePe,0,
TXN08460,2026-03-27 13:44:06,USR00117,USR00140,591.55,Fuel,P2P,Ahmedabad,Android_Phone,GPay,0,
TXN06058,2026-03-27 13:48:38,USR00427,USR00326,664.11,Utilities,P2P,Jaipur,Web,AmazonPay,0,
TXN05800,2026-03-27 13:50:11,USR00202,USR00369,21845.91,Shopping,P2M,Mumbai,Tablet,Paytm,0,
TXN07248,2026-03-27 13:55:21,USR00497,USR00470,18040.75,P2P Transfer,P2P,Hyderabad,Web,BHIM,0,
TXN03930,2026-03-27 14:04:45,USR00400,USR00490,597.14,Rent,P2P,Pune,Web,Paytm,0,
TXN03669,2026-03-27 14:08:10,USR00133,USR00294,1439.33,Food Delivery,P2M,Surat,Android_Phone,GPay,0,
TXN06805,2026-03-27 14:37:28,USR00435,USR00432,4930.08,Fuel,P2P,Chennai,Tablet,BHIM,0,
TXN07139,2026-03-27 14:41:00,USR00164,USR00317,215.37,Grocery,P2M,Lucknow,Android_Phone,BHIM,0,
TXN09365,2026-03-27 14:53:52,USR00302,USR00015,2883.8,Grocery,P2M,Surat,Tablet,PhonePe,0,
TXN06055,2026-03-27 15:01:06,USR00022,USR00366,5025.71,Entertainment,P2P,Hyderabad,Web,PhonePe,0,
TXN03439,2026-03-27 15:01:10,USR00079,USR00466,237.25,Shopping,P2M,Ahmedabad,Android_Phone,BHIM,0,
TXN00907,2026-03-27 15:17:09,USR00473,USR00294,7982.36,Shopping,P2P,Hyderabad,Web,AmazonPay,0,
TXN09339,2026-03-27 15:24:24,USR00101,USR00220,67.38,Healthcare,P2P,Kolkata,Web,GPay,0,
TXN05603,2026-03-27 15:34:01,USR00160,USR00201,7558.32,Healthcare,P2P,Lucknow,Web,Paytm,0,
TXN07924,2026-03-27 15:34:32,USR00447,USR00156,991.07,Education,P2M,Mumbai,Web,BHIM,0,
TXN04605,2026-03-27 15:42:01,USR00292,USR00409,349.6,Healthcare,P2M,Jaipur,Android_Phone,PhonePe,0,
TXN08776,2026-03-27 16:07:35,USR00237,USR00470,214.37,Education,P2M,Bengaluru,Android_Phone,PhonePe,0,
TXN08612,2026-03-27 16:38:20,USR00113,USR00010,89.72,Fuel,P2P,Hyderabad,Tablet,Paytm,0,
TXN08615,2026-03-27 16:48:27,USR00378,USR00307,598.33,Utilities,P2M,Pune,iPhone,PhonePe,0,
TXN08257,2026-03-27 16:50:19,USR00403,USR00439,754.82,Travel,P2M,Ahmedabad,Web,GPay,0,
TXN02478,2026-03-27 17:07:20,USR00054,USR00165,2076.4,P2P Transfer,P2P,Ahmedabad,Tablet,PhonePe,0,
TXN02525,2026-03-27 17:11:25,USR00422,USR00026,1082.33,Grocery,P2M,Ahmedabad,Web,PhonePe,0,
TXN05254,2026-03-27 17:14:26,USR00287,USR00152,1735.4,Travel,P2M,Surat,Web,BHIM,0,
TXN01543,2026-03-27 17:20:13,USR00406,USR00323,497.6,Education,P2P,Lucknow,Tablet,PhonePe,0,
TXN07035,2026-03-27 17:24:04,USR00159,USR00291,4942.3,Utilities,P2M,Kolkata,Android_Phone,PhonePe,0,
TXN00424,2026-03-27 17:30:10,USR00158,USR00055,641.6,P2P Transfer,P2M,Lucknow,Tablet,BHIM,0,
TXN04836,2026-03-27 17:32:05,USR00446,USR00079,3745.8,Rent,P2M,Pune,Android_Phone,GPay,0,
TXN05869,2026-03-27 17:40:43,USR00244,USR00303,19091.88,Healthcare,P2M,Ahmedabad,iPhone,PhonePe,0,
TXN07158,2026-03-27 18:01:56,USR00410,USR00377,1835.4,Rent,P2P,Delhi,iPhone,BHIM,0,
TXN04821,2026-03-27 18:09:13,USR00046,USR00409,14600.23,Food Delivery,P2M,Jaipur,Tablet,Paytm,0,
TXN02192,2026-03-27 18:20:14,USR00003,USR00373,2556.67,Food Delivery,P2M,Lucknow,Web,AmazonPay,0,
TXN03464,2026-03-27 18:24:33,USR00378,USR00298,147.61,Healthcare,P2M,Pune,iPhone,PhonePe,0,
TXN09074,2026-03-27 18:28:17,USR00456,USR00420,17570.59,Fuel,P2P,Kolkata,Web,Paytm,0,
TXN02854,2026-03-27 18:35:29,USR00135,USR00336,234.78,Travel,P2P,Chennai,Android_Phone,GPay,0,
TXN03083,2026-03-27 18:55:00,USR00155,USR00238,187.53,Travel,P2P,Chennai,Android_Phone,BHIM,0,
TXN01041,2026-03-27 19:02:38,USR00141,USR00343,7464.85,Utilities,P2M,Hyderabad,Tablet,BHIM,0,
TXN03756,2026-03-27 19:08:01,USR00254,USR00362,2627.15,Utilities,P2M,Hyderabad,Android_Phone,PhonePe,0,
TXN01753,2026-03-27 19:20:08,USR00422,USR00026,751.84,Education,P2M,Ahmedabad,Web,PhonePe,0,
TXN05520,2026-03-27 19:26:38,USR00091,USR00055,124.24,Healthcare,P2P,Surat,Tablet,GPay,0,
TXN02142,2026-03-27 19:33:31,USR00040,USR00099,2193.23,Grocery,P2M,Ahmedabad,Android_Phone,BHIM,0,
TXN07412,2026-03-27 19:51:16,USR00015,USR00370,2742.55,Food Delivery,P2M,Hyderabad,iPhone,AmazonPay,0,
TXN08288,2026-03-27 19:53:38,USR00094,USR00120,3710.45,P2P Transfer,P2P,Pune,Web,GPay,0,
TXN01623,2026-03-27 19:53:38,USR00321,USR00078,116.38,Food Delivery,P2M,Jaipur,Android_Phone,GPay,0,
TXN05544,2026-03-27 19:59:15,USR00336,USR00286,16422.81,P2P Transfer,P2M,Ahmedabad,iPhone,BHIM,0,
TXN00736,2026-03-27 20:04:36,USR00366,USR00169,5968.42,Healthcare,P2M,Chennai,Web,BHIM,0,
TXN02589,2026-03-27 20:11:24,USR00361,USR00484,1840.01,Utilities,P2P,Jaipur,Tablet,Paytm,0,
TXN04952,2026-03-27 20:16:04,USR00363,USR00371,985.36,Rent,P2P,Hyderabad,Android_Phone,AmazonPay,0,
TXN08578,2026-03-27 20:33:17,USR00373,USR00128,373.06,Travel,P2M,Lucknow,Web,BHIM,0,
TXN01160,2026-03-27 20:37:33,USR00363,USR00371,2654.51,Utilities,P2M,Hyderabad,Android_Phone,AmazonPay,0,
TXN02187,2026-03-27 20:43:40,USR00367,USR00430,2452.18,Utilities,P2M,Surat,iPhone,AmazonPay,0,
TXN04505,2026-03-27 20:48:49,USR00484,USR00023,818.39,Healthcare,P2P,Chennai,Android_Phone,Paytm,0,
TXN08452,2026-03-27 20:49:22,USR00146,USR00185,366.49,Entertainment,P2P,Nagpur,iPhone,PhonePe,0,
TXN04010,2026-03-27 20:51:35,USR00168,USR00178,554.93,Healthcare,P2M,Chennai,Tablet,Paytm,0,
TXN02763,2026-03-27 20:57:11,USR00495,USR00306,15066.66,Grocery,P2M,Kolkata,Web,AmazonPay,0,
TXN09319,2026-03-27 21:05:34,USR00165,USR00214,237.32,Education,P2M,Mumbai,iPhone,PhonePe,0,
TXN01920,2026-03-27 21:05:53,USR00163,USR00460,1457.15,Shopping,P2M,Lucknow,Tablet,GPay,0,
TXN02800,2026-03-27 21:07:58,USR00127,USR00144,1597.92,Grocery,P2M,Surat,Web,AmazonPay,0,
TXN04301,2026-03-27 21:10:27,USR00237,USR00141,146.76,Grocery,P2M,Bengaluru,Android_Phone,PhonePe,0,
TXN01289,2026-03-27 21:11:17,USR00197,USR00211,6521.42,Rent,P2P,Chennai,Tablet,GPay,0,
TXN02916,2026-03-27 21:37:00,USR00108,USR00369,10061.27,Healthcare,P2P,Chennai,Tablet,Paytm,0,
TXN00158,2026-03-27 21:38:25,USR00182,USR00232,1929.03,Travel,P2M,Delhi,Tablet,BHIM,0,
TXN06785,2026-03-27 21:50:02,USR00496,USR00075,996.93,Shopping,P2M,Lucknow,iPhone,PhonePe,0,
TXN00515,2026-03-27 21:54:51,USR00074,USR00007,95.0,Grocery,P2M,Nagpur,iPhone,AmazonPay,0,
TXN05638,2026-03-27 22:07:27,USR00007,USR00108,70.26,Food Delivery,P2M,Lucknow,iPhone,BHIM,0,
TXN04095,2026-03-27 22:13:03,USR00060,USR00184,1038.74,Education,P2P,Delhi,Web,PhonePe,0,
TXN01900,2026-03-27 22:29:07,USR00228,USR00344,710.91,Grocery,P2P,Lucknow,Tablet,Paytm,0,
TXN01759,2026-03-27 22:32:10,USR00379,USR00067,251.73,Food Delivery,P2P,Pune,Android_Phone,AmazonPay,0,
TXN04261,2026-03-27 22:33:58,USR00491,USR00179,108.57,Rent,P2M,Ahmedabad,Web,BHIM,0,
TXN09014,2026-03-27 22:35:07,USR00491,USR00057,106.13,P2P Transfer,P2M,Ahmedabad,Web,BHIM,0,
TXN05053,2026-03-27 22:43:00,USR00057,USR00330,273.26,Fuel,P2P,Nagpur,iPhone,GPay,0,
TXN00790,2026-03-27 22:49:35,USR00402,USR00074,2387.26,Food Delivery,P2M,Kolkata,Tablet,PhonePe,0,
TXN05014,2026-03-27 22:59:19,USR00366,USR00169,17044.9,Healthcare,P2P,Chennai,Web,BHIM,0,
TXN10019,2026-03-28 02:44:00,USR00132,USR00024,7466.71,Food Delivery,P2P,Delhi,Tablet,PhonePe,1,rapid_burst
TXN10020,2026-03-28 02:47:00,USR00132,USR00024,16144.41,P2P Transfer,P2P,Delhi,Tablet,PhonePe,1,rapid_burst
TXN10021,2026-03-28 02:48:00,USR00132,USR00154,10999.02,Rent,P2P,Delhi,Tablet,PhonePe,1,rapid_burst
TXN10022,2026-03-28 02:53:00,USR00132,USR00062,8590.44,P2P Transfer,P2P,Delhi,Tablet,PhonePe,1,rapid_burst
TXN03778,2026-03-28 06:21:09,USR00467,USR00278,8318.22,Shopping,P2P,Mumbai,Web,GPay,0,
TXN07929,2026-03-28 06:54:14,USR00456,USR00420,17403.3,Utilities,P2M,Kolkata,Web,Paytm,0,
TXN08083,2026-03-28 06:55:39,USR00031,USR00403,1612.37,Travel,P2M,Hyderabad,iPhone,BHIM,0,
TXN07715,2026-03-28 07:07:40,USR00392,USR00262,266.77,P2P Transfer,P2P,Chennai,Web,Paytm,0,
TXN07780,2026-03-28 07:22:08,USR00052,USR00412,6629.8,P2P Transfer,P2M,Nagpur,Android_Phone,GPay,0,
TXN01414,2026-03-28 07:31:02,USR00325,USR00131,783.14,Fuel,P2M,Nagpur,Android_Phone,PhonePe,0,
TXN00441,2026-03-28 07:34:13,USR00110,USR00306,292.76,Grocery,P2P,Jaipur,Tablet,GPay,0,
TXN07723,2026-03-28 07:37:14,USR00145,USR00460,13962.65,P2P Transfer,P2M,Ahmedabad,Android_Phone,GPay,0,
TXN06776,2026-03-28 07:38:03,USR00173,USR00467,660.91,Grocery,P2M,Jaipur,iPhone,PhonePe,0,
TXN00805,2026-03-28 07:40:54,USR00069,USR00046,3623.72,Entertainment,P2M,Lucknow,Web,AmazonPay,0,
TXN07684,2026-03-28 07:42:22,USR00049,USR00399,3117.06,P2P Transfer,P2M,Chennai,Android_Phone,GPay,0,
TXN08829,2026-03-28 07:43:43,USR00487,USR00462,419.43,Grocery,P2M,Bengaluru,Android_Phone,GPay,0,
TXN09627,2026-03-28 07:47:23,USR00104,USR00339,160.07,Entertainment,P2P,Surat,Tablet,Paytm,1,"new_device,new_receiver"
TXN09028,2026-03-28 07:54:37,USR00005,USR00107,10513.75,Healthcare,P2P,Surat,Tablet,Paytm,0,
TXN06583,2026-03-28 07:57:08,USR00228,USR00344,860.63,Utilities,P2P,Lucknow,Tablet,Paytm,0,
TXN09659,2026-03-28 08:02:53,USR00229,USR00198,114697.6,Shopping,P2M,Nagpur,Web,AmazonPay,1,"high_amount,rapid_burst"
TXN06769,2026-03-28 08:08:24,USR00375,USR00060,1803.37,Grocery,P2M,Bengaluru,iPhone,PhonePe,0,
TXN07162,2026-03-28 08:08:51,USR00465,USR00171,1248.86,Fuel,P2M,Kolkata,iPhone,AmazonPay,0,
TXN06006,2026-03-28 08:23:11,USR00290,USR00428,53.07,P2P Transfer,P2P,Ahmedabad,Tablet,GPay,0,
TXN01681,2026-03-28 08:23:21,USR00403,USR00287,398.28,Entertainment,P2P,Ahmedabad,Web,GPay,0,
TXN07042,2026-03-28 08:25:31,USR00090,USR00046,288.95,Food Delivery,P2P,Jaipur,Tablet,Paytm,0,
TXN04794,2026-03-28 08:36:20,USR00229,USR00198,14158.6,Grocery,P2M,Nagpur,Web,AmazonPay,0,
TXN03354,2026-03-28 08:41:06,USR00247,USR00044,4400.07,Grocery,P2M,Lucknow,Tablet,PhonePe,0,
TXN02560,2026-03-28 08:46:45,USR00280,USR00402,477.94,Fuel,P2M,Bengaluru,Web,PhonePe,0,
TXN07020,2026-03-28 08:50:13,USR00041,USR00490,7620.24,Utilities,P2P,Pune,Tablet,AmazonPay,0,
TXN04256,2026-03-28 08:56:33,USR00491,USR00179,130.38,Entertainment,P2P,Ahmedabad,Web,BHIM,0,
TXN03239,2026-03-28 09:03:22,USR00250,USR00429,1247.12,Rent,P2M,Chennai,Android_Phone,AmazonPay,0,
TXN09232,2026-03-28 09:08:38,USR00450,USR00443,432.3,Entertainment,P2M,Kolkata,iPhone,AmazonPay,0,
TXN04471,2026-03-28 09:11:03,USR00156,USR00167,7743.91,Travel,P2M,Pune,Tablet,AmazonPay,0,
TXN05570,2026-03-28 09:23:20,USR00211,USR00067,9699.75,Education,P2P,Hyderabad,Web,PhonePe,0,
TXN04252,2026-03-28 09:34:51,USR00247,USR00459,3600.62,Fuel,P2M,Lucknow,Tablet,PhonePe,0,
TXN09547,2026-03-28 09:36:45,USR00235,USR00352,2021.59,Healthcare,P2M,Ahmedabad,iPhone,BHIM,1,new_location
TXN00557,2026-03-28 09:38:26,USR00362,USR00343,226.4,Utilities,P2M,Pune,Web,AmazonPay,0,
TXN02729,2026-03-28 09:49:15,USR00497,USR00347,13866.72,Entertainment,P2P,Hyderabad,Web,BHIM,0,
TXN09932,2026-03-28 09:54:55,USR00088,USR00067,2143.77,Fuel,P2M,Lucknow,Android_Phone,Paytm,1,rapid_burst
TXN02683,2026-03-28 10:07:13,USR00438,USR00119,9421.47,Healthcare,P2P,Chennai,Web,AmazonPay,0,
TXN07178,2026-03-28 10:08:10,USR00007,USR00108,83.65,Rent,P2M,Lucknow,iPhone,BHIM,0,
TXN04964,2026-03-28 10:22:02,USR00308,USR00071,1996.36,Entertainment,P2P,Surat,Tablet,BHIM,0,
TXN08749,2026-03-28 10:31:58,USR00112,USR00379,527.26,Food Delivery,P2M,Delhi,Web,BHIM,0,
TXN08956,2026-03-28 10:35:04,USR00190,USR00031,1623.35,Education,P2M,Kolkata,iPhone,AmazonPay,0,
TXN00025,2026-03-28 10:37:49,USR00236,USR00143,217.3,Travel,P2M,Lucknow,Android_Phone,PhonePe,0,
TXN05482,2026-03-28 10:40:30,USR00430,USR00328,10336.15,Travel,P2M,Delhi,iPhone,BHIM,0,
TXN04543,2026-03-28 10:51:21,USR00198,USR00168,403.23,Entertainment,P2M,Bengaluru,Web,AmazonPay,0,
TXN02922,2026-03-28 11:01:56,USR00293,USR00040,472.66,P2P Transfer,P2P,Bengaluru,iPhone,BHIM,0,
TXN03659,2026-03-28 11:08:12,USR00045,USR00105,13613.24,Food Delivery,P2M,Kolkata,Tablet,BHIM,0,
TXN03488,2026-03-28 11:09:12,USR00053,USR00250,17308.98,Fuel,P2M,Mumbai,Web,Paytm,0,
TXN09852,2026-03-28 11:15:59,USR00242,USR00352,11588.13,Food Delivery,P2P,Kolkata,Android_Phone,Paytm,1,rapid_burst
TXN00440,2026-03-28 11:17:09,USR00343,USR00277,3434.71,Fuel,P2P,Nagpur,iPhone,Paytm,0,
TXN06082,2026-03-28 11:22:56,USR00370,USR00289,1978.6,Utilities,P2P,Ahmedabad,iPhone,AmazonPay,0,
TXN04801,2026-03-28 11:42:00,USR00399,USR00352,14373.34,Grocery,P2M,Delhi,Tablet,PhonePe,0,
TXN09591,2026-03-28 11:56:08,USR00423,USR00061,5725.76,Utilities,P2M,Hyderabad,iPhone,GPay,1,high_amount
TXN09315,2026-03-28 12:18:46,USR00102,USR00373,1614.1,Rent,P2P,Chennai,Tablet,BHIM,0,
TXN05728,2026-03-28 12:26:37,USR00056,USR00284,7578.84,Entertainment,P2P,Hyderabad,Web,PhonePe,0,
TXN06379,2026-03-28 12:30:50,USR00016,USR00210,106.9,P2P Transfer,P2M,Surat,Android_Phone,GPay,0,
TXN03712,2026-03-28 12:47:22,USR00185,USR00464,17729.32,Fuel,P2M,Chennai,Tablet,BHIM,0,
TXN06378,2026-03-28 13:05:15,USR00319,USR00301,923.85,P2P Transfer,P2M,Nagpur,iPhone,PhonePe,0,
TXN06096,2026-03-28 13:22:57,USR00117,USR00140,410.92,Fuel,P2P,Ahmedabad,Android_Phone,GPay,0,
TXN05380,2026-03-28 13:37:40,USR00404,USR00184,5367.32,Grocery,P2M,Ahmedabad,Android_Phone,AmazonPay,0,
TXN07463,2026-03-28 13:37:40,USR00303,USR00132,155.56,Utilities,P2M,Chennai,Web,GPay,0,
TXN08879,2026-03-28 13:43:09,USR00314,USR00390,11430.51,Fuel,P2M,Bengaluru,iPhone,GPay,0,
TXN06136,2026-03-28 14:07:57,USR00030,USR00415,1119.46,Utilities,P2M,Pune,iPhone,PhonePe,0,
TXN05656,2026-03-28 14:11:35,USR00194,USR00411,4171.32,Fuel,P2P,Delhi,Android_Phone,AmazonPay,0,
TXN04678,2026-03-28 14:17:49,USR00069,USR00492,2531.44,Entertainment,P2M,Lucknow,Web,AmazonPay,0,
TXN01079,2026-03-28 14:18:09,USR00243,USR00320,16990.95,Utilities,P2P,Chennai,Android_Phone,Paytm,0,
TXN03033,2026-03-28 14:18:21,USR00171,USR00211,3229.39,Shopping,P2M,Mumbai,iPhone,BHIM,0,
TXN06935,2026-03-28 14:20:10,USR00004,USR00035,736.68,Fuel,P2P,Lucknow,Web,PhonePe,0,
TXN02538,2026-03-28 14:37:50,USR00115,USR00397,2606.1,Travel,P2P,Jaipur,Android_Phone,PhonePe,0,
TXN05917,2026-03-28 14:49:44,USR00441,USR00357,92.06,Shopping,P2M,Chennai,Android_Phone,PhonePe,0,
TXN04486,2026-03-28 14:53:47,USR00286,USR00015,335.31,P2P Transfer,P2M,Chennai,Android_Phone,PhonePe,0,
TXN04227,2026-03-28 15:17:40,USR00101,USR00220,59.95,Fuel,P2M,Kolkata,Web,GPay,0,
TXN05177,2026-03-28 15:47:04,USR00105,USR00188,301.48,Rent,P2M,Delhi,iPhone,Paytm,0,
TXN05312,2026-03-28 15:47:55,USR00492,USR00166,45.39,Education,P2P,Kolkata,Android_Phone,GPay,0,
TXN04385,2026-03-28 15:48:40,USR00434,USR00053,208.25,Entertainment,P2M,Surat,Web,PhonePe,0,
TXN00239,2026-03-28 16:06:56,USR00126,USR00383,497.84,Grocery,P2M,Ahmedabad,iPhone,AmazonPay,0,
TXN08427,2026-03-28 16:11:51,USR00117,USR00302,504.76,Utilities,P2M,Ahmedabad,Android_Phone,GPay,0,
TXN07756,2026-03-28 16:15:22,USR00310,USR00241,2982.64,Rent,P2M,Hyderabad,iPhone,Paytm,0,
TXN04412,2026-03-28 16:21:23,USR00415,USR00122,11130.89,Education,P2M,Pune,Tablet,AmazonPay,0,
TXN08681,2026-03-28 16:33:37,USR00380,USR00060,9600.51,Rent,P2P,Jaipur,Android_Phone,AmazonPay,0,
TXN04065,2026-03-28 16:43:17,USR00121,USR00347,676.0,Healthcare,P2P,Delhi,Web,AmazonPay,0,
TXN09066,2026-03-28 16:47:29,USR00007,USR00202,79.37,Entertainment,P2P,Lucknow,iPhone,BHIM,0,
TXN03648,2026-03-28 16:50:22,USR00122,USR00043,302.37,P2P Transfer,P2M,Hyderabad,Web,Paytm,0,
TXN02324,2026-03-28 16:50:56,USR00451,USR00250,8014.32,Shopping,P2M,Jaipur,iPhone,PhonePe,0,
TXN07589,2026-03-28 17:00:07,USR00332,USR00434,12797.22,Travel,P2P,Surat,Android_Phone,BHIM,0,
TXN00348,2026-03-28 17:07:22,USR00456,USR00478,13347.56,P2P Transfer,P2M,Kolkata,Web,Paytm,0,
TXN06190,2026-03-28 17:10:27,USR00295,USR00301,535.08,Utilities,P2P,Kolkata,Android_Phone,AmazonPay,0,
TXN01303,2026-03-28 17:25:58,USR00319,USR00301,1071.95,Food Delivery,P2P,Nagpur,iPhone,PhonePe,0,
TXN00512,2026-03-28 17:59:50,USR00394,USR00180,14339.38,Travel,P2P,Chennai,iPhone,Paytm,0,
TXN04245,2026-03-28 18:07:52,USR00119,USR00490,96.81,Shopping,P2P,Chennai,iPhone,GPay,0,
TXN02222,2026-03-28 18:13:27,USR00236,USR00305,506.24,Shopping,P2P,Lucknow,Android_Phone,PhonePe,0,
TXN08018,2026-03-28 18:19:54,USR00125,USR00425,93.12,Travel,P2M,Bengaluru,iPhone,AmazonPay,0,
TXN08301,2026-03-28 18:21:49,USR00204,USR00423,1741.79,Utilities,P2M,Nagpur,iPhone,GPay,0,
TXN08266,2026-03-28 18:29:35,USR00030,USR00499,1701.04,Shopping,P2P,Pune,iPhone,PhonePe,0,
TXN06128,2026-03-28 18:39:30,USR00202,USR00369,11481.69,Shopping,P2P,Mumbai,Tablet,Paytm,0,
TXN04078,2026-03-28 18:44:41,USR00137,USR00263,214.46,Rent,P2P,Mumbai,iPhone,AmazonPay,0,
TXN07205,2026-03-28 18:46:18,USR00089,USR00425,6125.77,Healthcare,P2P,Jaipur,Web,BHIM,0,
TXN09922,2026-03-28 18:54:29,USR00358,USR00199,32778.17,Rent,P2M,Surat,Tablet,GPay,1,high_amount
TXN00452,2026-03-28 18:59:49,USR00323,USR00498,676.36,Utilities,P2M,Pune,Tablet,PhonePe,0,
TXN06606,2026-03-28 19:02:00,USR00401,USR00230,2189.44,Fuel,P2P,Chennai,Web,AmazonPay,0,
TXN00336,2026-03-28 19:06:15,USR00283,USR00055,14586.94,Entertainment,P2M,Chennai,Android_Phone,GPay,0,
TXN03523,2026-03-28 19:10:58,USR00476,USR00202,10272.06,Travel,P2M,Delhi,Android_Phone,AmazonPay,0,
TXN05096,2026-03-28 19:22:08,USR00163,USR00460,873.59,P2P Transfer,P2P,Lucknow,Tablet,GPay,0,
TXN06613,2026-03-28 20:05:32,USR00157,USR00046,2102.36,Entertainment,P2P,Ahmedabad,Web,BHIM,0,
TXN03331,2026-03-28 20:22:22,USR00283,USR00368,17260.41,Fuel,P2P,Chennai,Android_Phone,GPay,0,
TXN02206,2026-03-28 20:48:01,USR00333,USR00193,2586.78,Fuel,P2M,Mumbai,Web,PhonePe,0,
TXN05668,2026-03-28 20:53:36,USR00044,USR00041,11223.0,Shopping,P2M,Chennai,Web,PhonePe,0,
TXN00562,2026-03-28 20:56:34,USR00263,USR00497,5069.77,Food Delivery,P2M,Pune,Android_Phone,PhonePe,0,
TXN04158,2026-03-28 21:01:07,USR00019,USR00135,5076.75,Shopping,P2P,Bengaluru,Android_Phone,BHIM,0,
TXN06702,2026-03-28 21:01:33,USR00198,USR00194,407.83,Rent,P2P,Bengaluru,Web,AmazonPay,0,
TXN01181,2026-03-28 21:09:13,USR00371,USR00189,605.82,Utilities,P2M,Pune,Tablet,PhonePe,0,
TXN05516,2026-03-28 21:12:32,USR00070,USR00325,1810.44,Healthcare,P2M,Hyderabad,Tablet,BHIM,0,
TXN03647,2026-03-28 21:15:22,USR00227,USR00134,7076.41,Healthcare,P2M,Ahmedabad,iPhone,BHIM,0,
TXN05970,2026-03-28 21:36:06,USR00458,USR00242,1685.71,Rent,P2P,Bengaluru,Web,PhonePe,0,
TXN09727,2026-03-28 21:44:56,USR00499,USR00364,5230.13,Travel,P2M,Surat,Tablet,BHIM,1,high_amount
TXN01400,2026-03-28 21:48:56,USR00075,USR00212,3731.39,Rent,P2M,Ahmedabad,iPhone,BHIM,0,
TXN03307,2026-03-28 21:49:58,USR00461,USR00198,1385.82,Entertainment,P2P,Nagpur,Tablet,AmazonPay,0,
TXN03530,2026-03-28 21:50:04,USR00414,USR00407,5976.64,Travel,P2M,Hyderabad,Tablet,BHIM,0,
TXN03653,2026-03-28 21:59:14,USR00221,USR00382,541.65,Education,P2M,Hyderabad,Android_Phone,AmazonPay,0,
TXN00387,2026-03-28 22:08:24,USR00010,USR00057,14253.39,Fuel,P2P,Surat,Web,BHIM,0,
TXN06202,2026-03-28 22:34:10,USR00021,USR00482,7062.22,Healthcare,P2P,Surat,Android_Phone,AmazonPay,0,
TXN03632,2026-03-28 22:47:37,USR00427,USR00397,963.05,Education,P2M,Jaipur,Web,AmazonPay,0,
TXN03618,2026-03-28 22:48:15,USR00266,USR00054,14256.76,Rent,P2M,Lucknow,iPhone,PhonePe,0,
TXN02229,2026-03-28 22:53:42,USR00008,USR00112,4511.67,Travel,P2P,Nagpur,Web,PhonePe,0,
TXN06298,2026-03-28 22:54:09,USR00122,USR00362,320.58,Rent,P2M,Hyderabad,Web,Paytm,0,
TXN09772,2026-03-29 02:28:44,USR00421,USR00242,1215.8,Fuel,P2M,Jaipur,Android_Phone,Paytm,1,odd_hour
TXN09568,2026-03-29 04:50:07,USR00336,USR00317,16765.72,Shopping,P2P,Ahmedabad,iPhone,BHIM,1,odd_hour
TXN01232,2026-03-29 06:23:06,USR00285,USR00487,2765.87,Grocery,P2P,Mumbai,Web,Paytm,0,
TXN02429,2026-03-29 06:26:04,USR00131,USR00388,16341.67,Food Delivery,P2M,Ahmedabad,Web,BHIM,0,
TXN00672,2026-03-29 06:26:32,USR00191,USR00076,156.61,Entertainment,P2P,Jaipur,Tablet,Paytm,0,
TXN08521,2026-03-29 06:28:25,USR00357,USR00037,11328.82,Education,P2P,Mumbai,Web,PhonePe,0,
TXN04893,2026-03-29 06:44:16,USR00467,USR00278,5624.34,Utilities,P2P,Mumbai,Web,GPay,0,
TXN08751,2026-03-29 06:50:00,USR00279,USR00186,3630.52,P2P Transfer,P2P,Delhi,iPhone,BHIM,0,
TXN07743,2026-03-29 07:17:03,USR00282,USR00163,2052.27,Fuel,P2P,Pune,Android_Phone,GPay,0,
TXN04850,2026-03-29 07:25:49,USR00103,USR00221,437.48,Shopping,P2P,Delhi,Android_Phone,Paytm,0,
TXN01599,2026-03-29 07:33:56,USR00208,USR00118,375.28,P2P Transfer,P2P,Mumbai,Web,GPay,0,
TXN06225,2026-03-29 07:37:24,USR00320,USR00055,11973.99,Entertainment,P2P,Jaipur,Web,GPay,0,
TXN08585,2026-03-29 07:42:33,USR00052,USR00307,9048.97,Utilities,P2M,Nagpur,Android_Phone,GPay,0,
TXN04247,2026-03-29 07:43:54,USR00367,USR00041,1934.13,Grocery,P2P,Surat,iPhone,AmazonPay,0,
TXN02850,2026-03-29 07:51:20,USR00109,USR00212,119.53,P2P Transfer,P2P,Ahmedabad,Web,PhonePe,0,
TXN02156,2026-03-29 07:57:01,USR00115,USR00099,3825.69,Travel,P2P,Jaipur,Android_Phone,PhonePe,0,
TXN06700,2026-03-29 08:06:17,USR00470,USR00287,12811.37,Food Delivery,P2P,Lucknow,Web,AmazonPay,0,
TXN08675,2026-03-29 08:13:15,USR00352,USR00452,578.99,Shopping,P2P,Jaipur,Tablet,Paytm,0,
TXN00594,2026-03-29 08:35:49,USR00342,USR00160,927.44,Fuel,P2M,Nagpur,Web,PhonePe,0,
TXN04307,2026-03-29 08:43:46,USR00399,USR00235,9087.8,Utilities,P2M,Delhi,Tablet,PhonePe,0,
TXN01251,2026-03-29 08:44:02,USR00260,USR00488,7682.84,Food Delivery,P2M,Pune,iPhone,Paytm,0,
TXN10043,2026-03-29 08:45:00,USR00085,USR00327,748.74,Shopping,P2M,Delhi,iPhone,BHIM,1,rapid_burst
TXN08112,2026-03-29 08:45:36,USR00204,USR00350,2487.03,Grocery,P2M,Nagpur,iPhone,GPay,0,
TXN10045,2026-03-29 08:47:00,USR00085,USR00327,1063.4,Rent,P2M,Delhi,iPhone,BHIM,1,rapid_burst
TXN10044,2026-03-29 08:48:00,USR00085,USR00300,759.73,P2P Transfer,P2M,Delhi,iPhone,BHIM,1,rapid_burst
TXN08768,2026-03-29 08:50:05,USR00418,USR00255,3252.81,Shopping,P2P,Kolkata,Web,BHIM,0,
TXN09479,2026-03-29 08:58:59,USR00429,USR00337,68399.31,Food Delivery,P2M,Kolkata,Web,GPay,1,high_amount
TXN06399,2026-03-29 09:10:05,USR00110,USR00112,156.66,Entertainment,P2M,Jaipur,Tablet,GPay,0,
TXN05025,2026-03-29 09:17:29,USR00242,USR00352,10509.04,Shopping,P2P,Kolkata,Android_Phone,Paytm,0,
TXN01128,2026-03-29 09:27:52,USR00384,USR00313,221.84,Education,P2M,Jaipur,Web,BHIM,0,
TXN00618,2026-03-29 09:38:12,USR00418,USR00402,4425.1,Utilities,P2P,Kolkata,Web,BHIM,0,
TXN04876,2026-03-29 09:44:29,USR00026,USR00104,2236.54,Fuel,P2P,Lucknow,Web,Paytm,0,
TXN05914,2026-03-29 09:50:05,USR00404,USR00286,5920.37,P2P Transfer,P2P,Ahmedabad,Android_Phone,AmazonPay,0,
TXN04017,2026-03-29 09:51:25,USR00044,USR00077,12123.29,Shopping,P2P,Chennai,Web,PhonePe,0,
TXN00726,2026-03-29 09:54:56,USR00088,USR00046,2407.87,Healthcare,P2P,Lucknow,Android_Phone,Paytm,0,
TXN03726,2026-03-29 09:58:00,USR00362,USR00343,184.92,P2P Transfer,P2M,Pune,Web,AmazonPay,0,
TXN07175,2026-03-29 09:59:07,USR00037,USR00155,772.99,Rent,P2M,Lucknow,iPhone,Paytm,0,
TXN05611,2026-03-29 10:05:01,USR00080,USR00173,21765.66,P2P Transfer,P2P,Delhi,iPhone,BHIM,0,
TXN00087,2026-03-29 10:05:39,USR00357,USR00027,10610.1,Grocery,P2M,Mumbai,Web,PhonePe,0,
TXN07008,2026-03-29 10:06:46,USR00365,USR00161,3300.97,Travel,P2M,Lucknow,iPhone,GPay,0,
TXN07469,2026-03-29 10:33:39,USR00170,USR00315,11889.92,Utilities,P2P,Bengaluru,Web,AmazonPay,0,
TXN02929,2026-03-29 10:33:46,USR00377,USR00092,633.06,Shopping,P2P,Bengaluru,Android_Phone,BHIM,0,
TXN05315,2026-03-29 10:35:22,USR00012,USR00417,623.79,Entertainment,P2M,Pune,Android_Phone,GPay,0,
TXN04076,2026-03-29 10:39:11,USR00083,USR00125,9244.41,Food Delivery,P2P,Kolkata,Web,AmazonPay,0,
TXN04442,2026-03-29 10:41:34,USR00061,USR00326,10461.51,Food Delivery,P2P,Nagpur,Web,BHIM,0,
TXN08709,2026-03-29 10:59:04,USR00441,USR00289,52.67,Shopping,P2M,Chennai,Android_Phone,PhonePe,0,
TXN07955,2026-03-29 11:05:09,USR00301,USR00016,1522.87,Grocery,P2P,Mumbai,iPhone,Paytm,0,
TXN04231,2026-03-29 11:08:44,USR00464,USR00046,1212.72,Rent,P2M,Nagpur,iPhone,BHIM,0,
TXN07979,2026-03-29 11:11:44,USR00193,USR00370,597.11,Fuel,P2P,Chennai,Tablet,PhonePe,0,
TXN02103,2026-03-29 11:23:36,USR00370,USR00091,1230.75,Healthcare,P2P,Ahmedabad,iPhone,AmazonPay,0,
TXN03275,2026-03-29 11:35:13,USR00018,USR00385,5181.11,Shopping,P2P,Mumbai,Android_Phone,PhonePe,0,
TXN06902,2026-03-29 11:44:17,USR00003,USR00235,2930.08,Travel,P2P,Lucknow,Web,AmazonPay,0,
TXN02814,2026-03-29 11:54:58,USR00047,USR00318,2055.32,Healthcare,P2M,Ahmedabad,iPhone,BHIM,0,
TXN04625,2026-03-29 11:59:27,USR00003,USR00235,2677.25,Grocery,P2M,Lucknow,Web,AmazonPay,0,
TXN07737,2026-03-29 12:03:42,USR00477,USR00242,174.23,Education,P2M,Surat,Web,PhonePe,0,
TXN05471,2026-03-29 12:22:31,USR00189,USR00119,12063.6,Food Delivery,P2M,Mumbai,iPhone,AmazonPay,0,
TXN09696,2026-03-29 12:40:31,USR00111,USR00003,7984.41,Travel,P2M,Hyderabad,iPhone,BHIM,1,high_amount
TXN08990,2026-03-29 12:44:24,USR00267,USR00061,270.92,P2P Transfer,P2M,Hyderabad,Tablet,Paytm,0,
TXN04059,2026-03-29 12:46:04,USR00457,USR00351,9195.56,Rent,P2M,Lucknow,Web,GPay,0,
TXN09669,2026-03-29 13:10:13,USR00347,USR00474,23603.55,Food Delivery,P2P,Nagpur,Web,BHIM,1,"high_amount,rapid_burst"
TXN06934,2026-03-29 13:12:42,USR00370,USR00289,1765.74,Travel,P2P,Ahmedabad,iPhone,AmazonPay,0,
TXN08497,2026-03-29 13:14:17,USR00438,USR00153,6870.08,Education,P2M,Chennai,Web,AmazonPay,0,
TXN06516,2026-03-29 13:15:55,USR00198,USR00168,483.38,Travel,P2P,Bengaluru,Web,AmazonPay,0,
TXN04068,2026-03-29 13:25:31,USR00354,USR00370,4228.33,Fuel,P2P,Hyderabad,Tablet,Paytm,0,
TXN01866,2026-03-29 13:25:40,USR00404,USR00184,3318.98,Fuel,P2P,Ahmedabad,Android_Phone,AmazonPay,0,
TXN01640,2026-03-29 13:27:09,USR00321,USR00242,155.33,Utilities,P2M,Jaipur,Android_Phone,GPay,0,
TXN04379,2026-03-29 13:51:54,USR00005,USR00181,10249.8,Travel,P2P,Surat,Tablet,Paytm,0,
TXN05030,2026-03-29 13:59:50,USR00386,USR00402,416.95,Rent,P2M,Delhi,iPhone,Paytm,0,
TXN03005,2026-03-29 14:16:56,USR00399,USR00006,7168.13,Healthcare,P2M,Delhi,Tablet,PhonePe,0,
TXN09003,2026-03-29 14:22:18,USR00487,USR00241,411.52,Healthcare,P2M,Bengaluru,Android_Phone,GPay,0,
TXN03169,2026-03-29 14:31:07,USR00077,USR00390,1491.71,Fuel,P2P,Ahmedabad,iPhone,BHIM,0,
TXN08361,2026-03-29 14:40:39,USR00264,USR00048,170.22,Entertainment,P2M,Ahmedabad,Web,AmazonPay,0,
TXN09020,2026-03-29 15:01:08,USR00442,USR00148,1947.69,Shopping,P2P,Pune,Android_Phone,Paytm,0,
TXN08223,2026-03-29 15:06:49,USR00173,USR00471,441.56,Travel,P2P,Jaipur,iPhone,PhonePe,0,
TXN07082,2026-03-29 15:06:54,USR00292,USR00409,251.64,Shopping,P2M,Jaipur,Android_Phone,PhonePe,0,
TXN08482,2026-03-29 15:10:32,USR00476,USR00202,9304.31,Grocery,P2M,Delhi,Android_Phone,AmazonPay,0,
TXN06738,2026-03-29 15:13:04,USR00343,USR00257,2081.24,Fuel,P2M,Nagpur,iPhone,Paytm,0,
TXN03517,2026-03-29 15:15:39,USR00142,USR00398,9708.53,Healthcare,P2P,Mumbai,Tablet,Paytm,0,
TXN00632,2026-03-29 15:19:39,USR00076,USR00437,4532.78,Fuel,P2P,Delhi,iPhone,Paytm,0,
TXN08059,2026-03-29 15:39:37,USR00206,USR00243,5856.83,Healthcare,P2P,Pune,iPhone,Paytm,0,
TXN03588,2026-03-29 15:50:45,USR00165,USR00077,349.56,P2P Transfer,P2P,Mumbai,iPhone,PhonePe,0,
TXN00132,2026-03-29 15:51:19,USR00446,USR00191,4511.21,Rent,P2M,Pune,Android_Phone,GPay,0,
TXN09456,2026-03-29 16:18:25,USR00203,USR00148,439.83,Grocery,P2M,Delhi,Android_Phone,Paytm,1,new_receiver
TXN07156,2026-03-29 16:41:14,USR00104,USR00444,213.28,Education,P2P,Surat,Web,Paytm,0,
TXN02022,2026-03-29 16:42:41,USR00241,USR00050,3632.68,P2P Transfer,P2P,Chennai,Tablet,BHIM,0,
TXN01261,2026-03-29 16:45:59,USR00483,USR00198,15480.87,Entertainment,P2M,Nagpur,iPhone,AmazonPay,0,
TXN04582,2026-03-29 16:48:10,USR00331,USR00048,403.05,P2P Transfer,P2M,Jaipur,Web,PhonePe,0,
TXN08280,2026-03-29 16:51:33,USR00464,USR00058,1068.05,Travel,P2P,Nagpur,iPhone,BHIM,0,
TXN03401,2026-03-29 17:09:37,USR00025,USR00153,1847.2,Food Delivery,P2M,Surat,Android_Phone,PhonePe,0,
TXN06346,2026-03-29 17:16:33,USR00211,USR00067,5779.46,Grocery,P2M,Hyderabad,Web,PhonePe,0,
TXN02034,2026-03-29 17:18:23,USR00053,USR00221,12075.41,Grocery,P2M,Mumbai,Web,Paytm,0,
TXN08470,2026-03-29 17:29:01,USR00146,USR00185,298.68,Grocery,P2M,Nagpur,iPhone,PhonePe,0,
TXN04103,2026-03-29 17:30:50,USR00246,USR00328,3046.0,Food Delivery,P2M,Kolkata,iPhone,GPay,0,
TXN02191,2026-03-29 17:50:31,USR00139,USR00372,2240.51,Food Delivery,P2P,Jaipur,Web,GPay,0,
TXN09550,2026-03-29 17:59:38,USR00365,USR00273,4568.0,Rent,P2P,Lucknow,iPhone,GPay,1,new_receiver
TXN00671,2026-03-29 18:08:28,USR00209,USR00192,702.31,Travel,P2M,Pune,Tablet,PhonePe,0,
TXN07904,2026-03-29 18:15:02,USR00435,USR00432,7089.77,Education,P2P,Chennai,Tablet,BHIM,0,
TXN03486,2026-03-29 18:18:13,USR00129,USR00466,10679.96,P2P Transfer,P2M,Ahmedabad,Web,PhonePe,0,
TXN05799,2026-03-29 18:35:31,USR00183,USR00111,18204.95,P2P Transfer,P2P,Hyderabad,Tablet,AmazonPay,0,
TXN01247,2026-03-29 18:44:03,USR00402,USR00491,2345.5,Grocery,P2P,Kolkata,Tablet,PhonePe,0,
TXN02282,2026-03-29 18:51:16,USR00347,USR00195,1779.07,Shopping,P2P,Nagpur,Web,BHIM,0,
TXN03584,2026-03-29 18:53:27,USR00218,USR00434,448.72,Healthcare,P2M,Nagpur,Web,BHIM,0,
TXN08616,2026-03-29 19:13:14,USR00289,USR00278,13485.03,Entertainment,P2P,Ahmedabad,Tablet,PhonePe,0,
TXN05040,2026-03-29 19:13:43,USR00326,USR00218,624.77,Entertainment,P2P,Chennai,Web,GPay,0,
TXN00926,2026-03-29 19:15:01,USR00307,USR00487,8604.58,Entertainment,P2P,Hyderabad,Web,Paytm,0,
TXN02391,2026-03-29 19:30:12,USR00182,USR00028,1788.97,Entertainment,P2M,Delhi,Tablet,BHIM,0,
TXN08434,2026-03-29 19:34:51,USR00249,USR00027,12702.47,Travel,P2P,Nagpur,iPhone,PhonePe,0,
TXN04596,2026-03-29 19:51:58,USR00299,USR00045,322.07,Rent,P2M,Nagpur,Web,PhonePe,0,
TXN05063,2026-03-29 19:51:59,USR00042,USR00162,5727.24,Shopping,P2P,Surat,Tablet,BHIM,0,
TXN03196,2026-03-29 19:53:09,USR00231,USR00287,1974.6,Shopping,P2M,Pune,iPhone,BHIM,0,
TXN00023,2026-03-29 20:02:06,USR00492,USR00284,65.08,Healthcare,P2M,Kolkata,Android_Phone,GPay,0,
TXN09593,2026-03-29 20:03:50,USR00442,USR00163,2775.91,Healthcare,P2P,Delhi,Android_Phone,Paytm,1,"new_location,new_receiver"
TXN02287,2026-03-29 20:22:04,USR00392,USR00262,328.03,Shopping,P2M,Chennai,Web,Paytm,0,
TXN03784,2026-03-29 20:26:58,USR00315,USR00102,686.7,Education,P2P,Mumbai,Tablet,Paytm,0,
TXN09388,2026-03-29 20:27:40,USR00042,USR00304,6516.69,Entertainment,P2M,Surat,Tablet,BHIM,0,
TXN00168,2026-03-29 20:34:36,USR00337,USR00409,3155.22,Education,P2P,Chennai,Android_Phone,Paytm,0,
TXN09546,2026-03-29 20:38:36,USR00076,USR00395,30224.87,Education,P2M,Delhi,iPhone,Paytm,1,high_amount
TXN05218,2026-03-29 20:41:01,USR00124,USR00051,1647.81,Rent,P2M,Delhi,iPhone,AmazonPay,0,
TXN01171,2026-03-29 21:14:49,USR00072,USR00129,1880.61,Shopping,P2M,Delhi,Tablet,BHIM,0,
TXN06472,2026-03-29 21:22:05,USR00015,USR00478,2338.41,Travel,P2M,Hyderabad,iPhone,AmazonPay,0,
TXN09527,2026-03-29 21:31:44,USR00382,USR00448,15241.06,Entertainment,P2M,Delhi,iPhone,Paytm,1,high_amount
TXN01369,2026-03-29 21:35:01,USR00028,USR00483,14731.74,Rent,P2P,Delhi,Android_Phone,PhonePe,0,
TXN03953,2026-03-29 21:45:33,USR00454,USR00297,221.45,Shopping,P2P,Ahmedabad,Web,PhonePe,0,
TXN08219,2026-03-29 22:14:02,USR00166,USR00166,164.7,Healthcare,P2M,Jaipur,iPhone,BHIM,0,
TXN00810,2026-03-29 22:28:54,USR00420,USR00499,2096.13,P2P Transfer,P2P,Nagpur,Android_Phone,BHIM,0,
TXN04126,2026-03-29 22:33:11,USR00084,USR00236,1898.12,Utilities,P2P,Ahmedabad,iPhone,Paytm,0,
TXN02565,2026-03-29 22:43:22,USR00410,USR00158,2449.9,Healthcare,P2P,Delhi,iPhone,BHIM,0,
TXN03654,2026-03-30 06:17:33,USR00226,USR00219,9998.39,Shopping,P2P,Ahmedabad,iPhone,Paytm,0,
TXN04804,2026-03-30 06:19:35,USR00048,USR00172,2104.85,Healthcare,P2M,Kolkata,Web,BHIM,0,
TXN05480,2026-03-30 06:20:54,USR00258,USR00241,483.24,P2P Transfer,P2P,Pune,Android_Phone,BHIM,0,
TXN09050,2026-03-30 06:22:29,USR00079,USR00269,303.48,Shopping,P2M,Ahmedabad,Android_Phone,BHIM,0,
TXN02283,2026-03-30 06:34:52,USR00378,USR00073,460.5,Shopping,P2M,Pune,iPhone,PhonePe,0,
TXN01311,2026-03-30 06:43:17,USR00198,USR00194,347.67,Healthcare,P2M,Bengaluru,Web,AmazonPay,0,
TXN00356,2026-03-30 06:43:34,USR00098,USR00064,20644.03,Entertainment,P2M,Mumbai,Web,BHIM,0,
TXN05045,2026-03-30 07:06:41,USR00003,USR00413,1633.18,Education,P2M,Lucknow,Web,AmazonPay,0,
TXN04331,2026-03-30 07:14:34,USR00405,USR00089,3392.62,Travel,P2P,Lucknow,iPhone,Paytm,0,
TXN07181,2026-03-30 07:17:06,USR00090,USR00046,362.03,Shopping,P2M,Jaipur,Tablet,Paytm,0,
TXN07933,2026-03-30 07:21:23,USR00018,USR00385,5409.56,Utilities,P2P,Mumbai,Android_Phone,PhonePe,0,
TXN02597,2026-03-30 07:21:49,USR00090,USR00202,494.71,Shopping,P2M,Jaipur,Tablet,Paytm,0,
TXN01814,2026-03-30 07:27:21,USR00495,USR00306,12147.46,Utilities,P2P,Kolkata,Web,AmazonPay,0,
TXN06638,2026-03-30 07:28:53,USR00083,USR00210,13085.37,Grocery,P2P,Kolkata,Web,AmazonPay,0,
TXN04380,2026-03-30 07:29:16,USR00211,USR00044,7926.64,Healthcare,P2M,Hyderabad,Web,PhonePe,0,
TXN07800,2026-03-30 07:43:08,USR00359,USR00044,8527.48,Grocery,P2M,Hyderabad,Android_Phone,BHIM,0,
TXN05962,2026-03-30 07:53:55,USR00007,USR00202,121.51,Fuel,P2P,Lucknow,iPhone,BHIM,0,
TXN04150,2026-03-30 08:10:18,USR00319,USR00258,727.4,Fuel,P2M,Nagpur,iPhone,PhonePe,0,
TXN08341,2026-03-30 08:12:32,USR00291,USR00430,13865.24,Fuel,P2M,Lucknow,Tablet,BHIM,0,
TXN00139,2026-03-30 08:14:19,USR00438,USR00119,8219.27,Shopping,P2P,Chennai,Web,AmazonPay,0,
TXN08587,2026-03-30 08:16:36,USR00172,USR00387,2564.41,Utilities,P2M,Surat,Tablet,Paytm,0,
TXN06630,2026-03-30 08:24:28,USR00440,USR00434,9388.81,Education,P2M,Delhi,Tablet,AmazonPay,0,
TXN00361,2026-03-30 08:27:04,USR00377,USR00092,803.27,Shopping,P2P,Bengaluru,Android_Phone,BHIM,0,
TXN02720,2026-03-30 08:29:03,USR00424,USR00496,1267.74,Rent,P2M,Surat,Android_Phone,GPay,0,
TXN05874,2026-03-30 08:39:05,USR00385,USR00295,7265.19,P2P Transfer,P2P,Hyderabad,Tablet,BHIM,0,
TXN07201,2026-03-30 08:40:24,USR00429,USR00049,6556.51,Travel,P2P,Kolkata,Web,GPay,0,
TXN07898,2026-03-30 08:55:46,USR00293,USR00040,673.05,Healthcare,P2M,Bengaluru,iPhone,BHIM,0,
TXN06683,2026-03-30 09:08:49,USR00076,USR00395,3324.64,Grocery,P2P,Delhi,iPhone,Paytm,0,
TXN08387,2026-03-30 09:11:41,USR00116,USR00090,1436.46,Education,P2P,Surat,iPhone,BHIM,0,
TXN08015,2026-03-30 09:13:07,USR00168,USR00407,549.75,Shopping,P2P,Chennai,Tablet,Paytm,0,
TXN05164,2026-03-30 09:32:02,USR00337,USR00493,1387.4,Food Delivery,P2P,Chennai,Android_Phone,Paytm,0,
TXN07935,2026-03-30 09:42:59,USR00171,USR00169,4057.04,Education,P2M,Mumbai,iPhone,BHIM,0,
TXN03693,2026-03-30 09:45:22,USR00293,USR00216,543.06,Grocery,P2P,Bengaluru,iPhone,BHIM,0,
TXN03548,2026-03-30 09:47:24,USR00497,USR00482,13563.53,Healthcare,P2P,Hyderabad,Web,BHIM,0,
TXN00103,2026-03-30 09:57:42,USR00093,USR00300,1815.21,Utilities,P2P,Surat,Web,BHIM,0,
TXN06735,2026-03-30 10:04:46,USR00357,USR00027,11131.91,P2P Transfer,P2P,Mumbai,Web,PhonePe,0,
TXN05612,2026-03-30 10:09:25,USR00363,USR00371,3119.16,Utilities,P2M,Hyderabad,Android_Phone,AmazonPay,0,
TXN05427,2026-03-30 10:18:13,USR00080,USR00319,20268.23,Travel,P2P,Delhi,iPhone,BHIM,0,
TXN06366,2026-03-30 10:39:17,USR00288,USR00105,6876.31,Travel,P2P,Pune,Tablet,PhonePe,0,
TXN07514,2026-03-30 10:48:36,USR00035,USR00412,6201.41,Healthcare,P2M,Nagpur,Android_Phone,PhonePe,0,
TXN03902,2026-03-30 10:58:09,USR00390,USR00102,99.17,Travel,P2M,Surat,Web,GPay,0,
TXN09488,2026-03-30 10:59:58,USR00116,USR00487,3693.86,Entertainment,P2P,Nagpur,iPhone,BHIM,1,"new_location,rapid_burst"
TXN07791,2026-03-30 11:09:25,USR00298,USR00497,501.39,Healthcare,P2P,Ahmedabad,Web,PhonePe,0,
TXN02098,2026-03-30 11:09:29,USR00408,USR00437,540.84,Fuel,P2P,Kolkata,Tablet,PhonePe,0,
TXN03973,2026-03-30 11:10:33,USR00297,USR00455,19006.87,P2P Transfer,P2P,Mumbai,Tablet,GPay,0,
TXN00768,2026-03-30 11:17:31,USR00051,USR00296,16892.44,Utilities,P2P,Bengaluru,Android_Phone,Paytm,0,
TXN07418,2026-03-30 11:18:01,USR00174,USR00290,347.37,Utilities,P2P,Mumbai,Web,AmazonPay,0,
TXN07534,2026-03-30 11:41:55,USR00033,USR00328,678.07,Education,P2M,Hyderabad,Android_Phone,AmazonPay,0,
TXN09585,2026-03-30 11:42:13,USR00221,USR00265,312.34,P2P Transfer,P2M,Hyderabad,Tablet,AmazonPay,1,new_device
TXN03236,2026-03-30 11:46:30,USR00163,USR00446,1397.4,Shopping,P2P,Lucknow,Tablet,GPay,0,
TXN04096,2026-03-30 11:59:54,USR00333,USR00206,1792.91,Grocery,P2P,Mumbai,Web,PhonePe,0,
TXN03940,2026-03-30 12:09:01,USR00295,USR00301,278.74,Entertainment,P2M,Kolkata,Android_Phone,AmazonPay,0,
TXN07881,2026-03-30 12:24:39,USR00477,USR00469,108.84,Fuel,P2M,Surat,Web,PhonePe,0,
TXN05506,2026-03-30 12:40:44,USR00236,USR00143,360.84,Fuel,P2M,Lucknow,Android_Phone,PhonePe,0,
TXN07268,2026-03-30 12:51:23,USR00156,USR00167,8225.38,Entertainment,P2P,Pune,Tablet,AmazonPay,0,
TXN03398,2026-03-30 12:53:05,USR00205,USR00087,1211.74,P2P Transfer,P2P,Mumbai,Tablet,GPay,0,
TXN01298,2026-03-30 12:54:57,USR00358,USR00161,1483.94,Food Delivery,P2P,Surat,Tablet,GPay,0,
TXN06334,2026-03-30 13:05:33,USR00134,USR00278,2003.32,Shopping,P2M,Delhi,Web,BHIM,0,
TXN08238,2026-03-30 13:22:58,USR00338,USR00312,149.07,P2P Transfer,P2M,Delhi,Tablet,BHIM,0,
TXN08748,2026-03-30 13:24:33,USR00462,USR00313,3500.19,Entertainment,P2M,Hyderabad,Web,GPay,0,
TXN08661,2026-03-30 13:24:47,USR00199,USR00375,2622.99,Healthcare,P2P,Ahmedabad,Tablet,PhonePe,0,
TXN01404,2026-03-30 13:25:05,USR00417,USR00052,12675.03,Food Delivery,P2P,Mumbai,iPhone,PhonePe,0,
TXN05525,2026-03-30 13:37:25,USR00247,USR00459,5390.54,Fuel,P2P,Lucknow,Tablet,PhonePe,0,
TXN04049,2026-03-30 13:42:33,USR00077,USR00278,1353.21,Grocery,P2P,Ahmedabad,iPhone,BHIM,0,
TXN09507,2026-03-30 13:46:49,USR00139,USR00484,2718.65,P2P Transfer,P2P,Jaipur,Web,GPay,1,new_receiver
TXN00284,2026-03-30 13:55:32,USR00458,USR00098,1673.95,Rent,P2P,Bengaluru,Web,PhonePe,0,
TXN08230,2026-03-30 14:12:18,USR00053,USR00421,10800.49,Rent,P2P,Mumbai,Web,Paytm,0,
TXN00137,2026-03-30 14:23:08,USR00178,USR00341,311.46,P2P Transfer,P2M,Surat,Web,GPay,0,
TXN07768,2026-03-30 14:36:07,USR00105,USR00284,462.58,Food Delivery,P2M,Delhi,iPhone,Paytm,0,
TXN06704,2026-03-30 14:39:44,USR00465,USR00022,1683.45,Shopping,P2M,Kolkata,iPhone,AmazonPay,0,
TXN01626,2026-03-30 15:04:06,USR00490,USR00073,361.93,Utilities,P2P,Ahmedabad,Tablet,AmazonPay,0,
TXN07748,2026-03-30 15:14:44,USR00163,USR00460,655.5,Entertainment,P2M,Lucknow,Tablet,GPay,0,
TXN01345,2026-03-30 15:14:58,USR00107,USR00324,157.8,Rent,P2M,Delhi,Tablet,GPay,0,
TXN07832,2026-03-30 15:15:21,USR00434,USR00452,285.12,Shopping,P2P,Surat,Web,PhonePe,0,
TXN01632,2026-03-30 15:17:34,USR00022,USR00342,2520.41,Rent,P2P,Hyderabad,Web,PhonePe,0,
TXN06037,2026-03-30 15:29:58,USR00276,USR00162,1847.49,Rent,P2P,Bengaluru,Web,Paytm,0,
TXN04718,2026-03-30 15:45:25,USR00417,USR00144,12112.77,P2P Transfer,P2P,Mumbai,iPhone,PhonePe,0,
TXN05551,2026-03-30 15:46:30,USR00391,USR00294,112.41,Rent,P2P,Pune,Web,GPay,0,
TXN01130,2026-03-30 15:47:52,USR00232,USR00115,81.21,Grocery,P2M,Hyderabad,iPhone,AmazonPay,0,
TXN03472,2026-03-30 16:13:23,USR00104,USR00495,193.18,Rent,P2M,Surat,Web,Paytm,0,
TXN04816,2026-03-30 16:24:52,USR00472,USR00029,5704.2,Food Delivery,P2P,Nagpur,iPhone,AmazonPay,0,
TXN01391,2026-03-30 16:35:17,USR00445,USR00335,2372.52,Grocery,P2M,Pune,Web,Paytm,0,
TXN08063,2026-03-30 16:42:50,USR00246,USR00073,3106.33,Travel,P2P,Kolkata,iPhone,GPay,0,
TXN06098,2026-03-30 17:01:32,USR00366,USR00347,14319.52,Healthcare,P2P,Chennai,Web,BHIM,0,
TXN08528,2026-03-30 17:10:03,USR00277,USR00046,15901.39,P2P Transfer,P2M,Bengaluru,Web,PhonePe,0,
TXN03056,2026-03-30 17:10:49,USR00030,USR00499,1158.14,Food Delivery,P2M,Pune,iPhone,PhonePe,0,
TXN06874,2026-03-30 17:11:12,USR00274,USR00015,13029.74,Utilities,P2P,Mumbai,iPhone,Paytm,0,
TXN05316,2026-03-30 17:11:26,USR00286,USR00015,389.49,Food Delivery,P2P,Chennai,Android_Phone,PhonePe,0,
TXN07165,2026-03-30 17:11:33,USR00465,USR00087,1134.37,Shopping,P2M,Kolkata,iPhone,AmazonPay,0,
TXN05416,2026-03-30 17:12:51,USR00058,USR00271,8810.47,Healthcare,P2M,Hyderabad,iPhone,AmazonPay,0,
TXN09177,2026-03-30 17:25:35,USR00439,USR00304,11294.36,Grocery,P2M,Nagpur,Tablet,GPay,0,
TXN02176,2026-03-30 17:44:53,USR00186,USR00372,5637.54,Fuel,P2P,Jaipur,Tablet,GPay,0,
TXN09579,2026-03-30 17:45:07,USR00364,USR00099,18571.46,P2P Transfer,P2M,Lucknow,Web,Paytm,1,rapid_burst
TXN07237,2026-03-30 17:46:17,USR00290,USR00115,98.18,Shopping,P2M,Ahmedabad,Tablet,GPay,0,
TXN00745,2026-03-30 17:46:27,USR00053,USR00250,14066.75,Utilities,P2P,Mumbai,Web,Paytm,0,
TXN08855,2026-03-30 17:53:39,USR00368,USR00302,1229.09,Shopping,P2M,Lucknow,Android_Phone,AmazonPay,0,
TXN05338,2026-03-30 18:06:24,USR00031,USR00359,1635.18,Shopping,P2M,Hyderabad,iPhone,BHIM,0,
TXN05760,2026-03-30 18:11:19,USR00138,USR00139,19183.61,Food Delivery,P2M,Surat,Android_Phone,BHIM,0,
TXN00797,2026-03-30 18:20:32,USR00269,USR00421,614.23,Fuel,P2M,Mumbai,Android_Phone,BHIM,0,
TXN08831,2026-03-30 18:20:51,USR00434,USR00340,257.31,P2P Transfer,P2M,Surat,Web,PhonePe,0,
TXN05237,2026-03-30 18:21:26,USR00064,USR00397,595.8,Food Delivery,P2M,Lucknow,Tablet,BHIM,0,
TXN09942,2026-03-30 18:37:29,USR00471,USR00033,4873.28,Healthcare,P2M,Delhi,Tablet,PhonePe,1,rapid_burst
TXN06012,2026-03-30 18:38:50,USR00461,USR00198,697.96,Fuel,P2M,Nagpur,Tablet,AmazonPay,0,
TXN07025,2026-03-30 18:41:30,USR00248,USR00283,15593.01,Shopping,P2P,Pune,iPhone,AmazonPay,0,
TXN08621,2026-03-30 18:42:32,USR00359,USR00391,9046.76,Education,P2M,Hyderabad,Android_Phone,BHIM,0,
TXN01380,2026-03-30 18:43:13,USR00388,USR00089,798.38,Entertainment,P2M,Nagpur,Web,BHIM,0,
TXN09005,2026-03-30 18:43:25,USR00220,USR00340,99.02,Utilities,P2M,Delhi,Android_Phone,PhonePe,0,
TXN00379,2026-03-30 18:44:29,USR00096,USR00445,1445.36,Fuel,P2M,Delhi,iPhone,Paytm,0,
TXN02436,2026-03-30 18:48:55,USR00205,USR00359,1267.97,P2P Transfer,P2P,Mumbai,Tablet,GPay,0,
TXN03600,2026-03-30 19:03:05,USR00223,USR00178,354.62,Travel,P2P,Ahmedabad,Web,BHIM,0,
TXN03624,2026-03-30 19:15:19,USR00249,USR00151,13515.47,Fuel,P2P,Nagpur,iPhone,PhonePe,0,
TXN00453,2026-03-30 19:20:54,USR00089,USR00467,4194.31,Education,P2P,Jaipur,Web,BHIM,0,
TXN09997,2026-03-30 19:28:16,USR00185,USR00193,5300.49,P2P Transfer,P2P,Mumbai,Web,BHIM,1,"new_device,new_location"
TXN07438,2026-03-30 19:30:30,USR00078,USR00361,1574.73,Food Delivery,P2M,Mumbai,Tablet,BHIM,0,
TXN06856,2026-03-30 19:33:14,USR00032,USR00446,364.73,Rent,P2M,Chennai,Tablet,PhonePe,0,
TXN02813,2026-03-30 19:40:56,USR00276,USR00303,2739.77,Shopping,P2P,Bengaluru,Web,Paytm,0,
TXN08147,2026-03-30 19:51:47,USR00170,USR00379,6443.97,Shopping,P2P,Bengaluru,Web,AmazonPay,0,
TXN07239,2026-03-30 19:54:45,USR00322,USR00261,344.22,Food Delivery,P2P,Kolkata,iPhone,AmazonPay,0,
TXN01186,2026-03-30 19:55:50,USR00448,USR00355,7886.12,Entertainment,P2P,Jaipur,Web,GPay,0,
TXN02170,2026-03-30 20:05:31,USR00270,USR00065,359.72,Grocery,P2P,Pune,Android_Phone,Paytm,0,
TXN08957,2026-03-30 20:08:59,USR00483,USR00235,15909.92,Fuel,P2M,Nagpur,iPhone,AmazonPay,0,
TXN00937,2026-03-30 20:15:02,USR00117,USR00407,490.37,Food Delivery,P2M,Ahmedabad,Android_Phone,GPay,0,
TXN06612,2026-03-30 20:53:26,USR00018,USR00007,4261.72,Entertainment,P2M,Mumbai,Android_Phone,PhonePe,0,
TXN09728,2026-03-30 21:04:53,USR00437,USR00011,556.97,Travel,P2P,Jaipur,iPhone,Paytm,1,"rapid_burst,new_location"
TXN04300,2026-03-30 21:09:06,USR00154,USR00310,2297.21,Education,P2P,Ahmedabad,Tablet,Paytm,0,
TXN00541,2026-03-30 21:20:33,USR00071,USR00082,128.52,P2P Transfer,P2P,Surat,Web,Paytm,0,
TXN09664,2026-03-30 21:20:57,USR00129,USR00223,8168.33,Food Delivery,P2P,Ahmedabad,Android_Phone,PhonePe,1,new_device
TXN05449,2026-03-30 21:23:04,USR00247,USR00051,2043.66,Shopping,P2M,Lucknow,Tablet,PhonePe,0,
TXN07901,2026-03-30 21:25:08,USR00163,USR00407,1393.99,Grocery,P2P,Lucknow,Tablet,GPay,0,
TXN05579,2026-03-30 21:27:58,USR00079,USR00269,453.89,Travel,P2P,Ahmedabad,Android_Phone,BHIM,0,
TXN07669,2026-03-30 21:41:22,USR00298,USR00444,334.43,Travel,P2P,Ahmedabad,Web,PhonePe,0,
TXN00263,2026-03-30 21:43:25,USR00353,USR00342,334.6,Food Delivery,P2P,Jaipur,Tablet,Paytm,0,
TXN02317,2026-03-30 21:47:10,USR00010,USR00057,7715.28,Grocery,P2P,Surat,Web,BHIM,0,
TXN00140,2026-03-30 21:48:50,USR00040,USR00453,2724.58,Food Delivery,P2P,Ahmedabad,Android_Phone,BHIM,0,
TXN09978,2026-03-30 21:56:39,USR00292,USR00317,3257.04,Grocery,P2M,Jaipur,Android_Phone,PhonePe,1,high_amount
TXN07334,2026-03-30 21:56:58,USR00031,USR00359,993.85,Travel,P2M,Hyderabad,iPhone,BHIM,0,
TXN04820,2026-03-30 22:21:13,USR00497,USR00155,10354.01,Utilities,P2M,Hyderabad,Web,BHIM,0,
TXN07587,2026-03-30 22:27:44,USR00412,USR00276,1332.08,Shopping,P2P,Jaipur,Tablet,GPay,0,
TXN01870,2026-03-30 22:37:31,USR00065,USR00135,484.13,Food Delivery,P2P,Pune,Android_Phone,PhonePe,0,
TXN00529,2026-03-30 22:50:42,USR00334,USR00228,5736.16,Education,P2M,Delhi,Tablet,GPay,0,
TXN01265,2026-03-30 22:51:04,USR00042,USR00304,6076.12,Healthcare,P2M,Surat,Tablet,BHIM,0,
TXN07803,2026-03-31 06:07:15,USR00034,USR00222,1476.9,Education,P2P,Mumbai,Web,Paytm,0,
TXN07687,2026-03-31 06:20:05,USR00451,USR00201,6350.52,Rent,P2P,Jaipur,iPhone,PhonePe,0,
TXN09238,2026-03-31 06:39:37,USR00354,USR00370,4820.12,Rent,P2M,Hyderabad,Tablet,Paytm,0,
TXN06603,2026-03-31 06:44:35,USR00256,USR00364,846.87,Healthcare,P2P,Jaipur,Web,AmazonPay,0,
TXN05933,2026-03-31 06:54:28,USR00094,USR00486,2903.83,Education,P2P,Pune,Web,GPay,0,
TXN08541,2026-03-31 07:14:42,USR00092,USR00019,11361.24,Education,P2M,Bengaluru,Android_Phone,Paytm,0,
TXN09082,2026-03-31 07:22:43,USR00286,USR00220,568.15,Food Delivery,P2M,Chennai,Android_Phone,PhonePe,0,
TXN07093,2026-03-31 07:28:04,USR00115,USR00179,1220.66,Rent,P2P,Jaipur,Android_Phone,PhonePe,0,
TXN06838,2026-03-31 07:28:43,USR00270,USR00047,290.41,Education,P2M,Pune,Android_Phone,Paytm,0,
TXN02709,2026-03-31 07:29:41,USR00171,USR00169,1998.35,Grocery,P2M,Mumbai,iPhone,BHIM,0,
TXN00804,2026-03-31 08:13:33,USR00379,USR00067,320.68,Travel,P2M,Pune,Android_Phone,AmazonPay,0,
TXN00644,2026-03-31 08:27:23,USR00375,USR00308,2509.22,Food Delivery,P2P,Bengaluru,iPhone,PhonePe,0,
TXN01423,2026-03-31 08:33:31,USR00129,USR00425,10749.32,Education,P2M,Ahmedabad,Web,PhonePe,0,
TXN07395,2026-03-31 08:39:35,USR00498,USR00461,15003.25,Food Delivery,P2P,Mumbai,Web,GPay,0,
TXN07132,2026-03-31 08:53:49,USR00297,USR00121,7714.48,Entertainment,P2P,Mumbai,Tablet,GPay,0,
TXN02891,2026-03-31 09:04:11,USR00008,USR00112,3431.73,Education,P2M,Nagpur,Web,PhonePe,0,
TXN08971,2026-03-31 09:18:14,USR00144,USR00467,180.85,Shopping,P2M,Jaipur,Tablet,Paytm,0,
TXN09634,2026-03-31 09:27:26,USR00211,USR00044,60222.76,Fuel,P2M,Hyderabad,Web,PhonePe,1,high_amount
TXN03549,2026-03-31 09:46:33,USR00008,USR00112,6927.21,Utilities,P2P,Nagpur,Web,PhonePe,0,
TXN06640,2026-03-31 09:54:31,USR00189,USR00148,12414.1,Grocery,P2P,Mumbai,iPhone,AmazonPay,0,
TXN03515,2026-03-31 10:14:44,USR00367,USR00430,1021.16,Grocery,P2P,Surat,iPhone,AmazonPay,0,
TXN07617,2026-03-31 10:29:27,USR00329,USR00291,2684.48,Education,P2P,Kolkata,Android_Phone,AmazonPay,0,
TXN03079,2026-03-31 10:30:36,USR00217,USR00393,10265.97,Food Delivery,P2M,Delhi,Web,AmazonPay,0,
TXN08173,2026-03-31 11:05:36,USR00391,USR00206,59.21,Grocery,P2P,Pune,Web,GPay,0,
TXN01374,2026-03-31 11:05:37,USR00003,USR00373,3301.4,Travel,P2P,Lucknow,Web,AmazonPay,0,
TXN03204,2026-03-31 11:13:24,USR00255,USR00064,4553.29,Fuel,P2M,Bengaluru,Web,Paytm,0,
TXN07095,2026-03-31 11:22:55,USR00228,USR00344,763.22,Shopping,P2P,Lucknow,Tablet,Paytm,0,
TXN01415,2026-03-31 11:30:55,USR00015,USR00370,2651.25,Travel,P2P,Hyderabad,iPhone,AmazonPay,0,
TXN06703,2026-03-31 11:41:22,USR00294,USR00284,450.1,Entertainment,P2M,Delhi,Android_Phone,Paytm,0,
TXN00349,2026-03-31 12:00:07,USR00198,USR00117,502.46,Fuel,P2P,Bengaluru,Web,AmazonPay,0,
TXN04531,2026-03-31 12:02:48,USR00340,USR00088,714.09,Healthcare,P2P,Jaipur,Tablet,PhonePe,0,
TXN06976,2026-03-31 12:23:59,USR00072,USR00165,1543.79,Shopping,P2P,Delhi,Tablet,BHIM,0,
TXN00686,2026-03-31 12:27:22,USR00274,USR00458,12703.82,Grocery,P2P,Mumbai,iPhone,Paytm,0,
TXN09969,2026-03-31 12:35:09,USR00095,USR00451,38.45,Healthcare,P2P,Delhi,Tablet,GPay,1,new_receiver
TXN01534,2026-03-31 12:41:09,USR00252,USR00158,3247.67,Grocery,P2M,Hyderabad,iPhone,AmazonPay,0,
TXN09298,2026-03-31 13:09:54,USR00102,USR00204,1406.32,Entertainment,P2P,Chennai,Tablet,BHIM,0,
TXN04420,2026-03-31 13:52:32,USR00153,USR00413,3161.61,Food Delivery,P2P,Surat,Web,BHIM,0,
TXN08997,2026-03-31 13:53:53,USR00403,USR00287,489.55,Shopping,P2P,Ahmedabad,Web,GPay,0,
TXN06519,2026-03-31 13:56:14,USR00154,USR00104,2891.6,Healthcare,P2M,Ahmedabad,Tablet,Paytm,0,
TXN09908,2026-03-31 13:59:05,USR00446,USR00350,6491.33,Shopping,P2P,Pune,Android_Phone,GPay,1,rapid_burst
TXN02656,2026-03-31 13:59:34,USR00321,USR00242,183.68,P2P Transfer,P2P,Jaipur,Android_Phone,GPay,0,
TXN01643,2026-03-31 14:52:10,USR00222,USR00053,161.61,Travel,P2M,Chennai,iPhone,Paytm,0,
TXN02114,2026-03-31 15:00:43,USR00295,USR00075,364.58,Rent,P2P,Kolkata,Android_Phone,AmazonPay,0,
TXN05419,2026-03-31 15:09:22,USR00498,USR00461,17830.07,Healthcare,P2M,Mumbai,Web,GPay,0,
TXN00267,2026-03-31 15:28:31,USR00085,USR00153,545.22,Grocery,P2M,Delhi,iPhone,BHIM,0,
TXN01422,2026-03-31 15:36:24,USR00237,USR00335,220.36,Rent,P2P,Bengaluru,Android_Phone,PhonePe,0,
TXN01974,2026-03-31 15:37:46,USR00220,USR00340,78.76,Travel,P2P,Delhi,Android_Phone,PhonePe,0,
TXN00518,2026-03-31 15:47:03,USR00434,USR00340,193.54,Education,P2M,Surat,Web,PhonePe,0,
TXN05134,2026-03-31 15:48:38,USR00458,USR00098,2266.35,Utilities,P2P,Bengaluru,Web,PhonePe,0,
TXN02372,2026-03-31 15:53:55,USR00052,USR00435,16145.62,Grocery,P2P,Nagpur,Android_Phone,GPay,0,
TXN00217,2026-03-31 15:54:10,USR00101,USR00271,71.79,Healthcare,P2M,Kolkata,Web,GPay,0,
TXN05388,2026-03-31 15:56:54,USR00069,USR00492,3410.01,Grocery,P2M,Lucknow,Web,AmazonPay,0,
TXN05680,2026-03-31 16:00:28,USR00331,USR00358,448.96,Education,P2P,Jaipur,Web,PhonePe,0,
TXN05195,2026-03-31 16:01:03,USR00464,USR00058,1553.67,Rent,P2P,Nagpur,iPhone,BHIM,0,
TXN03189,2026-03-31 16:01:39,USR00378,USR00298,456.23,P2P Transfer,P2P,Pune,iPhone,PhonePe,0,
TXN05054,2026-03-31 16:04:34,USR00091,USR00345,92.1,Utilities,P2M,Surat,Tablet,GPay,0,
TXN08013,2026-03-31 16:22:40,USR00491,USR00243,108.85,Rent,P2P,Ahmedabad,Web,BHIM,0,
TXN04838,2026-03-31 16:30:31,USR00092,USR00019,9931.18,Education,P2M,Bengaluru,Android_Phone,Paytm,0,
TXN05092,2026-03-31 16:30:57,USR00110,USR00023,196.39,Utilities,P2M,Jaipur,Tablet,GPay,0,
TXN09419,2026-03-31 16:47:42,USR00091,USR00049,96.01,Entertainment,P2M,Surat,Tablet,GPay,1,new_receiver
TXN01579,2026-03-31 17:04:47,USR00396,USR00117,5556.99,Rent,P2M,Hyderabad,iPhone,PhonePe,0,
TXN00989,2026-03-31 17:05:36,USR00238,USR00323,777.0,Food Delivery,P2P,Ahmedabad,Tablet,BHIM,0,
TXN08979,2026-03-31 17:08:57,USR00306,USR00261,2106.56,Shopping,P2P,Lucknow,Tablet,Paytm,0,
TXN06853,2026-03-31 17:12:39,USR00183,USR00381,9514.92,Food Delivery,P2M,Hyderabad,Tablet,AmazonPay,0,
TXN03663,2026-03-31 17:13:11,USR00468,USR00125,5860.61,Rent,P2M,Delhi,Tablet,AmazonPay,0,
TXN02048,2026-03-31 17:18:14,USR00287,USR00121,2980.9,P2P Transfer,P2M,Surat,Web,BHIM,0,
TXN00812,2026-03-31 17:34:12,USR00087,USR00325,109.45,Education,P2M,Pune,Web,Paytm,0,
TXN02756,2026-03-31 17:48:27,USR00181,USR00424,1358.9,Travel,P2P,Delhi,Web,PhonePe,0,
TXN03304,2026-03-31 17:51:36,USR00071,USR00082,209.88,Fuel,P2P,Surat,Web,Paytm,0,
TXN09076,2026-03-31 18:00:35,USR00147,USR00239,127.49,Rent,P2P,Mumbai,Tablet,AmazonPay,0,
TXN09869,2026-03-31 18:01:48,USR00371,USR00135,304.33,Healthcare,P2P,Delhi,iPhone,PhonePe,1,"new_device,new_location"
TXN09070,2026-03-31 18:07:50,USR00128,USR00052,208.68,Fuel,P2M,Surat,Android_Phone,AmazonPay,0,
TXN01485,2026-03-31 18:35:03,USR00047,USR00273,1974.28,Food Delivery,P2M,Ahmedabad,iPhone,BHIM,0,
TXN08811,2026-03-31 18:39:02,USR00442,USR00067,1587.55,Education,P2P,Pune,Android_Phone,Paytm,0,
TXN01205,2026-03-31 18:41:35,USR00465,USR00393,962.56,Travel,P2P,Kolkata,iPhone,AmazonPay,0,
TXN02566,2026-03-31 18:47:56,USR00125,USR00425,64.64,Food Delivery,P2M,Bengaluru,iPhone,AmazonPay,0,
TXN00743,2026-03-31 19:29:31,USR00201,USR00258,277.34,Food Delivery,P2M,Delhi,iPhone,BHIM,0,
TXN00998,2026-03-31 19:32:35,USR00106,USR00139,1222.98,Food Delivery,P2P,Lucknow,Android_Phone,Paytm,0,
TXN09435,2026-03-31 19:50:16,USR00001,USR00129,4577.42,Fuel,P2P,Pune,iPhone,AmazonPay,1,new_receiver
TXN00504,2026-03-31 20:05:06,USR00087,USR00325,50.39,Grocery,P2P,Pune,Web,Paytm,0,
TXN07318,2026-03-31 20:30:24,USR00085,USR00483,499.58,Education,P2M,Delhi,iPhone,BHIM,0,
TXN05888,2026-03-31 20:49:09,USR00270,USR00463,317.0,Healthcare,P2M,Pune,Android_Phone,Paytm,0,
TXN02330,2026-03-31 21:01:25,USR00166,USR00166,210.12,Education,P2M,Jaipur,iPhone,BHIM,0,
TXN09019,2026-03-31 21:10:10,USR00408,USR00094,555.92,Grocery,P2M,Kolkata,Tablet,PhonePe,0,
TXN08868,2026-03-31 21:44:25,USR00129,USR00075,8367.47,Education,P2M,Ahmedabad,Web,PhonePe,0,
TXN01988,2026-03-31 21:50:40,USR00439,USR00153,8436.24,Food Delivery,P2P,Nagpur,Tablet,GPay,0,
TXN09258,2026-03-31 21:56:11,USR00001,USR00332,3297.62,Healthcare,P2P,Pune,iPhone,AmazonPay,0,
TXN04346,2026-03-31 22:20:22,USR00372,USR00165,1441.24,Travel,P2P,Mumbai,Tablet,GPay,0,
TXN10127,2026-03-31 22:23:00,USR00247,USR00051,7727.55,Utilities,P2M,Lucknow,Tablet,PhonePe,1,rapid_burst
TXN10128,2026-03-31 22:26:00,USR00247,USR00440,7729.21,Utilities,P2M,Lucknow,Tablet,PhonePe,1,rapid_burst
TXN10129,2026-03-31 22:29:00,USR00247,USR00051,6403.69,Shopping,P2P,Lucknow,Tablet,PhonePe,1,rapid_burst
TXN09149,2026-03-31 22:29:14,USR00020,USR00160,390.55,Education,P2P,Lucknow,Android_Phone,BHIM,0,
TXN04920,2026-03-31 22:29:27,USR00122,USR00304,463.01,Food Delivery,P2M,Hyderabad,Web,Paytm,0,
TXN08410,2026-03-31 22:30:34,USR00016,USR00216,116.35,Food Delivery,P2P,Surat,Android_Phone,GPay,0,
